window,column,kind,psi,value_bins,missing_share_reference,missing_share,unseen_share_reference,unseen_share,horizon,tier,band
0,TransactionAmt,numeric,0.022420854348868705,10,0.0,0.0,,,labelled,tier_1,stable
1,TransactionAmt,numeric,0.012115249315751206,10,0.0,0.0,,,labelled,tier_1,stable
2,TransactionAmt,numeric,0.018868810618036875,10,0.0,0.0,,,labelled,tier_1,stable
3,TransactionAmt,numeric,0.017964639742050485,10,0.0,0.0,,,labelled,tier_1,stable
4,TransactionAmt,numeric,0.015969558022861676,10,0.0,0.0,,,labelled,tier_1,stable
5,TransactionAmt,numeric,0.017602171281562377,10,0.0,0.0,,,labelled,tier_1,stable
6,TransactionAmt,numeric,0.02491669020546173,10,0.0,0.0,,,labelled,tier_1,stable
7,TransactionAmt,numeric,0.017204645751019057,10,0.0,0.0,,,labelled,tier_1,stable
8,TransactionAmt,numeric,0.013294780082364161,10,0.0,0.0,,,labelled,tier_1,stable
9,TransactionAmt,numeric,0.01023380645355384,10,0.0,0.0,,,labelled,tier_1,stable
10,TransactionAmt,numeric,0.04114825741515255,10,0.0,0.0,,,labelled,tier_1,stable
11,TransactionAmt,numeric,0.014582249817403789,10,0.0,0.0,,,labelled,tier_1,stable
12,TransactionAmt,numeric,0.032079924581016425,10,0.0,0.0,,,labelled,tier_1,stable
0,ProductCD,categorical,0.14979434822083346,5,0.0,0.0,0.0,0.0,labelled,tier_1,moderate
1,ProductCD,categorical,0.12784941567099506,5,0.0,0.0,0.0,0.0,labelled,tier_1,moderate
2,ProductCD,categorical,0.1139805524792703,5,0.0,0.0,0.0,0.0,labelled,tier_1,moderate
3,ProductCD,categorical,0.11777332727206463,5,0.0,0.0,0.0,0.0,labelled,tier_1,moderate
4,ProductCD,categorical,0.12728496575771192,5,0.0,0.0,0.0,0.0,labelled,tier_1,moderate
5,ProductCD,categorical,0.1058375412266904,5,0.0,0.0,0.0,0.0,labelled,tier_1,moderate
6,ProductCD,categorical,0.14873379243084456,5,0.0,0.0,0.0,0.0,labelled,tier_1,moderate
7,ProductCD,categorical,0.0970148900050066,5,0.0,0.0,0.0,0.0,labelled,tier_1,stable
8,ProductCD,categorical,0.04508709569819893,5,0.0,0.0,0.0,0.0,labelled,tier_1,stable
9,ProductCD,categorical,0.11358079891017157,5,0.0,0.0,0.0,0.0,labelled,tier_1,moderate
10,ProductCD,categorical,0.20255885301383636,5,0.0,0.0,0.0,0.0,labelled,tier_1,moderate
11,ProductCD,categorical,0.12016877565764751,5,0.0,0.0,0.0,0.0,labelled,tier_1,moderate
12,ProductCD,categorical,0.10585486601706441,5,0.0,0.0,0.0,0.0,labelled,tier_1,moderate
0,card1,numeric,0.01653706444283016,10,0.0,0.0,,,labelled,tier_1,stable
1,card1,numeric,0.001837238610513971,10,0.0,0.0,,,labelled,tier_1,stable
2,card1,numeric,0.0010252215747021739,10,0.0,0.0,,,labelled,tier_1,stable
3,card1,numeric,0.0020984870511787427,10,0.0,0.0,,,labelled,tier_1,stable
4,card1,numeric,0.003989745874700419,10,0.0,0.0,,,labelled,tier_1,stable
5,card1,numeric,0.003112084473815571,10,0.0,0.0,,,labelled,tier_1,stable
6,card1,numeric,0.02032926767424753,10,0.0,0.0,,,labelled,tier_1,stable
7,card1,numeric,0.003099440380177919,10,0.0,0.0,,,labelled,tier_1,stable
8,card1,numeric,0.011809239079597982,10,0.0,0.0,,,labelled,tier_1,stable
9,card1,numeric,0.0025139907413253924,10,0.0,0.0,,,labelled,tier_1,stable
10,card1,numeric,0.031824727273501184,10,0.0,0.0,,,labelled,tier_1,stable
11,card1,numeric,0.008542180841574527,10,0.0,0.0,,,labelled,tier_1,stable
12,card1,numeric,0.006763764357629247,10,0.0,0.0,,,labelled,tier_1,stable
0,card2,numeric,0.028395870439108115,10,0.018080126105081237,0.008080564433455948,,,labelled,tier_1,stable
1,card2,numeric,0.016739673762764598,10,0.018080126105081237,0.00811503416856492,,,labelled,tier_1,stable
2,card2,numeric,0.010073441066420278,10,0.018080126105081237,0.009686651500697146,,,labelled,tier_1,stable
3,card2,numeric,0.015598383185568415,10,0.018080126105081237,0.00855671664394972,,,labelled,tier_1,stable
4,card2,numeric,0.014020589345137157,10,0.018080126105081237,0.011136204345455961,,,labelled,tier_1,stable
5,card2,numeric,0.016977332668850046,10,0.018080126105081237,0.009196442032262928,,,labelled,tier_1,stable
6,card2,numeric,0.0338059978600966,10,0.018080126105081237,0.009050298775889075,,,labelled,tier_1,stable
7,card2,numeric,0.0653456847738652,10,0.018080126105081237,0.06277104005880191,,,labelled,tier_1,stable
8,card2,numeric,0.014288845870529022,10,0.018080126105081237,0.009137597545521244,,,labelled,tier_1,stable
9,card2,numeric,0.008574528193076376,10,0.018080126105081237,0.010759362714669977,,,labelled,tier_1,stable
10,card2,numeric,0.046814040856206135,10,0.018080126105081237,0.00976222020779583,,,labelled,tier_1,stable
11,card2,numeric,0.010246692049000467,10,0.018080126105081237,0.011012317481034341,,,labelled,tier_1,stable
12,card2,numeric,0.013618279396235097,10,0.018080126105081237,0.012561441835062807,,,labelled,tier_1,stable
0,card3,numeric,0.02203689284168436,3,0.0025892057342360737,0.0,,,labelled,tier_1,stable
1,card3,numeric,0.007500359869638484,3,0.0025892057342360737,0.00014236902050113895,,,labelled,tier_1,stable
2,card3,numeric,0.022016019277407758,3,0.0025892057342360737,0.0,,,labelled,tier_1,stable
3,card3,numeric,0.023018700041427823,3,0.0025892057342360737,0.0,,,labelled,tier_1,stable
4,card3,numeric,0.028327197214760853,3,0.0025892057342360737,0.0,,,labelled,tier_1,stable
5,card3,numeric,0.02609863597912843,3,0.0025892057342360737,0.0,,,labelled,tier_1,stable
6,card3,numeric,0.028403780131792955,3,0.0025892057342360737,0.0,,,labelled,tier_1,stable
7,card3,numeric,0.16462724890823444,3,0.0025892057342360737,0.05446527012127894,,,labelled,tier_1,moderate
8,card3,numeric,0.021698438449218427,3,0.0025892057342360737,0.0,,,labelled,tier_1,stable
9,card3,numeric,0.02047072098618322,3,0.0025892057342360737,0.0,,,labelled,tier_1,stable
10,card3,numeric,0.01483395206979518,3,0.0025892057342360737,6.973014434139879e-05,,,labelled,tier_1,stable
11,card3,numeric,0.02229801400243781,3,0.0025892057342360737,0.0,,,labelled,tier_1,stable
12,card3,numeric,0.03436346058398661,3,0.0025892057342360737,0.0,,,labelled,tier_1,stable
0,card4,categorical,0.041558007393718094,5,0.0026113627515217124,0.0,0.0,0.0,labelled,tier_1,stable
1,card4,categorical,0.01930738648192868,5,0.0026113627515217124,0.0002847380410022779,0.0,0.0,labelled,tier_1,stable
2,card4,categorical,0.029203081794680504,5,0.0026113627515217124,0.0,0.0,0.0,labelled,tier_1,stable
3,card4,categorical,0.029730672439820423,5,0.0026113627515217124,0.0,0.0,0.0,labelled,tier_1,stable
4,card4,categorical,0.02967702381067867,5,0.0026113627515217124,0.0,0.0,0.0,labelled,tier_1,stable
5,card4,categorical,0.0244809638185779,5,0.0026113627515217124,0.0,0.0,0.0,labelled,tier_1,stable
6,card4,categorical,0.03542852730271282,5,0.0026113627515217124,0.0,0.0,0.0,labelled,tier_1,stable
7,card4,categorical,0.1665893623451244,5,0.0026113627515217124,0.05446527012127894,0.0,0.0,labelled,tier_1,moderate
8,card4,categorical,0.01230329033205642,5,0.0026113627515217124,0.00013339558460614953,0.0,0.0,labelled,tier_1,stable
9,card4,categorical,0.02968996924292585,5,0.0026113627515217124,0.0,0.0,0.0,labelled,tier_1,stable
10,card4,categorical,0.023198447335111748,5,0.0026113627515217124,6.973014434139879e-05,0.0,0.0,labelled,tier_1,stable
11,card4,categorical,0.03698618462607641,5,0.0026113627515217124,0.0,0.0,0.0,labelled,tier_1,stable
12,card4,categorical,0.025209476521796535,5,0.0026113627515217124,0.0,0.0,0.0,labelled,tier_1,stable
0,card5,numeric,0.016699222993832103,6,0.007891063441871064,0.0031357414219381295,,,labelled,tier_1,stable
1,card5,numeric,0.023925480308113596,6,0.007891063441871064,0.0026338268792710706,,,labelled,tier_1,stable
2,card5,numeric,0.01614806260056651,6,0.007891063441871064,0.0030087326630953252,,,labelled,tier_1,stable
3,card5,numeric,0.014391269227789081,6,0.007891063441871064,0.003786157807057398,,,labelled,tier_1,stable
4,card5,numeric,0.019539508047609188,6,0.007891063441871064,0.004283155517483062,,,labelled,tier_1,stable
5,card5,numeric,0.024460821141667977,6,0.007891063441871064,0.0027890848786371173,,,labelled,tier_1,stable
6,card5,numeric,0.02782364250853609,6,0.007891063441871064,0.002842722051401056,,,labelled,tier_1,stable
7,card5,numeric,0.10829248118884606,6,0.007891063441871064,0.0569643513414186,,,labelled,tier_1,moderate
8,card5,numeric,0.0226412224322824,6,0.007891063441871064,0.003201494030547589,,,labelled,tier_1,stable
9,card5,numeric,0.01881523816482407,6,0.007891063441871064,0.002620870404855507,,,labelled,tier_1,stable
10,card5,numeric,0.0639183209906644,6,0.007891063441871064,0.004323268949166725,,,labelled,tier_1,stable
11,card5,numeric,0.016411423056682757,6,0.007891063441871064,0.002936617994942491,,,labelled,tier_1,stable
12,card5,numeric,0.035834563579441044,6,0.007891063441871064,0.0014563990533406153,,,labelled,tier_1,stable
0,card6,categorical,0.06754601127235439,4,0.0026018668869707243,0.0,9.495864550988045e-05,6.0302719652656335e-05,labelled,tier_1,stable
1,card6,categorical,0.036281352839466714,4,0.0026018668869707243,0.00014236902050113895,9.495864550988045e-05,0.0,labelled,tier_1,stable
2,card6,categorical,0.040711939343558656,4,0.0026018668869707243,0.0,9.495864550988045e-05,0.0,labelled,tier_1,stable
3,card6,categorical,0.03837713151809408,4,0.0026018668869707243,0.0,9.495864550988045e-05,0.0,labelled,tier_1,stable
4,card6,categorical,0.03828242448313421,4,0.0026018668869707243,0.0,9.495864550988045e-05,0.0,labelled,tier_1,stable
5,card6,categorical,0.043265857371352884,4,0.0026018668869707243,0.0,9.495864550988045e-05,0.0,labelled,tier_1,stable
6,card6,categorical,0.07303828108807023,4,0.0026018668869707243,0.0,9.495864550988045e-05,0.0,labelled,tier_1,stable
7,card6,categorical,0.1775950530112216,4,0.0026018668869707243,0.05446527012127894,9.495864550988045e-05,0.0,labelled,tier_1,moderate
8,card6,categorical,0.010880846598466571,4,0.0026018668869707243,6.669779230307477e-05,9.495864550988045e-05,0.0,labelled,tier_1,stable
9,card6,categorical,0.037694185565320545,4,0.0026018668869707243,0.0,9.495864550988045e-05,0.0,labelled,tier_1,stable
10,card6,categorical,0.00977175742238557,4,0.0026018668869707243,6.973014434139879e-05,9.495864550988045e-05,0.0,labelled,tier_1,stable
11,card6,categorical,0.03649449381411757,4,0.0026018668869707243,0.0,9.495864550988045e-05,0.0,labelled,tier_1,stable
12,card6,categorical,0.030768353958023,4,0.0026018668869707243,0.0,9.495864550988045e-05,0.0,labelled,tier_1,stable
0,addr1,numeric,0.0033273747220357716,10,0.11149094569315063,0.10070554181993607,,,labelled,tier_1,stable
1,addr1,numeric,0.0010350950916619053,10,0.11149094569315063,0.11069191343963554,,,labelled,tier_1,stable
2,addr1,numeric,0.003260097312527156,10,0.11149094569315063,0.10574594554927717,,,labelled,tier_1,stable
3,addr1,numeric,0.0013950795091120809,10,0.11149094569315063,0.10570952597304256,,,labelled,tier_1,stable
4,addr1,numeric,0.007004687411587945,10,0.11149094569315063,0.0888560080990577,,,labelled,tier_1,stable
5,addr1,numeric,0.006426458210547976,10,0.11149094569315063,0.0913613749434645,,,labelled,tier_1,stable
6,addr1,numeric,0.007502817161572563,10,0.11149094569315063,0.08690607414283227,,,labelled,tier_1,stable
7,addr1,numeric,0.0025216317314054795,10,0.11149094569315063,0.099595736861448,,,labelled,tier_1,stable
8,addr1,numeric,0.009092867618256256,10,0.11149094569315063,0.1287267391449343,,,labelled,tier_1,stable
9,addr1,numeric,0.0035308120989083662,10,0.11149094569315063,0.12276708738533693,,,labelled,tier_1,stable
10,addr1,numeric,0.03675854937915534,10,0.11149094569315063,0.09483299630430235,,,labelled,tier_1,stable
11,addr1,numeric,0.0046956376556269355,10,0.11149094569315063,0.10392364793213149,,,labelled,tier_1,stable
12,addr1,numeric,0.013695502403349488,10,0.11149094569315063,0.08246859639541235,,,labelled,tier_1,stable
0,addr2,numeric,0.0014745172484959016,2,0.11149094569315063,0.10070554181993607,,,labelled,tier_1,stable
1,addr2,numeric,0.000735118941861499,2,0.11149094569315063,0.11069191343963554,,,labelled,tier_1,stable
2,addr2,numeric,0.0006763400214556685,2,0.11149094569315063,0.10574594554927717,,,labelled,tier_1,stable
3,addr2,numeric,0.001163531210571385,2,0.11149094569315063,0.10570952597304256,,,labelled,tier_1,stable
4,addr2,numeric,0.005736778552842165,2,0.11149094569315063,0.0888560080990577,,,labelled,tier_1,stable
5,addr2,numeric,0.007604840304041505,2,0.11149094569315063,0.0913613749434645,,,labelled,tier_1,stable
6,addr2,numeric,0.008062192296764012,2,0.11149094569315063,0.08690607414283227,,,labelled,tier_1,stable
7,addr2,numeric,0.002576015912113012,2,0.11149094569315063,0.099595736861448,,,labelled,tier_1,stable
8,addr2,numeric,0.004219318872309658,2,0.11149094569315063,0.1287267391449343,,,labelled,tier_1,stable
9,addr2,numeric,0.002891921911913244,2,0.11149094569315063,0.12276708738533693,,,labelled,tier_1,stable
10,addr2,numeric,0.0030899903353190966,2,0.11149094569315063,0.09483299630430235,,,labelled,tier_1,stable
11,addr2,numeric,0.0006560514130785126,2,0.11149094569315063,0.10392364793213149,,,labelled,tier_1,stable
12,addr2,numeric,0.0113587629901927,2,0.11149094569315063,0.08246859639541235,,,labelled,tier_1,stable
0,dist1,numeric,0.03604690076796302,10,0.6189182944161151,0.5348851233190617,,,labelled,tier_1,stable
1,dist1,numeric,0.07414692238090582,10,0.6189182944161151,0.490746013667426,,,labelled,tier_1,stable
2,dist1,numeric,0.027705915193787862,10,0.6189182944161151,0.5424524840390401,,,labelled,tier_1,stable
3,dist1,numeric,0.02295445138152669,10,0.6189182944161151,0.557322429198849,,,labelled,tier_1,stable
4,dist1,numeric,0.03626005521326116,10,0.6189182944161151,0.5315785374970796,,,labelled,tier_1,stable
5,dist1,numeric,0.0143301372216389,10,0.6189182944161151,0.573270013568521,,,labelled,tier_1,stable
6,dist1,numeric,0.04132755020642011,10,0.6189182944161151,0.5273539479027674,,,labelled,tier_1,stable
7,dist1,numeric,0.035830601392142544,10,0.6189182944161151,0.5323042998897464,,,labelled,tier_1,stable
8,dist1,numeric,0.0064777567245918625,10,0.6189182944161151,0.5967451477356099,,,labelled,tier_1,stable
9,dist1,numeric,0.01930306193412585,10,0.6189182944161151,0.5592799503414029,,,labelled,tier_1,stable
10,dist1,numeric,0.017292956253028013,10,0.6189182944161151,0.5620249633916742,,,labelled,tier_1,stable
11,dist1,numeric,0.02933032633182876,10,0.6189182944161151,0.5372379476303124,,,labelled,tier_1,stable
12,dist1,numeric,0.03628485861901058,10,0.6189182944161151,0.527944656835973,,,labelled,tier_1,stable
0,dist2,numeric,0.05158531555474369,9,0.9193168041984382,0.9667732014713863,,,labelled,tier_1,stable
1,dist2,numeric,0.01111342955050875,9,0.9193168041984382,0.9338695899772209,,,labelled,tier_1,stable
2,dist2,numeric,0.014579085014042738,9,0.9193168041984382,0.9423937770602481,,,labelled,tier_1,stable
3,dist2,numeric,0.028242396047828886,9,0.9193168041984382,0.9541874905346055,,,labelled,tier_1,stable
4,dist2,numeric,0.03479576177368056,9,0.9193168041984382,0.9581029514835293,,,labelled,tier_1,stable
5,dist2,numeric,0.03955759732327726,9,0.9193168041984382,0.96027438564752,,,labelled,tier_1,stable
6,dist2,numeric,0.04370200806289834,9,0.9193168041984382,0.962232407031386,,,labelled,tier_1,stable
7,dist2,numeric,0.033344101477347204,9,0.9193168041984382,0.9568540977581771,,,labelled,tier_1,stable
8,dist2,numeric,0.0063581517027886955,9,0.9193168041984382,0.9309677849663176,,,labelled,tier_1,stable
9,dist2,numeric,0.019993113925690878,9,0.9193168041984382,0.9490999379267536,,,labelled,tier_1,stable
10,dist2,numeric,0.032816667188011954,9,0.9193168041984382,0.955930548776236,,,labelled,tier_1,stable
11,dist2,numeric,0.02665746675284554,9,0.9193168041984382,0.949669630475569,,,labelled,tier_1,stable
12,dist2,numeric,0.03470053119233917,9,0.9193168041984382,0.957400327689787,,,labelled,tier_1,stable
0,P_emaildomain,categorical,0.01662935985439801,52,0.15825807860676674,0.15172164264608334,0.0008419666568542733,0.0018693843092323463,labelled,tier_1,stable
1,P_emaildomain,categorical,0.01613760524009683,52,0.15825807860676674,0.16244305239179954,0.0008419666568542733,0.0010677676537585422,labelled,tier_1,stable
2,P_emaildomain,categorical,0.012659883757957945,52,0.15825807860676674,0.15740808688632862,0.0008419666568542733,0.0008072209583914288,labelled,tier_1,stable
3,P_emaildomain,categorical,0.011145434753911828,52,0.15825807860676674,0.16038164470695138,0.0008419666568542733,0.0009086778736937755,labelled,tier_1,stable
4,P_emaildomain,categorical,0.01053824588850531,52,0.15825807860676674,0.16112452301222646,0.0008419666568542733,0.0009345066583599408,labelled,tier_1,stable
5,P_emaildomain,categorical,0.013756143199881362,52,0.15825807860676674,0.16312377506407358,0.0008419666568542733,0.0014322327755163576,labelled,tier_1,stable
6,P_emaildomain,categorical,0.024091969674599333,52,0.15825807860676674,0.18936009746475604,0.0008419666568542733,0.0005801473574287869,labelled,tier_1,stable
7,P_emaildomain,categorical,0.01974728750377439,52,0.15825807860676674,0.1790518191841235,0.0008419666568542733,0.0016905549430356486,labelled,tier_1,stable
8,P_emaildomain,categorical,0.008689833021256926,52,0.15825807860676674,0.16721136530380845,0.0008419666568542733,0.0010004668845461214,labelled,tier_1,stable
9,P_emaildomain,categorical,0.010861938322494238,52,0.15825807860676674,0.16511483550589695,0.0008419666568542733,0.0009655838333678184,labelled,tier_1,stable
10,P_emaildomain,categorical,0.046689659577026296,52,0.15825807860676674,0.2298305557492504,0.0008419666568542733,0.000976222020779583,labelled,tier_1,stable
11,P_emaildomain,categorical,0.010680081738140036,52,0.15825807860676674,0.16086140794518314,0.0008419666568542733,0.0007341544987356228,labelled,tier_1,stable
12,P_emaildomain,categorical,0.03167366298329435,52,0.15825807860676674,0.15091935190242126,0.0008419666568542733,0.0001820498816675769,labelled,tier_1,stable
0,R_emaildomain,categorical,0.08637837903512921,33,0.728361298654436,0.8313935958511729,0.0024309413250529393,0.002834227823674848,labelled,tier_1,stable
1,R_emaildomain,categorical,0.06788718312603272,33,0.728361298654436,0.8188354214123007,0.0024309413250529393,0.001494874715261959,labelled,tier_1,stable
2,R_emaildomain,categorical,0.06655575301161609,33,0.728361298654436,0.8159536214867542,0.0024309413250529393,0.0011741395758420783,labelled,tier_1,stable
3,R_emaildomain,categorical,0.05853022915594049,33,0.728361298654436,0.8147811600787521,0.0024309413250529393,0.0016659094351052551,labelled,tier_1,stable
4,R_emaildomain,categorical,0.07833792596835683,33,0.728361298654436,0.8313215481660307,0.0024309413250529393,0.0010902577680865977,labelled,tier_1,stable
5,R_emaildomain,categorical,0.06480923336915081,33,0.728361298654436,0.8202170963364993,0.0024309413250529393,0.002336800844263531,labelled,tier_1,stable
6,R_emaildomain,categorical,0.0862678902299317,33,0.728361298654436,0.8386030051633114,0.0024309413250529393,0.0011022799791146952,labelled,tier_1,stable
7,R_emaildomain,categorical,0.053308229843515104,33,0.728361298654436,0.8124954061006983,0.0024309413250529393,0.0022785740536567438,labelled,tier_1,stable
8,R_emaildomain,categorical,0.028377938029783435,33,0.728361298654436,0.7140665643967185,0.0024309413250529393,0.002467818315213766,labelled,tier_1,stable
9,R_emaildomain,categorical,0.04551493963794536,33,0.728361298654436,0.7939857921235948,0.0024309413250529393,0.002069108214359611,labelled,tier_1,stable
10,R_emaildomain,categorical,0.11987357862660863,33,0.728361298654436,0.7624293982288544,0.0024309413250529393,0.0013946028868279756,labelled,tier_1,moderate
11,R_emaildomain,categorical,0.0669426041391958,33,0.728361298654436,0.8176033934252386,0.0024309413250529393,0.0015498817195529816,labelled,tier_1,stable
12,R_emaildomain,categorical,0.07957921869607898,33,0.728361298654436,0.8259603131257964,0.0024309413250529393,0.0012743491716730383,labelled,tier_1,stable
0,C1,numeric,0.020206290022651407,5,0.0,0.0,,,labelled,tier_0,stable
1,C1,numeric,0.010983465836747103,5,0.0,0.0,,,labelled,tier_0,stable
2,C1,numeric,0.008417260999197465,5,0.0,0.0,,,labelled,tier_0,stable
3,C1,numeric,0.019254337296839855,5,0.0,0.0,,,labelled,tier_0,stable
4,C1,numeric,0.01067738527404288,5,0.0,0.0,,,labelled,tier_0,stable
5,C1,numeric,0.007457845851369193,5,0.0,0.0,,,labelled,tier_0,stable
6,C1,numeric,0.019416172210027068,5,0.0,0.0,,,labelled,tier_0,stable
7,C1,numeric,0.012694714153974529,5,0.0,0.0,,,labelled,tier_0,stable
8,C1,numeric,0.016175559486276768,5,0.0,0.0,,,labelled,tier_0,stable
9,C1,numeric,0.008810297955856163,5,0.0,0.0,,,labelled,tier_0,stable
10,C1,numeric,0.05855012948309042,5,0.0,0.0,,,labelled,tier_0,stable
11,C1,numeric,0.0141617136776995,5,0.0,0.0,,,labelled,tier_0,stable
12,C1,numeric,0.011397960160995212,5,0.0,0.0,,,labelled,tier_0,stable
0,C2,numeric,0.024145956304568013,5,0.0,0.0,,,labelled,tier_0,stable
1,C2,numeric,0.025435156640315332,5,0.0,0.0,,,labelled,tier_0,stable
2,C2,numeric,0.019283043277056492,5,0.0,0.0,,,labelled,tier_0,stable
3,C2,numeric,0.03016709891744175,5,0.0,0.0,,,labelled,tier_0,stable
4,C2,numeric,0.018951722461760447,5,0.0,0.0,,,labelled,tier_0,stable
5,C2,numeric,0.013851747205602775,5,0.0,0.0,,,labelled,tier_0,stable
6,C2,numeric,0.025164777073180426,5,0.0,0.0,,,labelled,tier_0,stable
7,C2,numeric,0.019198866043278664,5,0.0,0.0,,,labelled,tier_0,stable
8,C2,numeric,0.020153019853032802,5,0.0,0.0,,,labelled,tier_0,stable
9,C2,numeric,0.011962565144275095,5,0.0,0.0,,,labelled,tier_0,stable
10,C2,numeric,0.0625497693518491,5,0.0,0.0,,,labelled,tier_0,stable
11,C2,numeric,0.01883202285516697,5,0.0,0.0,,,labelled,tier_0,stable
12,C2,numeric,0.01616519703257728,5,0.0,0.0,,,labelled,tier_0,stable
0,C3,numeric,0.0011600367035146475,2,0.0,0.0,,,labelled,tier_0,stable
1,C3,numeric,0.0018138580346130345,2,0.0,0.0,,,labelled,tier_0,stable
2,C3,numeric,0.0019504268529683293,2,0.0,0.0,,,labelled,tier_0,stable
3,C3,numeric,0.002783481901633031,2,0.0,0.0,,,labelled,tier_0,stable
4,C3,numeric,0.0022974886379742727,2,0.0,0.0,,,labelled,tier_0,stable
5,C3,numeric,0.0021240024676779947,2,0.0,0.0,,,labelled,tier_0,stable
6,C3,numeric,0.0009345195453241842,2,0.0,0.0,,,labelled,tier_0,stable
7,C3,numeric,0.0005293478183725742,2,0.0,0.0,,,labelled,tier_0,stable
8,C3,numeric,0.0025239446785807955,2,0.0,0.0,,,labelled,tier_0,stable
9,C3,numeric,0.000371870394099041,2,0.0,0.0,,,labelled,tier_0,stable
10,C3,numeric,0.0010808560094231626,2,0.0,0.0,,,labelled,tier_0,stable
11,C3,numeric,0.0017350564516135341,2,0.0,0.0,,,labelled,tier_0,stable
12,C3,numeric,0.009825639577413735,2,0.0,0.0,,,labelled,tier_0,stable
0,C4,numeric,0.06678893010926645,3,0.0,0.0,,,labelled,tier_0,stable
1,C4,numeric,0.05175718609156394,3,0.0,0.0,,,labelled,tier_0,stable
2,C4,numeric,0.047960217686790256,3,0.0,0.0,,,labelled,tier_0,stable
3,C4,numeric,0.04640944978941465,3,0.0,0.0,,,labelled,tier_0,stable
4,C4,numeric,0.06898651285396011,3,0.0,0.0,,,labelled,tier_0,stable
5,C4,numeric,0.05657774755978995,3,0.0,0.0,,,labelled,tier_0,stable
6,C4,numeric,0.08141829984806258,3,0.0,0.0,,,labelled,tier_0,stable
7,C4,numeric,0.04421522305820932,3,0.0,0.0,,,labelled,tier_0,stable
8,C4,numeric,0.019510290131173492,3,0.0,0.0,,,labelled,tier_0,stable
9,C4,numeric,0.028816349749733083,3,0.0,0.0,,,labelled,tier_0,stable
10,C4,numeric,0.09493934337994468,3,0.0,0.0,,,labelled,tier_0,stable
11,C4,numeric,0.05763765336124111,3,0.0,0.0,,,labelled,tier_0,stable
12,C4,numeric,0.058032113959601936,3,0.0,0.0,,,labelled,tier_0,stable
0,C5,numeric,0.0405705663053888,4,0.0,0.0,,,labelled,tier_0,stable
1,C5,numeric,0.014272084719830276,4,0.0,0.0,,,labelled,tier_0,stable
2,C5,numeric,0.0066769201827383586,4,0.0,0.0,,,labelled,tier_0,stable
3,C5,numeric,0.027143176682703163,4,0.0,0.0,,,labelled,tier_0,stable
4,C5,numeric,0.0222878889482815,4,0.0,0.0,,,labelled,tier_0,stable
5,C5,numeric,0.005031048652670872,4,0.0,0.0,,,labelled,tier_0,stable
6,C5,numeric,0.03643523451286343,4,0.0,0.0,,,labelled,tier_0,stable
7,C5,numeric,0.01672184234561014,4,0.0,0.0,,,labelled,tier_0,stable
8,C5,numeric,0.0013369832582194071,4,0.0,0.0,,,labelled,tier_0,stable
9,C5,numeric,0.001481485593897469,4,0.0,0.0,,,labelled,tier_0,stable
10,C5,numeric,0.0020682219546544504,4,0.0,0.0,,,labelled,tier_0,stable
11,C5,numeric,0.0023461593663389618,4,0.0,0.0,,,labelled,tier_0,stable
12,C5,numeric,0.014086759550269869,4,0.0,0.0,,,labelled,tier_0,stable
0,C6,numeric,0.021975259869526205,4,0.0,0.0,,,labelled,tier_0,stable
1,C6,numeric,0.015245328816147239,4,0.0,0.0,,,labelled,tier_0,stable
2,C6,numeric,0.007020722062442888,4,0.0,0.0,,,labelled,tier_0,stable
3,C6,numeric,0.012562491813583349,4,0.0,0.0,,,labelled,tier_0,stable
4,C6,numeric,0.0121140882497665,4,0.0,0.0,,,labelled,tier_0,stable
5,C6,numeric,0.008954353404772495,4,0.0,0.0,,,labelled,tier_0,stable
6,C6,numeric,0.01677314414354321,4,0.0,0.0,,,labelled,tier_0,stable
7,C6,numeric,0.00942885917784691,4,0.0,0.0,,,labelled,tier_0,stable
8,C6,numeric,0.0017331779883470553,4,0.0,0.0,,,labelled,tier_0,stable
9,C6,numeric,0.005711255645629888,4,0.0,0.0,,,labelled,tier_0,stable
10,C6,numeric,0.0025272271022948405,4,0.0,0.0,,,labelled,tier_0,stable
11,C6,numeric,0.011484718402049975,4,0.0,0.0,,,labelled,tier_0,stable
12,C6,numeric,0.008750864778639787,4,0.0,0.0,,,labelled,tier_0,stable
0,C7,numeric,0.001996133370910651,3,0.0,0.0,,,labelled,tier_0,stable
1,C7,numeric,0.000342382279821437,3,0.0,0.0,,,labelled,tier_0,stable
2,C7,numeric,0.00113049323962987,3,0.0,0.0,,,labelled,tier_0,stable
3,C7,numeric,0.0009995965098436976,3,0.0,0.0,,,labelled,tier_0,stable
4,C7,numeric,0.007873999173035105,3,0.0,0.0,,,labelled,tier_0,stable
5,C7,numeric,0.007951561455739707,3,0.0,0.0,,,labelled,tier_0,stable
6,C7,numeric,0.009642868858099611,3,0.0,0.0,,,labelled,tier_0,stable
7,C7,numeric,0.002144227705277747,3,0.0,0.0,,,labelled,tier_0,stable
8,C7,numeric,0.0022030938999273325,3,0.0,0.0,,,labelled,tier_0,stable
9,C7,numeric,0.00039046982495893304,3,0.0,0.0,,,labelled,tier_0,stable
10,C7,numeric,0.006211233410868972,3,0.0,0.0,,,labelled,tier_0,stable
11,C7,numeric,0.0031124917398614818,3,0.0,0.0,,,labelled,tier_0,stable
12,C7,numeric,0.013662012204742956,3,0.0,0.0,,,labelled,tier_0,stable
0,C8,numeric,0.10058768391016024,3,0.0,0.0,,,labelled,tier_0,moderate
1,C8,numeric,0.07988342720778108,3,0.0,0.0,,,labelled,tier_0,stable
2,C8,numeric,0.0714507020540446,3,0.0,0.0,,,labelled,tier_0,stable
3,C8,numeric,0.07344348503168543,3,0.0,0.0,,,labelled,tier_0,stable
4,C8,numeric,0.09544316637939308,3,0.0,0.0,,,labelled,tier_0,stable
5,C8,numeric,0.07533888497928487,3,0.0,0.0,,,labelled,tier_0,stable
6,C8,numeric,0.10393742614448456,3,0.0,0.0,,,labelled,tier_0,moderate
7,C8,numeric,0.06848487055328925,3,0.0,0.0,,,labelled,tier_0,stable
8,C8,numeric,0.027983352268772275,3,0.0,0.0,,,labelled,tier_0,stable
9,C8,numeric,0.05078111016256102,3,0.0,0.0,,,labelled,tier_0,stable
10,C8,numeric,0.0981424059855091,3,0.0,0.0,,,labelled,tier_0,stable
11,C8,numeric,0.07508417530971317,3,0.0,0.0,,,labelled,tier_0,stable
12,C8,numeric,0.08285941206239697,3,0.0,0.0,,,labelled,tier_0,stable
0,C9,numeric,0.18170074559509675,5,0.0,0.0,,,labelled,tier_0,moderate
1,C9,numeric,0.15251434249978438,5,0.0,0.0,,,labelled,tier_0,moderate
2,C9,numeric,0.12966106363778576,5,0.0,0.0,,,labelled,tier_0,moderate
3,C9,numeric,0.12412892431532474,5,0.0,0.0,,,labelled,tier_0,moderate
4,C9,numeric,0.172610711587456,5,0.0,0.0,,,labelled,tier_0,moderate
5,C9,numeric,0.1345921786039189,5,0.0,0.0,,,labelled,tier_0,moderate
6,C9,numeric,0.1959864329014714,5,0.0,0.0,,,labelled,tier_0,moderate
7,C9,numeric,0.1398879453336722,5,0.0,0.0,,,labelled,tier_0,moderate
8,C9,numeric,0.029723840518550988,5,0.0,0.0,,,labelled,tier_0,stable
9,C9,numeric,0.10846764867647006,5,0.0,0.0,,,labelled,tier_0,moderate
10,C9,numeric,0.07274310753890058,5,0.0,0.0,,,labelled,tier_0,stable
11,C9,numeric,0.1625371487460403,5,0.0,0.0,,,labelled,tier_0,moderate
12,C9,numeric,0.16684047292786353,5,0.0,0.0,,,labelled,tier_0,moderate
0,C10,numeric,0.10458747871842894,3,0.0,0.0,,,labelled,tier_0,moderate
1,C10,numeric,0.07982243926774057,3,0.0,0.0,,,labelled,tier_0,stable
2,C10,numeric,0.07479991840901516,3,0.0,0.0,,,labelled,tier_0,stable
3,C10,numeric,0.08048673166711452,3,0.0,0.0,,,labelled,tier_0,stable
4,C10,numeric,0.0953130002200305,3,0.0,0.0,,,labelled,tier_0,stable
5,C10,numeric,0.0788711484906739,3,0.0,0.0,,,labelled,tier_0,stable
6,C10,numeric,0.107030069500545,3,0.0,0.0,,,labelled,tier_0,moderate
7,C10,numeric,0.0745576089341765,3,0.0,0.0,,,labelled,tier_0,stable
8,C10,numeric,0.03258090131529268,3,0.0,0.0,,,labelled,tier_0,stable
9,C10,numeric,0.056566693395520735,3,0.0,0.0,,,labelled,tier_0,stable
10,C10,numeric,0.12377738688734385,3,0.0,0.0,,,labelled,tier_0,moderate
11,C10,numeric,0.08959529969292797,3,0.0,0.0,,,labelled,tier_0,stable
12,C10,numeric,0.07811190090168395,3,0.0,0.0,,,labelled,tier_0,stable
0,C11,numeric,0.01596764715386301,4,0.0,0.0,,,labelled,tier_0,stable
1,C11,numeric,0.008993976108699722,4,0.0,0.0,,,labelled,tier_0,stable
2,C11,numeric,0.005795779877367999,4,0.0,0.0,,,labelled,tier_0,stable
3,C11,numeric,0.012193175702676712,4,0.0,0.0,,,labelled,tier_0,stable
4,C11,numeric,0.006074318405716736,4,0.0,0.0,,,labelled,tier_0,stable
5,C11,numeric,0.0026605960642154254,4,0.0,0.0,,,labelled,tier_0,stable
6,C11,numeric,0.011869804734072505,4,0.0,0.0,,,labelled,tier_0,stable
7,C11,numeric,0.005018527568116457,4,0.0,0.0,,,labelled,tier_0,stable
8,C11,numeric,0.0020981929410950405,4,0.0,0.0,,,labelled,tier_0,stable
9,C11,numeric,0.004359201007922304,4,0.0,0.0,,,labelled,tier_0,stable
10,C11,numeric,0.03157580129607254,4,0.0,0.0,,,labelled,tier_0,stable
11,C11,numeric,0.006643652179366071,4,0.0,0.0,,,labelled,tier_0,stable
12,C11,numeric,0.005135579018516959,4,0.0,0.0,,,labelled,tier_0,stable
0,C12,numeric,0.03421836314309583,3,0.0,0.0,,,labelled,tier_0,stable
1,C12,numeric,0.053617014538784334,3,0.0,0.0,,,labelled,tier_0,stable
2,C12,numeric,0.04903776558997614,3,0.0,0.0,,,labelled,tier_0,stable
3,C12,numeric,0.058005664956005266,3,0.0,0.0,,,labelled,tier_0,stable
4,C12,numeric,0.03321774749960522,3,0.0,0.0,,,labelled,tier_0,stable
5,C12,numeric,0.05646312731666774,3,0.0,0.0,,,labelled,tier_0,stable
6,C12,numeric,0.03920848427354744,3,0.0,0.0,,,labelled,tier_0,stable
7,C12,numeric,0.06611766729573677,3,0.0,0.0,,,labelled,tier_0,stable
8,C12,numeric,0.07428704696008184,3,0.0,0.0,,,labelled,tier_0,stable
9,C12,numeric,0.1061258098044162,3,0.0,0.0,,,labelled,tier_0,moderate
10,C12,numeric,0.05446220539440534,3,0.0,0.0,,,labelled,tier_0,stable
11,C12,numeric,0.08406947473282542,3,0.0,0.0,,,labelled,tier_0,stable
12,C12,numeric,0.06532269373080947,3,0.0,0.0,,,labelled,tier_0,stable
0,C13,numeric,0.05235457209110858,7,0.0,0.0,,,labelled,tier_0,stable
1,C13,numeric,0.043199755028983794,7,0.0,0.0,,,labelled,tier_0,stable
2,C13,numeric,0.03134072224770159,7,0.0,0.0,,,labelled,tier_0,stable
3,C13,numeric,0.04934021808377042,7,0.0,0.0,,,labelled,tier_0,stable
4,C13,numeric,0.038099283738513415,7,0.0,0.0,,,labelled,tier_0,stable
5,C13,numeric,0.03126620069138586,7,0.0,0.0,,,labelled,tier_0,stable
6,C13,numeric,0.05684565915833743,7,0.0,0.0,,,labelled,tier_0,stable
7,C13,numeric,0.03314884288094115,7,0.0,0.0,,,labelled,tier_0,stable
8,C13,numeric,0.010607086503151286,7,0.0,0.0,,,labelled,tier_0,stable
9,C13,numeric,0.019867836783564012,7,0.0,0.0,,,labelled,tier_0,stable
10,C13,numeric,0.07388843623727154,7,0.0,0.0,,,labelled,tier_0,stable
11,C13,numeric,0.03220100422469885,7,0.0,0.0,,,labelled,tier_0,stable
12,C13,numeric,0.02799563521403177,7,0.0,0.0,,,labelled,tier_0,stable
0,C14,numeric,0.020043125788462058,5,0.0,0.0,,,labelled,tier_0,stable
1,C14,numeric,0.010984483840070126,5,0.0,0.0,,,labelled,tier_0,stable
2,C14,numeric,0.008885072573849961,5,0.0,0.0,,,labelled,tier_0,stable
3,C14,numeric,0.019687225942338363,5,0.0,0.0,,,labelled,tier_0,stable
4,C14,numeric,0.012686162549114081,5,0.0,0.0,,,labelled,tier_0,stable
5,C14,numeric,0.007794005849198051,5,0.0,0.0,,,labelled,tier_0,stable
6,C14,numeric,0.01808030876995647,5,0.0,0.0,,,labelled,tier_0,stable
7,C14,numeric,0.013447451300834301,5,0.0,0.0,,,labelled,tier_0,stable
8,C14,numeric,0.011971262869331015,5,0.0,0.0,,,labelled,tier_0,stable
9,C14,numeric,0.00659572251228029,5,0.0,0.0,,,labelled,tier_0,stable
10,C14,numeric,0.060110844776226795,5,0.0,0.0,,,labelled,tier_0,stable
11,C14,numeric,0.010638354244917715,5,0.0,0.0,,,labelled,tier_0,stable
12,C14,numeric,0.005565222766589434,5,0.0,0.0,,,labelled,tier_0,stable
0,D1,numeric,0.044340090152617195,6,1.2661152734650727e-05,0.0,,,labelled,tier_0,stable
1,D1,numeric,0.21676958693008866,6,1.2661152734650727e-05,0.02306378132118451,,,labelled,tier_0,moderate
2,D1,numeric,0.16875439152986316,6,1.2661152734650727e-05,0.018199163425552212,,,labelled,tier_0,moderate
3,D1,numeric,0.08666177985482296,6,1.2661152734650727e-05,0.0068150840527033164,,,labelled,tier_0,stable
4,D1,numeric,0.21358768099867062,6,1.2661152734650727e-05,0.022739662020091894,,,labelled,tier_0,moderate
5,D1,numeric,0.02698849405000901,6,1.2661152734650727e-05,0.0,,,labelled,tier_0,stable
6,D1,numeric,0.06107181914991422,6,1.2661152734650727e-05,0.0,,,labelled,tier_0,stable
7,D1,numeric,0.036972005429211564,6,1.2661152734650727e-05,0.0,,,labelled,tier_0,stable
8,D1,numeric,0.01739722169828058,6,1.2661152734650727e-05,0.0,,,labelled,tier_0,stable
9,D1,numeric,0.02833639151987008,6,1.2661152734650727e-05,0.0,,,labelled,tier_0,stable
10,D1,numeric,0.07731841873362097,6,1.2661152734650727e-05,0.0,,,labelled,tier_0,stable
11,D1,numeric,0.04594773661010922,6,1.2661152734650727e-05,0.0,,,labelled,tier_0,stable
12,D1,numeric,0.09009727174143126,6,1.2661152734650727e-05,0.007464045148370653,,,labelled,tier_0,stable
0,D2,numeric,0.05103902414826216,10,0.5087947532183068,0.4167520955195079,,,labelled,tier_0,stable
1,D2,numeric,0.040414960074639,10,0.5087947532183068,0.4246867881548975,,,labelled,tier_0,stable
2,D2,numeric,0.03883780819264251,10,0.5087947532183068,0.42621266603067437,,,labelled,tier_0,stable
3,D2,numeric,0.05067833169667703,10,0.5087947532183068,0.4171588671815841,,,labelled,tier_0,stable
4,D2,numeric,0.04031118050560492,10,0.5087947532183068,0.4260571606572697,,,labelled,tier_0,stable
5,D2,numeric,0.030931525146156002,10,0.5087947532183068,0.431780491481984,,,labelled,tier_0,stable
6,D2,numeric,0.06663372008252019,10,0.5087947532183068,0.3958925567094042,,,labelled,tier_0,stable
7,D2,numeric,0.04026072679582604,10,0.5087947532183068,0.42094818081587654,,,labelled,tier_0,stable
8,D2,numeric,0.025035267455887685,10,0.5087947532183068,0.4546788501300607,,,labelled,tier_0,stable
9,D2,numeric,0.033792746147423045,10,0.5087947532183068,0.42947789502724326,,,labelled,tier_0,stable
10,D2,numeric,0.11163244303101524,10,0.5087947532183068,0.3888152848476396,,,labelled,tier_0,moderate
11,D2,numeric,0.050973565280891496,10,0.5087947532183068,0.4152867281181173,,,labelled,tier_0,stable
12,D2,numeric,0.04932856804748888,10,0.5087947532183068,0.4179865283087566,,,labelled,tier_0,stable
0,D3,numeric,0.060932606113436226,9,0.4847195712933684,0.3794850147741663,,,labelled,tier_0,stable
1,D3,numeric,0.04088407454752033,9,0.4847195712933684,0.3887386104783599,,,labelled,tier_0,stable
2,D3,numeric,0.03665006077473011,9,0.4847195712933684,0.39370367652454685,,,labelled,tier_0,stable
3,D3,numeric,0.04583471972587484,9,0.4847195712933684,0.38777828259881875,,,labelled,tier_0,stable
4,D3,numeric,0.040101307892104934,9,0.4847195712933684,0.3937388053889884,,,labelled,tier_0,stable
5,D3,numeric,0.031075101672126564,9,0.4847195712933684,0.39785918890396504,,,labelled,tier_0,stable
6,D3,numeric,0.08285053746470433,9,0.4847195712933684,0.363462319429135,,,labelled,tier_0,stable
7,D3,numeric,0.04361158103529322,9,0.4847195712933684,0.3872105843439912,,,labelled,tier_0,stable
8,D3,numeric,0.028988097196953465,9,0.4847195712933684,0.4167945041019142,,,labelled,tier_0,stable
9,D3,numeric,0.03903155747696103,9,0.4847195712933684,0.39119939306159046,,,labelled,tier_0,stable
10,D3,numeric,0.10199604417144711,9,0.4847195712933684,0.3485112614183111,,,labelled,tier_0,moderate
11,D3,numeric,0.05172755896169326,9,0.4847195712933684,0.37564238518639365,,,labelled,tier_0,stable
12,D3,numeric,0.055685171832272964,9,0.4847195712933684,0.3728381576551975,,,labelled,tier_0,stable
0,D4,numeric,0.11540370798679284,7,0.32540112114507463,0.19948139661098716,,,labelled,tier_0,moderate
1,D4,numeric,0.08297718341089814,7,0.32540112114507463,0.43059510250569477,,,labelled,tier_0,stable
2,D4,numeric,0.030126460267175414,7,0.32540112114507463,0.32787847655390034,,,labelled,tier_0,stable
3,D4,numeric,0.06042657437719002,7,0.32540112114507463,0.25344540360442225,,,labelled,tier_0,stable
4,D4,numeric,0.046769831499290364,7,0.32540112114507463,0.2591698465851569,,,labelled,tier_0,stable
5,D4,numeric,0.07652479965287742,7,0.32540112114507463,0.22719734660033167,,,labelled,tier_0,stable
6,D4,numeric,0.06702746352889066,7,0.32540112114507463,0.24168938910483262,,,labelled,tier_0,stable
7,D4,numeric,0.05425414206142009,7,0.32540112114507463,0.256082322675487,,,labelled,tier_0,stable
8,D4,numeric,0.040235149466650154,7,0.32540112114507463,0.2749282998732742,,,labelled,tier_0,stable
9,D4,numeric,0.08305400523784456,7,0.32540112114507463,0.22201531140078626,,,labelled,tier_0,stable
10,D4,numeric,0.05319484916309353,7,0.32540112114507463,0.2868000836761732,,,labelled,tier_0,stable
11,D4,numeric,0.10312586287698453,7,0.32540112114507463,0.21755444979198957,,,labelled,tier_0,moderate
12,D4,numeric,0.11786473901196237,7,0.32540112114507463,0.21900600764609504,,,labelled,tier_0,moderate
0,D5,numeric,0.06697197620060662,9,0.5598191987389491,0.439908339866128,,,labelled,tier_0,stable
1,D5,numeric,0.012372656636740772,9,0.5598191987389491,0.5901907744874715,,,labelled,tier_0,stable
2,D5,numeric,0.012167787469527262,9,0.5598191987389491,0.53107800689807,,,labelled,tier_0,stable
3,D5,numeric,0.03356142997044202,9,0.5598191987389491,0.4803877025594427,,,labelled,tier_0,stable
4,D5,numeric,0.028195517649875886,9,0.5598191987389491,0.4936531422786387,,,labelled,tier_0,stable
5,D5,numeric,0.03675761388187962,9,0.5598191987389491,0.4681893562490577,,,labelled,tier_0,stable
6,D5,numeric,0.051574317774643746,9,0.5598191987389491,0.465800313279573,,,labelled,tier_0,stable
7,D5,numeric,0.02856084503891392,9,0.5598191987389491,0.4834252113193679,,,labelled,tier_0,stable
8,D5,numeric,0.016062881554110568,9,0.5598191987389491,0.4998999533115454,,,labelled,tier_0,stable
9,D5,numeric,0.03975002980659652,9,0.5598191987389491,0.46451479412373264,,,labelled,tier_0,stable
10,D5,numeric,0.023320705556411914,9,0.5598191987389491,0.49034237500871625,,,labelled,tier_0,stable
11,D5,numeric,0.053459410328923186,9,0.5598191987389491,0.44742638061832124,,,labelled,tier_0,stable
12,D5,numeric,0.07457281163894851,9,0.5598191987389491,0.4290915710904788,,,labelled,tier_0,stable
0,D6,numeric,0.006663128163273037,5,0.8711474486194596,0.89103298558765,,,labelled,tier_0,stable
1,D6,numeric,0.033583465514569734,5,0.8711474486194596,0.9177818906605922,,,labelled,tier_0,stable
2,D6,numeric,0.016929289684655374,5,0.8711474486194596,0.9038673222279299,,,labelled,tier_0,stable
3,D6,numeric,0.006341352730285971,5,0.8711474486194596,0.8888384067847948,,,labelled,tier_0,stable
4,D6,numeric,0.016464312751685778,5,0.8711474486194596,0.9062378319445527,,,labelled,tier_0,stable
5,D6,numeric,0.008394420866258185,5,0.8711474486194596,0.8938640132669984,,,labelled,tier_0,stable
6,D6,numeric,0.013224565075495565,5,0.8711474486194596,0.9004467134652202,,,labelled,tier_0,stable
7,D6,numeric,0.009010132443958208,5,0.8711474486194596,0.8878353546490261,,,labelled,tier_0,stable
8,D6,numeric,0.043421362404364915,5,0.8711474486194596,0.8309877943040085,,,labelled,tier_0,stable
9,D6,numeric,0.00828878939236975,5,0.8711474486194596,0.8630250362093937,,,labelled,tier_0,stable
10,D6,numeric,0.12616028478062324,5,0.8711474486194596,0.8295795272296214,,,labelled,tier_0,moderate
11,D6,numeric,0.012407995779314904,5,0.8711474486194596,0.8852271800309977,,,labelled,tier_0,stable
12,D6,numeric,0.016818977613843385,5,0.8711474486194596,0.9058802111778628,,,labelled,tier_0,stable
0,D7,numeric,0.002874668146365646,6,0.9352730219322818,0.9435566544051137,,,labelled,tier_0,stable
1,D7,numeric,0.01076085559324199,6,0.9352730219322818,0.9535165148063781,,,labelled,tier_0,stable
2,D7,numeric,0.005377901368609122,6,0.9352730219322818,0.9455492771703237,,,labelled,tier_0,stable
3,D7,numeric,0.00539557693819808,6,0.9352730219322818,0.9400272603362109,,,labelled,tier_0,stable
4,D7,numeric,0.008897216926127665,6,0.9352730219322818,0.9492251382291099,,,labelled,tier_0,stable
5,D7,numeric,0.0036276015007008144,6,0.9352730219322818,0.9414292175486205,,,labelled,tier_0,stable
6,D7,numeric,0.0042244143766783145,6,0.9352730219322818,0.9434936473864362,,,labelled,tier_0,stable
7,D7,numeric,0.004789301635980713,6,0.9352730219322818,0.9401690554943035,,,labelled,tier_0,stable
8,D7,numeric,0.03195231096877647,6,0.9352730219322818,0.8895484559461082,,,labelled,tier_0,stable
9,D7,numeric,0.007137971613442204,6,0.9352730219322818,0.919994482378095,,,labelled,tier_0,stable
10,D7,numeric,0.07075720484923818,6,0.9352730219322818,0.8726727564326058,,,labelled,tier_0,stable
11,D7,numeric,0.004593184034115333,6,0.9352730219322818,0.9322130679500775,,,labelled,tier_0,stable
12,D7,numeric,0.005389284090114135,6,0.9352730219322818,0.9455670853813946,,,labelled,tier_0,stable
0,D8,numeric,0.04707551463256577,10,0.8522285211457077,0.9176867876741241,,,labelled,tier_0,stable
1,D8,numeric,0.03108137017498077,10,0.8522285211457077,0.9064635535307517,,,labelled,tier_0,stable
2,D8,numeric,0.02741085804946118,10,0.8522285211457077,0.9016658105232259,,,labelled,tier_0,stable
3,D8,numeric,0.029592592932980444,10,0.8522285211457077,0.9045888232621536,,,labelled,tier_0,stable
4,D8,numeric,0.04265592775058684,10,0.8522285211457077,0.9114554941203956,,,labelled,tier_0,stable
5,D8,numeric,0.02362192096102125,10,0.8522285211457077,0.8991406603346902,,,labelled,tier_0,stable
6,D8,numeric,0.039508060860810934,10,0.8522285211457077,0.9112954690491385,,,labelled,tier_0,stable
7,D8,numeric,0.035961057229438584,10,0.8522285211457077,0.9071664829106946,,,labelled,tier_0,stable
8,D8,numeric,0.02421196857138495,10,0.8522285211457077,0.8425932101647435,,,labelled,tier_0,stable
9,D8,numeric,0.017787315547079203,10,0.8522285211457077,0.8861300779364094,,,labelled,tier_0,stable
10,D8,numeric,0.11182246225301372,10,0.8522285211457077,0.8396903981591242,,,labelled,tier_0,moderate
11,D8,numeric,0.027299122880210098,10,0.8522285211457077,0.9012154335590179,,,labelled,tier_0,stable
12,D8,numeric,0.021900458209750052,10,0.8522285211457077,0.8960495175678136,,,labelled,tier_0,stable
0,D9,numeric,0.04730336677477029,10,0.8522285211457077,0.9176867876741241,,,labelled,tier_0,stable
1,D9,numeric,0.032407395664797736,10,0.8522285211457077,0.9064635535307517,,,labelled,tier_0,stable
2,D9,numeric,0.02862606336148749,10,0.8522285211457077,0.9016658105232259,,,labelled,tier_0,stable
3,D9,numeric,0.03236444948486034,10,0.8522285211457077,0.9045888232621536,,,labelled,tier_0,stable
4,D9,numeric,0.03790465813694579,10,0.8522285211457077,0.9114554941203956,,,labelled,tier_0,stable
5,D9,numeric,0.026970388177585135,10,0.8522285211457077,0.8991406603346902,,,labelled,tier_0,stable
6,D9,numeric,0.04000864263172567,10,0.8522285211457077,0.9112954690491385,,,labelled,tier_0,stable
7,D9,numeric,0.03243980301028436,10,0.8522285211457077,0.9071664829106946,,,labelled,tier_0,stable
8,D9,numeric,0.011838385736156415,10,0.8522285211457077,0.8425932101647435,,,labelled,tier_0,stable
9,D9,numeric,0.015342182460178792,10,0.8522285211457077,0.8861300779364094,,,labelled,tier_0,stable
10,D9,numeric,0.03635062423742021,10,0.8522285211457077,0.8396903981591242,,,labelled,tier_0,stable
11,D9,numeric,0.02890079047680013,10,0.8522285211457077,0.9012154335590179,,,labelled,tier_0,stable
12,D9,numeric,0.02393192276668835,10,0.8522285211457077,0.8960495175678136,,,labelled,tier_0,stable
0,D10,numeric,0.15224933382070527,7,0.1753696265276472,0.06313694747633118,,,labelled,tier_0,moderate
1,D10,numeric,0.0548469138500642,7,0.1753696265276472,0.11410876993166287,,,labelled,tier_0,stable
2,D10,numeric,0.06813402773903386,7,0.1753696265276472,0.09928817788214574,,,labelled,tier_0,stable
3,D10,numeric,0.1076577430423268,7,0.1753696265276472,0.0816295623201575,,,labelled,tier_0,moderate
4,D10,numeric,0.10727570846140638,7,0.1753696265276472,0.0809127015029982,,,labelled,tier_0,moderate
5,D10,numeric,0.10023794148141178,7,0.1753696265276472,0.08156188753203679,,,labelled,tier_0,moderate
6,D10,numeric,0.15458632554276427,7,0.1753696265276472,0.06747113766896792,,,labelled,tier_0,moderate
7,D10,numeric,0.10153750608213284,7,0.1753696265276472,0.08482175670709298,,,labelled,tier_0,moderate
8,D10,numeric,0.04143197254768881,7,0.1753696265276472,0.12045621289935303,,,labelled,tier_0,stable
9,D10,numeric,0.1278379014612041,7,0.1753696265276472,0.07172908476446652,,,labelled,tier_0,moderate
10,D10,numeric,0.17569879136707983,7,0.1753696265276472,0.07070636636217836,,,labelled,tier_0,moderate
11,D10,numeric,0.1309119144536056,7,0.1753696265276472,0.07414960437229791,,,labelled,tier_0,moderate
12,D10,numeric,0.11127871661874154,7,0.1753696265276472,0.08811214272710723,,,labelled,tier_0,moderate
0,D11,numeric,0.6465863789942998,7,0.6204724509142935,0.2442863173129108,,,labelled,tier_0,significant
1,D11,numeric,0.18548123626290403,7,0.6204724509142935,0.43927961275626426,,,labelled,tier_0,moderate
2,D11,numeric,0.2666714291470667,7,0.6204724509142935,0.3815219784251853,,,labelled,tier_0,significant
3,D11,numeric,0.39504843703593906,7,0.6204724509142935,0.328562774496441,,,labelled,tier_0,significant
4,D11,numeric,0.5320222903364376,7,0.6204724509142935,0.27801573086208237,,,labelled,tier_0,significant
5,D11,numeric,0.4777511689422302,7,0.6204724509142935,0.29247700889491934,,,labelled,tier_0,significant
6,D11,numeric,0.6767592840655965,7,0.6204724509142935,0.24006497650403202,,,labelled,tier_0,significant
7,D11,numeric,0.5675311958433873,7,0.6204724509142935,0.27159132671811836,,,labelled,tier_0,significant
8,D11,numeric,0.3475995274936683,7,0.6204724509142935,0.3436270259454412,,,labelled,tier_0,significant
9,D11,numeric,0.5001862569150519,7,0.6204724509142935,0.28815780398648183,,,labelled,tier_0,significant
10,D11,numeric,0.45844293267796,7,0.6204724509142935,0.30653371452478906,,,labelled,tier_0,significant
11,D11,numeric,0.6387104901802257,7,0.6204724509142935,0.24944938412594828,,,labelled,tier_0,significant
12,D11,numeric,0.6192739136264473,7,0.6204724509142935,0.260331330784635,,,labelled,tier_0,significant
0,D12,numeric,0.0030876073711336087,5,0.8854292289041455,0.8962190194777785,,,labelled,tier_0,stable
1,D12,numeric,0.028647029599225732,5,0.8854292289041455,0.9271782460136674,,,labelled,tier_0,stable
2,D12,numeric,0.014622018817754849,5,0.8854292289041455,0.9137007411756073,,,labelled,tier_0,stable
3,D12,numeric,0.004512443047865209,5,0.8854292289041455,0.8990610328638498,,,labelled,tier_0,stable
4,D12,numeric,0.01301706261820259,5,0.8854292289041455,0.9148041429795187,,,labelled,tier_0,stable
5,D12,numeric,0.006628770348544617,5,0.8854292289041455,0.9072063922810192,,,labelled,tier_0,stable
6,D12,numeric,0.01005231162931447,5,0.8854292289041455,0.9110053953704241,,,labelled,tier_0,stable
7,D12,numeric,0.004774170811507448,5,0.8854292289041455,0.8994487320837927,,,labelled,tier_0,stable
8,D12,numeric,0.009147747028294769,5,0.8854292289041455,0.8694724204628826,,,labelled,tier_0,stable
9,D12,numeric,0.006658239412208347,5,0.8854292289041455,0.8757845368646113,,,labelled,tier_0,stable
10,D12,numeric,0.009839039033474321,5,0.8854292289041455,0.9063524161495015,,,labelled,tier_0,stable
11,D12,numeric,0.009478543285875529,5,0.8854292289041455,0.8970552247328494,,,labelled,tier_0,stable
12,D12,numeric,0.014850119116745183,5,0.8854292289041455,0.9171673038412526,,,labelled,tier_0,stable
0,D13,numeric,0.0012355580725647982,3,0.8969287208753921,0.9052041247060243,,,labelled,tier_0,stable
1,D13,numeric,0.02438317764254568,3,0.8969287208753921,0.9380694760820045,,,labelled,tier_0,stable
2,D13,numeric,0.00976357832368906,3,0.8969287208753921,0.9199383576722683,,,labelled,tier_0,stable
3,D13,numeric,0.0030609450232823555,3,0.8969287208753921,0.9056489474481296,,,labelled,tier_0,stable
4,D13,numeric,0.01001864858617668,3,0.8969287208753921,0.9222801962463982,,,labelled,tier_0,stable
5,D13,numeric,0.007048389342910256,3,0.8969287208753921,0.9118799939695462,,,labelled,tier_0,stable
6,D13,numeric,0.004248913122028067,3,0.8969287208753921,0.9135000290073678,,,labelled,tier_0,stable
7,D13,numeric,0.005302836014106064,3,0.8969287208753921,0.9031973539140022,,,labelled,tier_0,stable
8,D13,numeric,0.05079482856391377,3,0.8969287208753921,0.8531314613486294,,,labelled,tier_0,stable
9,D13,numeric,0.011663323452543017,3,0.8969287208753921,0.8757845368646113,,,labelled,tier_0,stable
10,D13,numeric,0.14562949500079608,3,0.8969287208753921,0.8409455407572693,,,labelled,tier_0,moderate
11,D13,numeric,0.0032655720817544543,3,0.8969287208753921,0.8937107431274982,,,labelled,tier_0,stable
12,D13,numeric,0.010666484582172306,3,0.8969287208753921,0.9191698525395958,,,labelled,tier_0,stable
0,D14,numeric,0.0036327117206390136,4,0.8922092761935511,0.9090031960441416,,,labelled,tier_0,stable
1,D14,numeric,0.02256872412580639,4,0.8922092761935511,0.9329441913439636,,,labelled,tier_0,stable
2,D14,numeric,0.012658436620775622,4,0.8922092761935511,0.9176634622440742,,,labelled,tier_0,stable
3,D14,numeric,0.0055510540918967165,4,0.8922092761935511,0.9116310767832804,,,labelled,tier_0,stable
4,D14,numeric,0.010732844957684192,4,0.8922092761935511,0.921034187368585,,,labelled,tier_0,stable
5,D14,numeric,0.005603759964002413,4,0.8922092761935511,0.9099954771596562,,,labelled,tier_0,stable
6,D14,numeric,0.00911301797708883,4,0.8922092761935511,0.9152404710796542,,,labelled,tier_0,stable
7,D14,numeric,0.004759422268204935,4,0.8922092761935511,0.9095185593531789,,,labelled,tier_0,stable
8,D14,numeric,0.03744420798879016,4,0.8922092761935511,0.8592009604482092,,,labelled,tier_0,stable
9,D14,numeric,0.003873470671588069,4,0.8922092761935511,0.8817159804124423,,,labelled,tier_0,stable
10,D14,numeric,0.0875714791276504,4,0.8922092761935511,0.860818631894568,,,labelled,tier_0,stable
11,D14,numeric,0.006044059471426419,4,0.8922092761935511,0.9024390243902439,,,labelled,tier_0,stable
12,D14,numeric,0.010550181407249445,4,0.8922092761935511,0.914800655379574,,,labelled,tier_0,stable
0,D15,numeric,0.20825174919210784,8,0.18963241508323125,0.060966049568835556,,,labelled,tier_0,moderate
1,D15,numeric,0.1258266688208519,8,0.18963241508323125,0.2966970387243736,,,labelled,tier_0,moderate
2,D15,numeric,0.049377423043636584,8,0.18963241508323125,0.19189843692668965,,,labelled,tier_0,stable
3,D15,numeric,0.10338536592786615,8,0.18963241508323125,0.10979857640466455,,,labelled,tier_0,moderate
4,D15,numeric,0.09176529750150925,8,0.18963241508323125,0.11400981231991278,,,labelled,tier_0,stable
5,D15,numeric,0.15270982673731406,8,0.18963241508323125,0.07975275139454244,,,labelled,tier_0,moderate
6,D15,numeric,0.21346946103727144,8,0.18963241508323125,0.066949005047282,,,labelled,tier_0,moderate
7,D15,numeric,0.13350123181559634,8,0.18963241508323125,0.09643513414185961,,,labelled,tier_0,moderate
8,D15,numeric,0.06013640113630145,8,0.18963241508323125,0.13813112785966786,,,labelled,tier_0,stable
9,D15,numeric,0.17566838228184484,8,0.18963241508323125,0.07524656872887785,,,labelled,tier_0,moderate
10,D15,numeric,0.0805552354800989,8,0.18963241508323125,0.13555540059967924,,,labelled,tier_0,stable
11,D15,numeric,0.1990248351179039,8,0.18963241508323125,0.0730075862631536,,,labelled,tier_0,moderate
12,D15,numeric,0.16767069672880147,8,0.18963241508323125,0.0868377935554342,,,labelled,tier_0,moderate
0,M1,categorical,0.5800532679101091,3,0.6111886606716108,0.24440692275221612,1.8991729101976088e-05,0.00018090815895796902,labelled,tier_1,significant
1,M1,categorical,0.5467677465347189,3,0.6111886606716108,0.25391514806378135,1.8991729101976088e-05,0.0,labelled,tier_1,significant
2,M1,categorical,0.4399271053055004,3,0.6111886606716108,0.287590812357819,1.8991729101976088e-05,7.338372349012989e-05,labelled,tier_1,significant
3,M1,categorical,0.40467457431309006,3,0.6111886606716108,0.29993942147508706,1.8991729101976088e-05,0.0,labelled,tier_1,significant
4,M1,categorical,0.5773064406188637,3,0.6111886606716108,0.2451522467097578,1.8991729101976088e-05,0.0,labelled,tier_1,significant
5,M1,categorical,0.42529081624916865,3,0.6111886606716108,0.29262777023971054,1.8991729101976088e-05,7.538067239559776e-05,labelled,tier_1,significant
6,M1,categorical,0.5962379005990455,3,0.6111886606716108,0.2398909322968034,1.8991729101976088e-05,0.0,labelled,tier_1,significant
7,M1,categorical,0.5252981260763591,3,0.6111886606716108,0.2603454612274899,1.8991729101976088e-05,0.0002205071664829107,labelled,tier_1,significant
8,M1,categorical,0.2938017909739515,3,0.6111886606716108,0.34382711932235044,1.8991729101976088e-05,0.0,labelled,tier_1,significant
9,M1,categorical,0.4383260430972644,3,0.6111886606716108,0.28815780398648183,1.8991729101976088e-05,0.0,labelled,tier_1,significant
10,M1,categorical,0.38602852238644697,3,0.6111886606716108,0.30674290495781326,1.8991729101976088e-05,0.0,labelled,tier_1,significant
11,M1,categorical,0.561894529872698,3,0.6111886606716108,0.24953095684803,1.8991729101976088e-05,0.0,labelled,tier_1,significant
12,M1,categorical,0.5251635991170625,3,0.6111886606716108,0.260331330784635,1.8991729101976088e-05,0.0,labelled,tier_1,significant
0,M2,categorical,0.5805157306125318,3,0.6111886606716108,0.24440692275221612,0.0,0.0,labelled,tier_1,significant
1,M2,categorical,0.5476584935808422,3,0.6111886606716108,0.25391514806378135,0.0,0.0,labelled,tier_1,significant
2,M2,categorical,0.44049746304016996,3,0.6111886606716108,0.287590812357819,0.0,0.0,labelled,tier_1,significant
3,M2,categorical,0.4046656823323418,3,0.6111886606716108,0.29993942147508706,0.0,0.0,labelled,tier_1,significant
4,M2,categorical,0.5778670121758778,3,0.6111886606716108,0.2451522467097578,0.0,0.0,labelled,tier_1,significant
5,M2,categorical,0.42531563257632005,3,0.6111886606716108,0.29262777023971054,0.0,0.0,labelled,tier_1,significant
6,M2,categorical,0.5967037143365944,3,0.6111886606716108,0.2398909322968034,0.0,0.0,labelled,tier_1,significant
7,M2,categorical,0.5251886065350719,3,0.6111886606716108,0.2603454612274899,0.0,0.0,labelled,tier_1,significant
8,M2,categorical,0.29372566755243235,3,0.6111886606716108,0.34382711932235044,0.0,0.0,labelled,tier_1,significant
9,M2,categorical,0.4419311164413281,3,0.6111886606716108,0.28815780398648183,0.0,0.0,labelled,tier_1,significant
10,M2,categorical,0.38728815362296254,3,0.6111886606716108,0.30674290495781326,0.0,0.0,labelled,tier_1,significant
11,M2,categorical,0.5668158945282961,3,0.6111886606716108,0.24953095684803,0.0,0.0,labelled,tier_1,significant
12,M2,categorical,0.5299150002054478,3,0.6111886606716108,0.260331330784635,0.0,0.0,labelled,tier_1,significant
0,M3,categorical,0.5808369800369577,3,0.6111886606716108,0.24440692275221612,0.0,0.0,labelled,tier_1,significant
1,M3,categorical,0.5491491890394105,3,0.6111886606716108,0.25391514806378135,0.0,0.0,labelled,tier_1,significant
2,M3,categorical,0.4412178405746092,3,0.6111886606716108,0.287590812357819,0.0,0.0,labelled,tier_1,significant
3,M3,categorical,0.4052274756247859,3,0.6111886606716108,0.29993942147508706,0.0,0.0,labelled,tier_1,significant
4,M3,categorical,0.5788224911353419,3,0.6111886606716108,0.2451522467097578,0.0,0.0,labelled,tier_1,significant
5,M3,categorical,0.4254002443522449,3,0.6111886606716108,0.29262777023971054,0.0,0.0,labelled,tier_1,significant
6,M3,categorical,0.5961786889615502,3,0.6111886606716108,0.2398909322968034,0.0,0.0,labelled,tier_1,significant
7,M3,categorical,0.5250409986341134,3,0.6111886606716108,0.2603454612274899,0.0,0.0,labelled,tier_1,significant
8,M3,categorical,0.2939973663700842,3,0.6111886606716108,0.34382711932235044,0.0,0.0,labelled,tier_1,significant
9,M3,categorical,0.4384098982756414,3,0.6111886606716108,0.28815780398648183,0.0,0.0,labelled,tier_1,significant
10,M3,categorical,0.3859466027579439,3,0.6111886606716108,0.30674290495781326,0.0,0.0,labelled,tier_1,significant
11,M3,categorical,0.5623753673789514,3,0.6111886606716108,0.24953095684803,0.0,0.0,labelled,tier_1,significant
12,M3,categorical,0.5263887533783239,3,0.6111886606716108,0.260331330784635,0.0,0.0,labelled,tier_1,significant
0,M4,categorical,0.0025525182088117337,4,0.4993938473128286,0.47844177772417534,0.0,0.0,labelled,tier_1,stable
1,M4,categorical,0.012280576690315136,4,0.4993938473128286,0.4465404328018223,0.0,0.0,labelled,tier_1,stable
2,M4,categorical,0.020128645839567527,4,0.4993938473128286,0.433330887209217,0.0,0.0,labelled,tier_1,stable
3,M4,categorical,0.0040755322741499065,4,0.4993938473128286,0.4737997879751628,0.0,0.0,labelled,tier_1,stable
4,M4,categorical,0.013956164456810673,4,0.4993938473128286,0.4671754536251071,0.0,0.0,labelled,tier_1,stable
5,M4,categorical,0.03045327462541831,4,0.4993938473128286,0.4369063772048847,0.0,0.0,labelled,tier_1,stable
6,M4,categorical,0.007608303522868624,4,0.4993938473128286,0.48796194233335266,0.0,0.0,labelled,tier_1,stable
7,M4,categorical,0.00568911063545057,4,0.4993938473128286,0.47041528849687614,0.0,0.0,labelled,tier_1,stable
8,M4,categorical,0.0056718404521740335,4,0.4993938473128286,0.46341626092176347,0.0,0.0,labelled,tier_1,stable
9,M4,categorical,0.026846552549458988,4,0.4993938473128286,0.4185116214911373,0.0,0.0,labelled,tier_1,stable
10,M4,categorical,0.004593491244467291,4,0.4993938473128286,0.49201589847290983,0.0,0.0,labelled,tier_1,stable
11,M4,categorical,0.02957675343187079,4,0.4993938473128286,0.42287299127171873,0.0,0.0,labelled,tier_1,stable
12,M4,categorical,0.017070323131518857,4,0.4993938473128286,0.4700527944656836,0.0,0.0,labelled,tier_1,stable
0,M5,categorical,0.004299753596421281,3,0.6189119638397478,0.5869263703793041,0.0,0.0,labelled,tier_1,stable
1,M5,categorical,0.012390508192067882,3,0.6189119638397478,0.5644219817767654,0.0,0.0,labelled,tier_1,stable
2,M5,categorical,0.02099323524445637,3,0.6189119638397478,0.5479562633007998,0.0,0.0,labelled,tier_1,stable
3,M5,categorical,0.0043090771906767085,3,0.6189119638397478,0.5884446463728609,0.0,0.0,labelled,tier_1,stable
4,M5,categorical,0.012767623913175803,3,0.6189119638397478,0.5635853905459076,0.0,0.0,labelled,tier_1,stable
5,M5,categorical,0.02866458046307352,3,0.6189119638397478,0.5354289160259309,0.0,0.0,labelled,tier_1,stable
6,M5,categorical,0.005864150102672947,3,0.6189119638397478,0.5814816963508731,0.0,0.0,labelled,tier_1,stable
7,M5,categorical,0.006426595296872971,3,0.6189119638397478,0.5796398382947445,0.0,0.0,labelled,tier_1,stable
8,M5,categorical,0.0016355786480975552,3,0.6189119638397478,0.599479757220036,0.0,0.0,labelled,tier_1,stable
9,M5,categorical,0.02099148879671844,3,0.6189119638397478,0.5475550037933651,0.0,0.0,labelled,tier_1,stable
10,M5,categorical,0.0034695384606457376,3,0.6189119638397478,0.590823513004672,0.0,0.0,labelled,tier_1,stable
11,M5,categorical,0.031738837991886565,3,0.6189119638397478,0.5312831389183457,0.0,0.0,labelled,tier_1,stable
12,M5,categorical,0.016723272918567605,3,0.6189119638397478,0.556344438376115,0.0,0.0,labelled,tier_1,stable
0,M6,categorical,0.0961240979984801,3,0.3351185558689191,0.19924018573237653,0.0,0.0,labelled,tier_1,stable
1,M6,categorical,0.06697359736416392,3,0.3351185558689191,0.21996013667425968,0.0,0.0,labelled,tier_1,stable
2,M6,categorical,0.0625157158853813,3,0.3351185558689191,0.22352682175093563,0.0,0.0,labelled,tier_1,stable
3,M6,categorical,0.05961831839649556,3,0.3351185558689191,0.22595789792518553,0.0,0.0,labelled,tier_1,stable
4,M6,categorical,0.08608605769382546,3,0.3351185558689191,0.20582509150377695,0.0,0.0,labelled,tier_1,stable
5,M6,categorical,0.07091738060940311,3,0.3351185558689191,0.2167948138097392,0.0,0.0,labelled,tier_1,stable
6,M6,categorical,0.09789071581563036,3,0.3351185558689191,0.19841039624064513,0.0,0.0,labelled,tier_1,stable
7,M6,categorical,0.0580148833497718,3,0.3351185558689191,0.2273428886438809,0.0,0.0,labelled,tier_1,stable
8,M6,categorical,0.0024887471539425713,3,0.3351185558689191,0.3156806509704529,0.0,0.0,labelled,tier_1,stable
9,M6,categorical,0.045460115787344164,3,0.3351185558689191,0.23918890957997102,0.0,0.0,labelled,tier_1,stable
10,M6,categorical,0.01764768325106154,3,0.3351185558689191,0.27417892755038004,0.0,0.0,labelled,tier_1,stable
11,M6,categorical,0.06634618879619618,3,0.3351185558689191,0.22073578595317725,0.0,0.0,labelled,tier_1,stable
12,M6,categorical,0.07458072660630825,3,0.3351185558689191,0.21409066084107045,0.0,0.0,labelled,tier_1,stable
0,M7,categorical,0.6911751547674989,3,0.750084671458913,0.3489115359102696,0.0,0.0,labelled,tier_1,significant
1,M7,categorical,0.673466159754119,3,0.750084671458913,0.3542141230068337,0.0,0.0,labelled,tier_1,significant
2,M7,categorical,0.4933770300715935,3,0.750084671458913,0.41168268877962866,0.0,0.0,labelled,tier_1,significant
3,M7,categorical,0.3280001358291105,3,0.750084671458913,0.4758443131909738,0.0,0.0,labelled,tier_1,significant
4,M7,categorical,0.3903626486986349,3,0.750084671458913,0.4498870804454482,0.0,0.0,labelled,tier_1,significant
5,M7,categorical,0.5275340677073544,3,0.750084671458913,0.399743705713855,0.0,0.0,labelled,tier_1,significant
6,M7,categorical,0.7074192620571138,3,0.750084671458913,0.34431745663398505,0.0,0.0,labelled,tier_1,significant
7,M7,categorical,0.6264856536827929,3,0.750084671458913,0.3680264608599779,0.0,0.0,labelled,tier_1,significant
8,M7,categorical,0.41904209328913067,3,0.750084671458913,0.4387380777696258,0.0,0.0,labelled,tier_1,significant
9,M7,categorical,0.5350812253114141,3,0.750084671458913,0.39726877715704534,0.0,0.0,labelled,tier_1,significant
10,M7,categorical,0.46423929339710635,3,0.750084671458913,0.42186737326546264,0.0,0.0,labelled,tier_1,significant
11,M7,categorical,0.6836717857525845,3,0.750084671458913,0.3510889958397912,0.0,0.0,labelled,tier_1,significant
12,M7,categorical,0.7033613377454637,3,0.750084671458913,0.3457127252867286,0.0,0.0,labelled,tier_1,significant
0,M8,categorical,0.691982074391164,3,0.750084671458913,0.34879093047096427,0.0,0.0,labelled,tier_1,significant
1,M8,categorical,0.6731232075401676,3,0.750084671458913,0.3542141230068337,0.0,0.0,labelled,tier_1,significant
2,M8,categorical,0.4929163734098406,3,0.750084671458913,0.41168268877962866,0.0,0.0,labelled,tier_1,significant
3,M8,categorical,0.3279760454119494,3,0.750084671458913,0.4758443131909738,0.0,0.0,labelled,tier_1,significant
4,M8,categorical,0.39051244643817407,3,0.750084671458913,0.44980920489058485,0.0,0.0,labelled,tier_1,significant
5,M8,categorical,0.5288883872722998,3,0.750084671458913,0.399366802351877,0.0,0.0,labelled,tier_1,significant
6,M8,categorical,0.7075284807021953,3,0.750084671458913,0.34425944189824215,0.0,0.0,labelled,tier_1,significant
7,M8,categorical,0.6265047201488133,3,0.750084671458913,0.3680264608599779,0.0,0.0,labelled,tier_1,significant
8,M8,categorical,0.41895647429274996,3,0.750084671458913,0.4387380777696258,0.0,0.0,labelled,tier_1,significant
9,M8,categorical,0.5355466922512944,3,0.750084671458913,0.39726877715704534,0.0,0.0,labelled,tier_1,significant
10,M8,categorical,0.4645327310942986,3,0.750084671458913,0.42186737326546264,0.0,0.0,labelled,tier_1,significant
11,M8,categorical,0.6843448678657729,3,0.750084671458913,0.3510889958397912,0.0,0.0,labelled,tier_1,significant
12,M8,categorical,0.704066426150689,3,0.750084671458913,0.3457127252867286,0.0,0.0,labelled,tier_1,significant
0,M9,categorical,0.6922033778190727,3,0.750084671458913,0.34879093047096427,0.0,0.0,labelled,tier_1,significant
1,M9,categorical,0.6737685777865552,3,0.750084671458913,0.3542141230068337,0.0,0.0,labelled,tier_1,significant
2,M9,categorical,0.4927562283324681,3,0.750084671458913,0.41168268877962866,0.0,0.0,labelled,tier_1,significant
3,M9,categorical,0.3279295436602939,3,0.750084671458913,0.4758443131909738,0.0,0.0,labelled,tier_1,significant
4,M9,categorical,0.3906639960416698,3,0.750084671458913,0.44980920489058485,0.0,0.0,labelled,tier_1,significant
5,M9,categorical,0.5285909823646069,3,0.750084671458913,0.399366802351877,0.0,0.0,labelled,tier_1,significant
6,M9,categorical,0.7077040852570722,3,0.750084671458913,0.34425944189824215,0.0,0.0,labelled,tier_1,significant
7,M9,categorical,0.6273072150669513,3,0.750084671458913,0.3680264608599779,0.0,0.0,labelled,tier_1,significant
8,M9,categorical,0.4188729916171067,3,0.750084671458913,0.4387380777696258,0.0,0.0,labelled,tier_1,significant
9,M9,categorical,0.5366444686196169,3,0.750084671458913,0.39726877715704534,0.0,0.0,labelled,tier_1,significant
10,M9,categorical,0.46498577510847616,3,0.750084671458913,0.42186737326546264,0.0,0.0,labelled,tier_1,significant
11,M9,categorical,0.6856540014013132,3,0.750084671458913,0.3510889958397912,0.0,0.0,labelled,tier_1,significant
12,M9,categorical,0.7038428910212708,3,0.750084671458913,0.3457127252867286,0.0,0.0,labelled,tier_1,significant
0,id_01,numeric,0.11479499849067482,4,0.7097842223045198,0.8336247964783212,,,labelled,tier_0,moderate
1,id_01,numeric,0.08821203628846375,4,0.7097842223045198,0.8185506833712984,,,labelled,tier_0,stable
2,id_01,numeric,0.0859302937733841,4,0.7097842223045198,0.8149996330813826,,,labelled,tier_0,stable
3,id_01,numeric,0.0842653522348735,4,0.7097842223045198,0.8151597758594579,,,labelled,tier_0,stable
4,id_01,numeric,0.1095806175909423,4,0.7097842223045198,0.8337356903667938,,,labelled,tier_0,moderate
5,id_01,numeric,0.08817193701285857,4,0.7097842223045198,0.8217247097844113,,,labelled,tier_0,stable
6,id_01,numeric,0.11408643999669671,4,0.7097842223045198,0.8379068283343969,,,labelled,tier_0,moderate
7,id_01,numeric,0.07762351143513899,4,0.7097842223045198,0.812348401323043,,,labelled,tier_0,stable
8,id_01,numeric,0.05492639353672135,4,0.7097842223045198,0.7168678716734476,,,labelled,tier_0,stable
9,id_01,numeric,0.08187843151376012,4,0.7097842223045198,0.7918477136354232,,,labelled,tier_0,stable
10,id_01,numeric,0.14880888480310683,4,0.7097842223045198,0.7590823513004672,,,labelled,tier_0,moderate
11,id_01,numeric,0.08904025434692933,4,0.7097842223045198,0.8123011664899258,,,labelled,tier_0,stable
12,id_01,numeric,0.09049690505701682,4,0.7097842223045198,0.8184962679774258,,,labelled,tier_0,stable
0,id_02,numeric,0.1345614031375748,10,0.7164946332538846,0.8383284086112284,,,labelled,tier_0,moderate
1,id_02,numeric,0.10753431365647759,10,0.7164946332538846,0.8226082004555809,,,labelled,tier_0,moderate
2,id_02,numeric,0.11117870685929064,10,0.7164946332538846,0.8209437146840831,,,labelled,tier_0,moderate
3,id_02,numeric,0.10644998576816862,10,0.7164946332538846,0.8205361199454794,,,labelled,tier_0,moderate
4,id_02,numeric,0.1201476151875749,10,0.7164946332538846,0.8380967214391403,,,labelled,tier_0,moderate
5,id_02,numeric,0.09438640152044167,10,0.7164946332538846,0.8255691240765868,,,labelled,tier_0,stable
6,id_02,numeric,0.12241834559105884,10,0.7164946332538846,0.841213668271741,,,labelled,tier_0,moderate
7,id_02,numeric,0.09535614124397232,10,0.7164946332538846,0.8176405733186328,,,labelled,tier_0,stable
8,id_02,numeric,0.04109444369336026,10,0.7164946332538846,0.7240712332421797,,,labelled,tier_0,stable
9,id_02,numeric,0.07791897066089432,10,0.7164946332538846,0.7970204841713222,,,labelled,tier_0,stable
10,id_02,numeric,0.16497251647434713,10,0.7164946332538846,0.7643818422704135,,,labelled,tier_0,moderate
11,id_02,numeric,0.11525145350414745,10,0.7164946332538846,0.8164613753160943,,,labelled,tier_0,moderate
12,id_02,numeric,0.09430693240055135,10,0.7164946332538846,0.826142363007464,,,labelled,tier_0,stable
0,id_03,numeric,0.033046938891435604,2,0.8709290437347869,0.9252246276307061,,,labelled,tier_0,stable
1,id_03,numeric,0.020748494631496715,2,0.8709290437347869,0.9148633257403189,,,labelled,tier_0,stable
2,id_03,numeric,0.017084276924788543,2,0.8709290437347869,0.9112056945769428,,,labelled,tier_0,stable
3,id_03,numeric,0.019363812088798657,2,0.8709290437347869,0.9132969862183856,,,labelled,tier_0,stable
4,id_03,numeric,0.028308780977267328,2,0.8709290437347869,0.921034187368585,,,labelled,tier_0,stable
5,id_03,numeric,0.014921925479029808,2,0.8709290437347869,0.9089401477461179,,,labelled,tier_0,stable
6,id_03,numeric,0.026917817602867926,2,0.8709290437347869,0.9205198120322562,,,labelled,tier_0,stable
7,id_03,numeric,0.02113015139949584,2,0.8709290437347869,0.9150312385152517,,,labelled,tier_0,stable
8,id_03,numeric,0.003779779947766312,2,0.8709290437347869,0.8542653238177816,,,labelled,tier_0,stable
9,id_03,numeric,0.005260118757408786,2,0.8709290437347869,0.8930271053176081,,,labelled,tier_0,stable
10,id_03,numeric,0.006681528917166261,2,0.8709290437347869,0.848755316923506,,,labelled,tier_0,stable
11,id_03,numeric,0.015702587411567562,2,0.8709290437347869,0.9097805693776001,,,labelled,tier_0,stable
12,id_03,numeric,0.012861394071708866,2,0.8709290437347869,0.9062443109411978,,,labelled,tier_0,stable
0,id_04,numeric,0.03292180503881339,1,0.8709290437347869,0.9252246276307061,,,labelled,tier_0,stable
1,id_04,numeric,0.020443259604035754,1,0.8709290437347869,0.9148633257403189,,,labelled,tier_0,stable
2,id_04,numeric,0.0168857591185625,1,0.8709290437347869,0.9112056945769428,,,labelled,tier_0,stable
3,id_04,numeric,0.018869428502823173,1,0.8709290437347869,0.9132969862183856,,,labelled,tier_0,stable
4,id_04,numeric,0.02742149105471288,1,0.8709290437347869,0.921034187368585,,,labelled,tier_0,stable
5,id_04,numeric,0.014883656467899561,1,0.8709290437347869,0.9089401477461179,,,labelled,tier_0,stable
6,id_04,numeric,0.026790303648268628,1,0.8709290437347869,0.9205198120322562,,,labelled,tier_0,stable
7,id_04,numeric,0.020616552001462597,1,0.8709290437347869,0.9150312385152517,,,labelled,tier_0,stable
8,id_04,numeric,0.0023453044503273096,1,0.8709290437347869,0.8542653238177816,,,labelled,tier_0,stable
9,id_04,numeric,0.004703387147612988,1,0.8709290437347869,0.8930271053176081,,,labelled,tier_0,stable
10,id_04,numeric,0.004087173092228084,1,0.8709290437347869,0.848755316923506,,,labelled,tier_0,stable
11,id_04,numeric,0.015608873357471756,1,0.8709290437347869,0.9097805693776001,,,labelled,tier_0,stable
12,id_04,numeric,0.012692851336364344,1,0.8709290437347869,0.9062443109411978,,,labelled,tier_0,stable
0,id_05,numeric,0.09059505218765394,4,0.724157795946532,0.8445998914551046,,,labelled,tier_0,stable
1,id_05,numeric,0.06458778798069796,4,0.724157795946532,0.8280182232346242,,,labelled,tier_0,stable
2,id_05,numeric,0.06184653019314733,4,0.724157795946532,0.8270345637337638,,,labelled,tier_0,stable
3,id_05,numeric,0.06297954500890636,4,0.724157795946532,0.8274269271543238,,,labelled,tier_0,stable
4,id_05,numeric,0.0848094367644895,4,0.724157795946532,0.8424577525114867,,,labelled,tier_0,stable
5,id_05,numeric,0.06945175520853608,4,0.724157795946532,0.8312226745062566,,,labelled,tier_0,stable
6,id_05,numeric,0.09143837616764178,4,0.724157795946532,0.8453327145094854,,,labelled,tier_0,stable
7,id_05,numeric,0.06109011401344154,4,0.724157795946532,0.8223447262036017,,,labelled,tier_0,stable
8,id_05,numeric,0.006233396951101572,4,0.724157795946532,0.7315413859801241,,,labelled,tier_0,stable
9,id_05,numeric,0.036259445652935915,4,0.724157795946532,0.8015035519691013,,,labelled,tier_0,stable
10,id_05,numeric,0.03168981026859945,4,0.724157795946532,0.7842549334077121,,,labelled,tier_0,stable
11,id_05,numeric,0.05618765933185383,4,0.724157795946532,0.8203768659760177,,,labelled,tier_0,stable
12,id_05,numeric,0.07085605541555265,4,0.724157795946532,0.8326961587474968,,,labelled,tier_0,stable
0,id_06,numeric,0.08919157693521775,4,0.724157795946532,0.8445998914551046,,,labelled,tier_0,stable
1,id_06,numeric,0.06407103650848359,4,0.724157795946532,0.8280182232346242,,,labelled,tier_0,stable
2,id_06,numeric,0.06506649091926107,4,0.724157795946532,0.8270345637337638,,,labelled,tier_0,stable
3,id_06,numeric,0.06589415648905378,4,0.724157795946532,0.8274269271543238,,,labelled,tier_0,stable
4,id_06,numeric,0.0883791944026256,4,0.724157795946532,0.8424577525114867,,,labelled,tier_0,stable
5,id_06,numeric,0.07194918110973035,4,0.724157795946532,0.8312226745062566,,,labelled,tier_0,stable
6,id_06,numeric,0.09860787476021585,4,0.724157795946532,0.8453327145094854,,,labelled,tier_0,stable
7,id_06,numeric,0.06051830280304069,4,0.724157795946532,0.8223447262036017,,,labelled,tier_0,stable
8,id_06,numeric,0.001767787676125344,4,0.724157795946532,0.7315413859801241,,,labelled,tier_0,stable
9,id_06,numeric,0.036016938449825356,4,0.724157795946532,0.8015035519691013,,,labelled,tier_0,stable
10,id_06,numeric,0.021747438342274487,4,0.724157795946532,0.7842549334077121,,,labelled,tier_0,stable
11,id_06,numeric,0.05744279181121072,4,0.724157795946532,0.8203768659760177,,,labelled,tier_0,stable
12,id_06,numeric,0.06994459224319864,4,0.724157795946532,0.8326961587474968,,,labelled,tier_0,stable
0,id_07,numeric,0.00750195897975479,10,0.9894564250602196,0.9955979014653561,,,labelled,tier_0,stable
1,id_07,numeric,0.006000736619908215,10,0.9894564250602196,0.9950170842824602,,,labelled,tier_0,stable
2,id_07,numeric,0.004058172775291733,10,0.9894564250602196,0.9935422323328685,,,labelled,tier_0,stable
3,id_07,numeric,0.003593270997220869,10,0.9894564250602196,0.9929577464788732,,,labelled,tier_0,stable
4,id_07,numeric,0.0029398356417755143,10,0.9894564250602196,0.9929912000623005,,,labelled,tier_0,stable
5,id_07,numeric,0.00141165413022484,10,0.9894564250602196,0.9910296999849239,,,labelled,tier_0,stable
6,id_07,numeric,0.004262848607493124,10,0.9894564250602196,0.9937344085397691,,,labelled,tier_0,stable
7,id_07,numeric,0.005699039076502097,10,0.9894564250602196,0.992723263506064,,,labelled,tier_0,stable
8,id_07,numeric,0.0030581122581421435,10,0.9894564250602196,0.991062495831388,,,labelled,tier_0,stable
9,id_07,numeric,0.005097204207555272,10,0.9894564250602196,0.9926201807021174,,,labelled,tier_0,stable
10,id_07,numeric,0.0035501833266300747,10,0.9894564250602196,0.9933756362875671,,,labelled,tier_0,stable
11,id_07,numeric,0.005367314944962076,10,0.9894564250602196,0.9920874459580716,,,labelled,tier_0,stable
12,id_07,numeric,0.004206820673502919,10,0.9894564250602196,0.9916257054432914,,,labelled,tier_0,stable
0,id_08,numeric,0.006245405422725948,10,0.9894564250602196,0.9955979014653561,,,labelled,tier_0,stable
1,id_08,numeric,0.006291736029944696,10,0.9894564250602196,0.9950170842824602,,,labelled,tier_0,stable
2,id_08,numeric,0.010923797987032727,10,0.9894564250602196,0.9935422323328685,,,labelled,tier_0,stable
3,id_08,numeric,0.0024364565824651833,10,0.9894564250602196,0.9929577464788732,,,labelled,tier_0,stable
4,id_08,numeric,0.0023090862453581883,10,0.9894564250602196,0.9929912000623005,,,labelled,tier_0,stable
5,id_08,numeric,0.002569350034592405,10,0.9894564250602196,0.9910296999849239,,,labelled,tier_0,stable
6,id_08,numeric,0.0030053721353307306,10,0.9894564250602196,0.9937344085397691,,,labelled,tier_0,stable
7,id_08,numeric,0.0039489980545936955,10,0.9894564250602196,0.992723263506064,,,labelled,tier_0,stable
8,id_08,numeric,0.0023042451928143312,10,0.9894564250602196,0.991062495831388,,,labelled,tier_0,stable
9,id_08,numeric,0.0026131512367039977,10,0.9894564250602196,0.9926201807021174,,,labelled,tier_0,stable
10,id_08,numeric,0.0027138322256966135,10,0.9894564250602196,0.9933756362875671,,,labelled,tier_0,stable
11,id_08,numeric,0.003485750015292273,10,0.9894564250602196,0.9920874459580716,,,labelled,tier_0,stable
12,id_08,numeric,0.0051090564753699524,10,0.9894564250602196,0.9916257054432914,,,labelled,tier_0,stable
0,id_09,numeric,0.04379473389470886,2,0.8522285211457077,0.9176867876741241,,,labelled,tier_0,stable
1,id_09,numeric,0.028434051519543126,2,0.8522285211457077,0.9064635535307517,,,labelled,tier_0,stable
2,id_09,numeric,0.022949598504542368,2,0.8522285211457077,0.9016658105232259,,,labelled,tier_0,stable
3,id_09,numeric,0.028565073429762507,2,0.8522285211457077,0.9045888232621536,,,labelled,tier_0,stable
4,id_09,numeric,0.035126323000663255,2,0.8522285211457077,0.9114554941203956,,,labelled,tier_0,stable
5,id_09,numeric,0.02045947148989961,2,0.8522285211457077,0.8991406603346902,,,labelled,tier_0,stable
6,id_09,numeric,0.03457870725990474,2,0.8522285211457077,0.9112954690491385,,,labelled,tier_0,stable
7,id_09,numeric,0.030642117078047457,2,0.8522285211457077,0.9071664829106946,,,labelled,tier_0,stable
8,id_09,numeric,0.002711780098375401,2,0.8522285211457077,0.8425932101647435,,,labelled,tier_0,stable
9,id_09,numeric,0.012533249656487389,2,0.8522285211457077,0.8861300779364094,,,labelled,tier_0,stable
10,id_09,numeric,0.007739865923302547,2,0.8522285211457077,0.8396903981591242,,,labelled,tier_0,stable
11,id_09,numeric,0.022749802774059674,2,0.8522285211457077,0.9012154335590179,,,labelled,tier_0,stable
12,id_09,numeric,0.01761111894071623,2,0.8522285211457077,0.8960495175678136,,,labelled,tier_0,stable
0,id_10,numeric,0.043145595877651086,1,0.8522285211457077,0.9176867876741241,,,labelled,tier_0,stable
1,id_10,numeric,0.028148414497694466,1,0.8522285211457077,0.9064635535307517,,,labelled,tier_0,stable
2,id_10,numeric,0.022923132909090014,1,0.8522285211457077,0.9016658105232259,,,labelled,tier_0,stable
3,id_10,numeric,0.026027955484136292,1,0.8522285211457077,0.9045888232621536,,,labelled,tier_0,stable
4,id_10,numeric,0.0343128599387056,1,0.8522285211457077,0.9114554941203956,,,labelled,tier_0,stable
5,id_10,numeric,0.02043125542993331,1,0.8522285211457077,0.8991406603346902,,,labelled,tier_0,stable
6,id_10,numeric,0.03410312565206701,1,0.8522285211457077,0.9112954690491385,,,labelled,tier_0,stable
7,id_10,numeric,0.028970241514840255,1,0.8522285211457077,0.9071664829106946,,,labelled,tier_0,stable
8,id_10,numeric,0.0007181818080125163,1,0.8522285211457077,0.8425932101647435,,,labelled,tier_0,stable
9,id_10,numeric,0.010157490984125104,1,0.8522285211457077,0.8861300779364094,,,labelled,tier_0,stable
10,id_10,numeric,0.0012069303690828378,1,0.8522285211457077,0.8396903981591242,,,labelled,tier_0,stable
11,id_10,numeric,0.022465978158001186,1,0.8522285211457077,0.9012154335590179,,,labelled,tier_0,stable
12,id_10,numeric,0.01761123873047309,1,0.8522285211457077,0.8960495175678136,,,labelled,tier_0,stable
0,id_11,numeric,0.08802574262167501,1,0.7161432862654981,0.8383284086112284,,,labelled,tier_0,stable
1,id_11,numeric,0.06480585345096482,1,0.7161432862654981,0.8226082004555809,,,labelled,tier_0,stable
2,id_11,numeric,0.06260163722042043,1,0.7161432862654981,0.8209437146840831,,,labelled,tier_0,stable
3,id_11,numeric,0.062068957412383025,1,0.7161432862654981,0.8205361199454794,,,labelled,tier_0,stable
4,id_11,numeric,0.08765047777265292,1,0.7161432862654981,0.8380967214391403,,,labelled,tier_0,stable
5,id_11,numeric,0.06884322817841504,1,0.7161432862654981,0.8255691240765868,,,labelled,tier_0,stable
6,id_11,numeric,0.09278628338137386,1,0.7161432862654981,0.841213668271741,,,labelled,tier_0,stable
7,id_11,numeric,0.058364026778864334,1,0.7161432862654981,0.8176405733186328,,,labelled,tier_0,stable
8,id_11,numeric,0.0003118555684004393,1,0.7161432862654981,0.7240712332421797,,,labelled,tier_0,stable
9,id_11,numeric,0.035777086551764266,1,0.7161432862654981,0.7970204841713222,,,labelled,tier_0,stable
10,id_11,numeric,0.012201803573749163,1,0.7161432862654981,0.7645213025590963,,,labelled,tier_0,stable
11,id_11,numeric,0.057400275310186565,1,0.7161432862654981,0.816869238926503,,,labelled,tier_0,stable
12,id_11,numeric,0.06964231014637677,1,0.7161432862654981,0.826142363007464,,,labelled,tier_0,stable
0,id_12,categorical,0.0888550831059639,3,0.7097842223045198,0.8336247964783212,0.0,0.0,labelled,tier_0,stable
1,id_12,categorical,0.06659516746847681,3,0.7097842223045198,0.8185506833712984,0.0,0.0,labelled,tier_0,stable
2,id_12,categorical,0.06292927309563666,3,0.7097842223045198,0.8149996330813826,0.0,0.0,labelled,tier_0,stable
3,id_12,categorical,0.06277852869598755,3,0.7097842223045198,0.8151597758594579,0.0,0.0,labelled,tier_0,stable
4,id_12,categorical,0.08962501402228021,3,0.7097842223045198,0.8337356903667938,0.0,0.0,labelled,tier_0,stable
5,id_12,categorical,0.0761495915151827,3,0.7097842223045198,0.8217247097844113,0.0,0.0,labelled,tier_0,stable
6,id_12,categorical,0.09955925243140645,3,0.7097842223045198,0.8379068283343969,0.0,0.0,labelled,tier_0,stable
7,id_12,categorical,0.059937259616969094,3,0.7097842223045198,0.812348401323043,0.0,0.0,labelled,tier_0,stable
8,id_12,categorical,0.01894755568472941,3,0.7097842223045198,0.7168678716734476,0.0,0.0,labelled,tier_0,stable
9,id_12,categorical,0.0380278320329966,3,0.7097842223045198,0.7918477136354232,0.0,0.0,labelled,tier_0,stable
10,id_12,categorical,0.1020686117892884,3,0.7097842223045198,0.7590823513004672,0.0,0.0,labelled,tier_0,moderate
11,id_12,categorical,0.06237261684300991,3,0.7097842223045198,0.8123011664899258,0.0,0.0,labelled,tier_0,stable
12,id_12,categorical,0.07661071698519166,3,0.7097842223045198,0.8184962679774258,0.0,0.0,labelled,tier_0,stable
0,id_13,numeric,0.701571699168756,4,0.7517337866026013,0.846469275764337,,,labelled,tier_0,significant
1,id_13,numeric,0.7148358784653243,4,0.7517337866026013,0.8320045558086561,,,labelled,tier_0,significant
2,id_13,numeric,0.6744323670770036,4,0.7517337866026013,0.8290159242679973,,,labelled,tier_0,significant
3,id_13,numeric,0.7332015854982957,4,0.7517337866026013,0.8292442829017114,,,labelled,tier_0,significant
4,id_13,numeric,0.7359381085786254,4,0.7517337866026013,0.8461957791449264,,,labelled,tier_0,significant
5,id_13,numeric,0.6644866137122108,4,0.7517337866026013,0.8361977988843661,,,labelled,tier_0,significant
6,id_13,numeric,0.6059119271491284,4,0.7517337866026013,0.8508441144050589,,,labelled,tier_0,significant
7,id_13,numeric,0.699119956059414,4,0.7517337866026013,0.8278574053656744,,,labelled,tier_0,significant
8,id_13,numeric,0.8537798569466676,4,0.7517337866026013,0.7333422263723071,,,labelled,tier_0,significant
9,id_13,numeric,0.49538066082081544,4,0.7517337866026013,0.8021932547072211,,,labelled,tier_0,significant
10,id_13,numeric,0.4324021470302836,4,0.7517337866026013,0.7721218882923088,,,labelled,tier_0,significant
11,id_13,numeric,0.5549806151511905,4,0.7517337866026013,0.82706582918672,,,labelled,tier_0,significant
12,id_13,numeric,0.46318066638639,4,0.7517337866026013,0.8323320589841616,,,labelled,tier_0,significant
0,id_14,numeric,0.12708944494362967,5,0.8195310942084723,0.9317976240728457,,,labelled,tier_1,moderate
1,id_14,numeric,0.11044985163803038,5,0.8195310942084723,0.9261816628701595,,,labelled,tier_1,moderate
2,id_14,numeric,0.09400068820259158,5,0.8195310942084723,0.9196448227783077,,,labelled,tier_1,stable
3,id_14,numeric,0.08932660249084298,5,0.8195310942084723,0.9174617598061487,,,labelled,tier_1,stable
4,id_14,numeric,0.09321785444835427,5,0.8195310942084723,0.9193988007164551,,,labelled,tier_1,stable
5,id_14,numeric,0.07151428795696403,5,0.8195310942084723,0.9088647670737223,,,labelled,tier_1,stable
6,id_14,numeric,0.10069577916692232,5,0.8195310942084723,0.9227243719904856,,,labelled,tier_1,moderate
7,id_14,numeric,0.07614437425628394,5,0.8195310942084723,0.9110621095185594,,,labelled,tier_1,stable
8,id_14,numeric,0.009669441275872671,5,0.8195310942084723,0.8476622423797773,,,labelled,tier_1,stable
9,id_14,numeric,0.0803390623207067,5,0.8195310942084723,0.9130974549968963,,,labelled,tier_1,stable
10,id_14,numeric,0.045160143740382894,5,0.8195310942084723,0.861515933337982,,,labelled,tier_1,stable
11,id_14,numeric,0.09269990329909009,5,0.8195310942084723,0.9177746961416102,,,labelled,tier_1,stable
12,id_14,numeric,0.0613803429726461,5,0.8195310942084723,0.901875113781176,,,labelled,tier_1,stable
0,id_15,categorical,0.09267984066130283,4,0.7161432862654981,0.8383284086112284,0.0,0.0,labelled,tier_0,stable
1,id_15,categorical,0.06840438759143345,4,0.7161432862654981,0.8226082004555809,0.0,0.0,labelled,tier_0,stable
2,id_15,categorical,0.06547071310736047,4,0.7161432862654981,0.8209437146840831,0.0,0.0,labelled,tier_0,stable
3,id_15,categorical,0.06508462340818053,4,0.7161432862654981,0.8205361199454794,0.0,0.0,labelled,tier_0,stable
4,id_15,categorical,0.08854725337971356,4,0.7161432862654981,0.8380967214391403,0.0,0.0,labelled,tier_0,stable
5,id_15,categorical,0.07372256343068104,4,0.7161432862654981,0.8255691240765868,0.0,0.0,labelled,tier_0,stable
6,id_15,categorical,0.09690134684253868,4,0.7161432862654981,0.841213668271741,0.0,0.0,labelled,tier_0,stable
7,id_15,categorical,0.061384907118833515,4,0.7161432862654981,0.8176405733186328,0.0,0.0,labelled,tier_0,stable
8,id_15,categorical,0.0069859628751809365,4,0.7161432862654981,0.7240712332421797,0.0,0.0,labelled,tier_0,stable
9,id_15,categorical,0.041603693565043,4,0.7161432862654981,0.7970204841713222,0.0,0.0,labelled,tier_0,stable
10,id_15,categorical,0.04787982947163054,4,0.7161432862654981,0.7643818422704135,0.0,0.0,labelled,tier_0,stable
11,id_15,categorical,0.06793277754265918,4,0.7161432862654981,0.8164613753160943,0.0,0.0,labelled,tier_0,stable
12,id_15,categorical,0.07483704271316258,4,0.7161432862654981,0.826142363007464,0.0,0.0,labelled,tier_0,stable
0,id_16,categorical,0.09179636243493704,3,0.7361067588398585,0.8561780136284146,0.0,0.0,labelled,tier_0,stable
1,id_16,categorical,0.06782103458966383,3,0.7361067588398585,0.8403331435079726,0.0,0.0,labelled,tier_0,stable
2,id_16,categorical,0.06424387733781271,3,0.7361067588398585,0.8370147501284215,0.0,0.0,labelled,tier_0,stable
3,id_16,categorical,0.06417400878349158,3,0.7361067588398585,0.8376495532333788,0.0,0.0,labelled,tier_0,stable
4,id_16,categorical,0.08232525189207228,3,0.7361067588398585,0.8502453079978195,0.0,0.0,labelled,tier_0,stable
5,id_16,categorical,0.07138608983929123,3,0.7361067588398585,0.8401175938489371,0.0,0.0,labelled,tier_0,stable
6,id_16,categorical,0.09457886217711323,3,0.7361067588398585,0.8562974995648894,0.0,0.0,labelled,tier_0,stable
7,id_16,categorical,0.06086307507584156,3,0.7361067588398585,0.8359426681367145,0.0,0.0,labelled,tier_0,stable
8,id_16,categorical,0.008561110156726025,3,0.7361067588398585,0.7471486693790436,0.0,0.0,labelled,tier_0,stable
9,id_16,categorical,0.04216734734506806,3,0.7361067588398585,0.814263052624319,0.0,0.0,labelled,tier_0,stable
10,id_16,categorical,0.05079354733681905,3,0.7361067588398585,0.7801408548915696,0.0,0.0,labelled,tier_0,stable
11,id_16,categorical,0.06933582910393522,3,0.7361067588398585,0.839383310221062,0.0,0.0,labelled,tier_0,stable
12,id_16,categorical,0.06909120966628637,3,0.7361067588398585,0.8376115055525214,0.0,0.0,labelled,tier_0,stable
0,id_17,numeric,0.12970769823775963,3,0.7188052936279583,0.8397756738828921,,,labelled,tier_0,moderate
1,id_17,numeric,0.1069159945541024,3,0.7188052936279583,0.8238895216400911,,,labelled,tier_0,moderate
2,id_17,numeric,0.09903610917297759,3,0.7188052936279583,0.8228516914948264,,,labelled,tier_0,stable
3,id_17,numeric,0.0920092366829361,3,0.7188052936279583,0.8228835377858549,,,labelled,tier_0,stable
4,id_17,numeric,0.10865058660819293,3,0.7188052936279583,0.8393427303169535,,,labelled,tier_0,moderate
5,id_17,numeric,0.08337209506300292,3,0.7188052936279583,0.8282074476104326,,,labelled,tier_0,stable
6,id_17,numeric,0.1150500563596134,3,0.7188052936279583,0.8434762429657133,,,labelled,tier_0,moderate
7,id_17,numeric,0.07981377521319054,3,0.7188052936279583,0.8196986402058067,,,labelled,tier_0,stable
8,id_17,numeric,0.009426909981216957,3,0.7188052936279583,0.7282731941572734,,,labelled,tier_0,stable
9,id_17,numeric,0.08123670845372177,3,0.7188052936279583,0.7990895923856818,,,labelled,tier_0,stable
10,id_17,numeric,0.02451086698118988,3,0.7188052936279583,0.7818143783557632,,,labelled,tier_0,stable
11,id_17,numeric,0.09116903120808315,3,0.7188052936279583,0.8186638388123012,,,labelled,tier_0,stable
12,id_17,numeric,0.07816008880707745,3,0.7188052936279583,0.8292372109958128,,,labelled,tier_0,stable
0,id_18,numeric,0.02691725276839858,4,0.9099095677165927,0.9462099740698305,,,labelled,tier_0,stable
1,id_18,numeric,0.020118420564018642,4,0.9099095677165927,0.943621867881549,,,labelled,tier_0,stable
2,id_18,numeric,0.018152556732376174,4,0.9099095677165927,0.9432009980186394,,,labelled,tier_0,stable
3,id_18,numeric,0.011311000894915699,4,0.9099095677165927,0.9344237467817659,,,labelled,tier_0,stable
4,id_18,numeric,0.022080308783190485,4,0.9099095677165927,0.9446304804921735,,,labelled,tier_0,stable
5,id_18,numeric,0.014349188334367503,4,0.9099095677165927,0.939469320066335,,,labelled,tier_0,stable
6,id_18,numeric,0.025030542040608866,4,0.9099095677165927,0.9479027673028949,,,labelled,tier_0,stable
7,id_18,numeric,0.011082600179874122,4,0.9099095677165927,0.9314957736126425,,,labelled,tier_0,stable
8,id_18,numeric,0.004619994576788768,4,0.9099095677165927,0.9123591009137597,,,labelled,tier_0,stable
9,id_18,numeric,0.011464604824456732,4,0.9099095677165927,0.9335816263190565,,,labelled,tier_0,stable
10,id_18,numeric,0.02150432512738956,4,0.9099095677165927,0.9347325848964507,,,labelled,tier_0,stable
11,id_18,numeric,0.023868852275604282,4,0.9099095677165927,0.9322130679500775,,,labelled,tier_0,stable
12,id_18,numeric,0.020756134189455173,4,0.9099095677165927,0.9408337884580376,,,labelled,tier_0,stable
0,id_19,numeric,0.10790873903634512,10,0.718874929967999,0.8398359766025447,,,labelled,tier_0,moderate
1,id_19,numeric,0.08741776662965998,10,0.718874929967999,0.8243166287015945,,,labelled,tier_0,stable
2,id_19,numeric,0.07822342132987976,10,0.718874929967999,0.8228516914948264,,,labelled,tier_0,stable
3,id_19,numeric,0.08248895817845057,10,0.718874929967999,0.8228835377858549,,,labelled,tier_0,stable
4,id_19,numeric,0.09617583413109962,10,0.718874929967999,0.8393427303169535,,,labelled,tier_0,stable
5,id_19,numeric,0.07588951394032803,10,0.718874929967999,0.8282828282828283,,,labelled,tier_0,stable
6,id_19,numeric,0.09927272646408333,10,0.718874929967999,0.8434762429657133,,,labelled,tier_0,stable
7,id_19,numeric,0.07091426498240558,10,0.718874929967999,0.8196986402058067,,,labelled,tier_0,stable
8,id_19,numeric,0.022284577615920467,10,0.718874929967999,0.7282731941572734,,,labelled,tier_0,stable
9,id_19,numeric,0.0570779393897564,10,0.718874929967999,0.7995034140285537,,,labelled,tier_0,stable
10,id_19,numeric,0.11238552429791802,10,0.718874929967999,0.7820235687887874,,,labelled,tier_0,moderate
11,id_19,numeric,0.07693055186550826,10,0.718874929967999,0.8187454115343828,,,labelled,tier_0,stable
12,id_19,numeric,0.07786879014609532,10,0.718874929967999,0.8292372109958128,,,labelled,tier_0,stable
0,id_20,numeric,0.12482493347528245,9,0.7188780952561826,0.8400168847615027,,,labelled,tier_0,moderate
1,id_20,numeric,0.10182767621988613,9,0.7188780952561826,0.8238895216400911,,,labelled,tier_0,moderate
2,id_20,numeric,0.095129262027154,9,0.7188780952561826,0.8229984589418067,,,labelled,tier_0,stable
3,id_20,numeric,0.0883391834922471,9,0.7188780952561826,0.8231864304104195,,,labelled,tier_0,stable
4,id_20,numeric,0.11138784199726909,9,0.7188780952561826,0.8398099836461335,,,labelled,tier_0,moderate
5,id_20,numeric,0.09748328222372762,9,0.7188780952561826,0.8283582089552238,,,labelled,tier_0,stable
6,id_20,numeric,0.12777118704794443,9,0.7188780952561826,0.8437083019086848,,,labelled,tier_0,moderate
7,id_20,numeric,0.08480093676889408,9,0.7188780952561826,0.8202866593164277,,,labelled,tier_0,stable
8,id_20,numeric,0.04346183109200281,9,0.7188780952561826,0.7286733809110918,,,labelled,tier_0,stable
9,id_20,numeric,0.07242267089092609,9,0.7188780952561826,0.7992965032071178,,,labelled,tier_0,stable
10,id_20,numeric,0.1292904096639739,9,0.7188780952561826,0.78265114008786,,,labelled,tier_0,moderate
11,id_20,numeric,0.09460854396920829,9,0.7188780952561826,0.8189085569785464,,,labelled,tier_0,stable
12,id_20,numeric,0.10742983105748499,9,0.7188780952561826,0.8299654105224832,,,labelled,tier_0,moderate
0,id_21,numeric,0.006327920118097707,7,0.989443763907485,0.9955979014653561,,,labelled,tier_0,stable
1,id_21,numeric,0.0048203086193823585,7,0.989443763907485,0.9950170842824602,,,labelled,tier_0,stable
2,id_21,numeric,0.003073362259194736,7,0.989443763907485,0.9939091509503192,,,labelled,tier_0,stable
3,id_21,numeric,0.0017543475401506684,7,0.989443763907485,0.992806300166591,,,labelled,tier_0,stable
4,id_21,numeric,0.0024991168930390186,7,0.989443763907485,0.9929912000623005,,,labelled,tier_0,stable
5,id_21,numeric,0.0020774486026333095,7,0.989443763907485,0.9910296999849239,,,labelled,tier_0,stable
6,id_21,numeric,0.0038379065872543336,7,0.989443763907485,0.9937344085397691,,,labelled,tier_0,stable
7,id_21,numeric,0.002042213426491495,7,0.989443763907485,0.9926497611172364,,,labelled,tier_0,stable
8,id_21,numeric,0.0018834004406479265,7,0.989443763907485,0.991062495831388,,,labelled,tier_0,stable
9,id_21,numeric,0.0018006328844000058,7,0.989443763907485,0.9926201807021174,,,labelled,tier_0,stable
10,id_21,numeric,0.003479160877191842,7,0.989443763907485,0.9933059061432257,,,labelled,tier_0,stable
11,id_21,numeric,0.004353118875421345,7,0.989443763907485,0.9920874459580716,,,labelled,tier_0,stable
12,id_21,numeric,0.007383694726607145,7,0.989443763907485,0.9916257054432914,,,labelled,tier_0,stable
0,id_22,numeric,0.005570147284464697,2,0.9894311027547503,0.9955979014653561,,,labelled,tier_0,stable
1,id_22,numeric,0.004255189972041401,2,0.9894311027547503,0.9950170842824602,,,labelled,tier_0,stable
2,id_22,numeric,0.002749480035593166,2,0.9894311027547503,0.9934688486093785,,,labelled,tier_0,stable
3,id_22,numeric,0.0013182883588305978,2,0.9894311027547503,0.992806300166591,,,labelled,tier_0,stable
4,id_22,numeric,0.0014772543048857483,2,0.9894311027547503,0.9929912000623005,,,labelled,tier_0,stable
5,id_22,numeric,0.0002678154708967486,2,0.9894311027547503,0.9910296999849239,,,labelled,tier_0,stable
6,id_22,numeric,0.002787837577248574,2,0.9894311027547503,0.9937344085397691,,,labelled,tier_0,stable
7,id_22,numeric,0.0013454204553721549,2,0.9894311027547503,0.9926497611172364,,,labelled,tier_0,stable
8,id_22,numeric,0.0004013803393754923,2,0.9894311027547503,0.991062495831388,,,labelled,tier_0,stable
9,id_22,numeric,0.001215509537962023,2,0.9894311027547503,0.9926201807021174,,,labelled,tier_0,stable
10,id_22,numeric,0.0017941947554755686,2,0.9894311027547503,0.9933059061432257,,,labelled,tier_0,stable
11,id_22,numeric,0.000896146445042768,2,0.9894311027547503,0.9920874459580716,,,labelled,tier_0,stable
12,id_22,numeric,0.0006515328743144184,2,0.9894311027547503,0.9916257054432914,,,labelled,tier_0,stable
0,id_23,categorical,0.006009462549672692,4,0.9894311027547503,0.9955979014653561,0.0,0.0,labelled,tier_2,stable
1,id_23,categorical,0.004377153253754846,4,0.9894311027547503,0.9950170842824602,0.0,0.0,labelled,tier_2,stable
2,id_23,categorical,0.0021207853780008225,4,0.9894311027547503,0.9934688486093785,0.0,0.0,labelled,tier_2,stable
3,id_23,categorical,0.0015604300574461052,4,0.9894311027547503,0.992806300166591,0.0,0.0,labelled,tier_2,stable
4,id_23,categorical,0.0016977473160698921,4,0.9894311027547503,0.9929912000623005,0.0,0.0,labelled,tier_2,stable
5,id_23,categorical,0.0003378328598685856,4,0.9894311027547503,0.9910296999849239,0.0,0.0,labelled,tier_2,stable
6,id_23,categorical,0.0028826028464144907,4,0.9894311027547503,0.9937344085397691,0.0,0.0,labelled,tier_2,stable
7,id_23,categorical,0.00189020246469237,4,0.9894311027547503,0.9926497611172364,0.0,0.0,labelled,tier_2,stable
8,id_23,categorical,0.002365288741329615,4,0.9894311027547503,0.991062495831388,0.0,0.0,labelled,tier_2,stable
9,id_23,categorical,0.0015588923807293884,4,0.9894311027547503,0.9926201807021174,0.0,0.0,labelled,tier_2,stable
10,id_23,categorical,0.003491787112645913,4,0.9894311027547503,0.9933059061432257,0.0,0.0,labelled,tier_2,stable
11,id_23,categorical,0.0018517908303693304,4,0.9894311027547503,0.9920874459580716,0.0,0.0,labelled,tier_2,stable
12,id_23,categorical,0.0015483142364829331,4,0.9894311027547503,0.9916257054432914,0.0,0.0,labelled,tier_2,stable
0,id_24,numeric,0.005648298856811493,3,0.9902477471061353,0.9958994150636193,,,labelled,tier_0,stable
1,id_24,numeric,0.004332285592304581,3,0.9902477471061353,0.9952306378132119,,,labelled,tier_0,stable
2,id_24,numeric,0.004014456339977887,3,0.9902477471061353,0.9945696044617304,,,labelled,tier_0,stable
3,id_24,numeric,0.0012027841317988324,3,0.9902477471061353,0.9932606391034379,,,labelled,tier_0,stable
4,id_24,numeric,0.0013988623663262353,3,0.9902477471061353,0.9933027022817538,,,labelled,tier_0,stable
5,id_24,numeric,0.00035923673729939794,3,0.9902477471061353,0.9916327453640886,,,labelled,tier_0,stable
6,id_24,numeric,0.0022747044383360105,3,0.9902477471061353,0.9939084527469977,,,labelled,tier_0,stable
7,id_24,numeric,0.0018006881305146882,3,0.9902477471061353,0.992723263506064,,,labelled,tier_0,stable
8,id_24,numeric,0.0012034287658172743,3,0.9902477471061353,0.9920629627159341,,,labelled,tier_0,stable
9,id_24,numeric,0.001326930325420719,3,0.9902477471061353,0.9931719428926132,,,labelled,tier_0,stable
10,id_24,numeric,0.004198283976809077,3,0.9902477471061353,0.9937940171536155,,,labelled,tier_0,stable
11,id_24,numeric,0.005393905333545254,3,0.9902477471061353,0.9931478913451341,,,labelled,tier_0,stable
12,id_24,numeric,0.002450608001633085,3,0.9902477471061353,0.9923539049699618,,,labelled,tier_0,stable
0,id_25,numeric,0.006986693223993517,6,0.989481747365689,0.9955979014653561,,,labelled,tier_0,stable
1,id_25,numeric,0.004799814803873252,6,0.989481747365689,0.9950170842824602,,,labelled,tier_0,stable
2,id_25,numeric,0.002351514120412107,6,0.989481747365689,0.9934688486093785,,,labelled,tier_0,stable
3,id_25,numeric,0.0035046888420503467,6,0.989481747365689,0.9930334696350144,,,labelled,tier_0,stable
4,id_25,numeric,0.0018873392664743968,6,0.989481747365689,0.9931469511720271,,,labelled,tier_0,stable
5,id_25,numeric,0.001605058374731217,6,0.989481747365689,0.9910296999849239,,,labelled,tier_0,stable
6,id_25,numeric,0.003908757629725984,6,0.989481747365689,0.9937344085397691,,,labelled,tier_0,stable
7,id_25,numeric,0.002829321666701447,6,0.989481747365689,0.992723263506064,,,labelled,tier_0,stable
8,id_25,numeric,0.0014254106150085545,6,0.989481747365689,0.991062495831388,,,labelled,tier_0,stable
9,id_25,numeric,0.0018744199378311025,6,0.989481747365689,0.9929650320711774,,,labelled,tier_0,stable
10,id_25,numeric,0.003391927634078515,6,0.989481747365689,0.9934453664319085,,,labelled,tier_0,stable
11,id_25,numeric,0.004378758922376559,6,0.989481747365689,0.9920874459580716,,,labelled,tier_0,stable
12,id_25,numeric,0.005010489038268168,6,0.989481747365689,0.9916257054432914,,,labelled,tier_0,stable
0,id_26,numeric,0.008621416538210618,10,0.989434268042934,0.9955979014653561,,,labelled,tier_0,stable
1,id_26,numeric,0.00705257468867754,10,0.989434268042934,0.9950170842824602,,,labelled,tier_0,stable
2,id_26,numeric,0.004812306244094531,10,0.989434268042934,0.9934688486093785,,,labelled,tier_0,stable
3,id_26,numeric,0.0022116886357647463,10,0.989434268042934,0.992806300166591,,,labelled,tier_0,stable
4,id_26,numeric,0.0036195336078215083,10,0.989434268042934,0.9929912000623005,,,labelled,tier_0,stable
5,id_26,numeric,0.0027004003043722396,10,0.989434268042934,0.9910296999849239,,,labelled,tier_0,stable
6,id_26,numeric,0.004856782193031071,10,0.989434268042934,0.9937344085397691,,,labelled,tier_0,stable
7,id_26,numeric,0.0028572422844282343,10,0.989434268042934,0.9926497611172364,,,labelled,tier_0,stable
8,id_26,numeric,0.003181396418295879,10,0.989434268042934,0.991062495831388,,,labelled,tier_0,stable
9,id_26,numeric,0.004319105716381203,10,0.989434268042934,0.9926201807021174,,,labelled,tier_0,stable
10,id_26,numeric,0.004136576073529035,10,0.989434268042934,0.9933059061432257,,,labelled,tier_0,stable
11,id_26,numeric,0.002971661346282488,10,0.989434268042934,0.9920874459580716,,,labelled,tier_0,stable
12,id_26,numeric,0.0063311813151866285,10,0.989434268042934,0.9916257054432914,,,labelled,tier_0,stable
0,id_27,categorical,0.005484500557079724,3,0.9894311027547503,0.9955979014653561,2.5322305469301454e-05,0.0,labelled,tier_0,stable
1,id_27,categorical,0.00428139600507063,3,0.9894311027547503,0.9950170842824602,2.5322305469301454e-05,0.0,labelled,tier_0,stable
2,id_27,categorical,0.0020691234554907245,3,0.9894311027547503,0.9934688486093785,2.5322305469301454e-05,7.338372349012989e-05,labelled,tier_0,stable
3,id_27,categorical,0.0016459454845385926,3,0.9894311027547503,0.992806300166591,2.5322305469301454e-05,0.00015144631228229593,labelled,tier_0,stable
4,id_27,categorical,0.0015388580792663835,3,0.9894311027547503,0.9929912000623005,2.5322305469301454e-05,0.0,labelled,tier_0,stable
5,id_27,categorical,0.00033960640700460103,3,0.9894311027547503,0.9910296999849239,2.5322305469301454e-05,0.0,labelled,tier_0,stable
6,id_27,categorical,0.0023276625786186333,3,0.9894311027547503,0.9937344085397691,2.5322305469301454e-05,0.0,labelled,tier_0,stable
7,id_27,categorical,0.0012718969664480028,3,0.9894311027547503,0.9926497611172364,2.5322305469301454e-05,7.350238882763689e-05,labelled,tier_0,stable
8,id_27,categorical,0.0003508944953936491,3,0.9894311027547503,0.991062495831388,2.5322305469301454e-05,0.0,labelled,tier_0,stable
9,id_27,categorical,0.0012216734067286284,3,0.9894311027547503,0.9926201807021174,2.5322305469301454e-05,0.0,labelled,tier_0,stable
10,id_27,categorical,0.001880321873161044,3,0.9894311027547503,0.9933059061432257,2.5322305469301454e-05,6.973014434139879e-05,labelled,tier_0,stable
11,id_27,categorical,0.0008451302614398368,3,0.9894311027547503,0.9920874459580716,2.5322305469301454e-05,0.0,labelled,tier_0,stable
12,id_27,categorical,0.000587316882069498,3,0.9894311027547503,0.9916257054432914,2.5322305469301454e-05,0.0,labelled,tier_0,stable
0,id_28,categorical,0.08842028156339723,3,0.7161432862654981,0.8383284086112284,0.0,0.0,labelled,tier_0,stable
1,id_28,categorical,0.06480880526404094,3,0.7161432862654981,0.8226082004555809,0.0,0.0,labelled,tier_0,stable
2,id_28,categorical,0.06294920544027928,3,0.7161432862654981,0.8209437146840831,0.0,0.0,labelled,tier_0,stable
3,id_28,categorical,0.06207789412571587,3,0.7161432862654981,0.8205361199454794,0.0,0.0,labelled,tier_0,stable
4,id_28,categorical,0.0880095398478315,3,0.7161432862654981,0.8380967214391403,0.0,0.0,labelled,tier_0,stable
5,id_28,categorical,0.07111312665345042,3,0.7161432862654981,0.8255691240765868,0.0,0.0,labelled,tier_0,stable
6,id_28,categorical,0.09350758683458789,3,0.7161432862654981,0.841213668271741,0.0,0.0,labelled,tier_0,stable
7,id_28,categorical,0.05873956094744992,3,0.7161432862654981,0.8176405733186328,0.0,0.0,labelled,tier_0,stable
8,id_28,categorical,0.002099940066004897,3,0.7161432862654981,0.7240712332421797,0.0,0.0,labelled,tier_0,stable
9,id_28,categorical,0.03669541192018681,3,0.7161432862654981,0.7970204841713222,0.0,0.0,labelled,tier_0,stable
10,id_28,categorical,0.03700708631021192,3,0.7161432862654981,0.7645213025590963,0.0,0.0,labelled,tier_0,stable
11,id_28,categorical,0.057454401369645636,3,0.7161432862654981,0.816869238926503,0.0,0.0,labelled,tier_0,stable
12,id_28,categorical,0.073952942879977,3,0.7161432862654981,0.826142363007464,0.0,0.0,labelled,tier_0,stable
0,id_29,categorical,0.08814226463340513,3,0.7161432862654981,0.8383284086112284,0.0,0.0,labelled,tier_0,stable
1,id_29,categorical,0.06484716712327264,3,0.7161432862654981,0.8226082004555809,0.0,0.0,labelled,tier_0,stable
2,id_29,categorical,0.0633626058006805,3,0.7161432862654981,0.8209437146840831,0.0,0.0,labelled,tier_0,stable
3,id_29,categorical,0.06218243160531789,3,0.7161432862654981,0.8205361199454794,0.0,0.0,labelled,tier_0,stable
4,id_29,categorical,0.08827056657872512,3,0.7161432862654981,0.8380967214391403,0.0,0.0,labelled,tier_0,stable
5,id_29,categorical,0.07192400468480323,3,0.7161432862654981,0.8255691240765868,0.0,0.0,labelled,tier_0,stable
6,id_29,categorical,0.09407751743848475,3,0.7161432862654981,0.841213668271741,0.0,0.0,labelled,tier_0,stable
7,id_29,categorical,0.058487590032984926,3,0.7161432862654981,0.8176405733186328,0.0,0.0,labelled,tier_0,stable
8,id_29,categorical,0.00312283190666298,3,0.7161432862654981,0.7240712332421797,0.0,0.0,labelled,tier_0,stable
9,id_29,categorical,0.03737886449391533,3,0.7161432862654981,0.7970204841713222,0.0,0.0,labelled,tier_0,stable
10,id_29,categorical,0.04033942335406954,3,0.7161432862654981,0.7645213025590963,0.0,0.0,labelled,tier_0,stable
11,id_29,categorical,0.0577327404536146,3,0.7161432862654981,0.816869238926503,0.0,0.0,labelled,tier_0,stable
12,id_29,categorical,0.07521306140857559,3,0.7161432862654981,0.826142363007464,0.0,0.0,labelled,tier_0,stable
0,id_30,categorical,0.289734169846122,56,0.8242568694666806,0.9340288246999939,0.0015383300572600633,0.0022915033468009407,labelled,tier_1,significant
1,id_30,categorical,0.27766152103332375,56,0.8242568694666806,0.9290290432801822,0.0015383300572600633,0.007189635535307517,labelled,tier_1,significant
2,id_30,categorical,0.2650821610749185,56,0.8242568694666806,0.9228737066118735,0.0015383300572600633,0.011741395758420783,labelled,tier_1,significant
3,id_30,categorical,0.25246601167702404,56,0.8242568694666806,0.9199606239588066,0.0015383300572600633,0.014538845979100408,labelled,tier_1,significant
4,id_30,categorical,0.2837753247408459,56,0.8242568694666806,0.9227474495755782,0.0015383300572600633,0.015964488746982322,labelled,tier_1,significant
5,id_30,categorical,0.2960503577358219,56,0.8242568694666806,0.9120307553143374,0.0015383300572600633,0.02193577566711895,labelled,tier_1,significant
6,id_30,categorical,0.2863829971188431,56,0.8242568694666806,0.9251609908916865,0.0015383300572600633,0.016012067065034517,labelled,tier_1,significant
7,id_30,categorical,0.2982826173780543,56,0.8242568694666806,0.9128996692392503,0.0015383300572600633,0.02249173098125689,labelled,tier_1,significant
8,id_30,categorical,0.29806790318904797,56,0.8242568694666806,0.8503301540719003,0.0015383300572600633,0.046354965650636966,labelled,tier_1,significant
9,id_30,categorical,0.2999572921260633,56,0.8242568694666806,0.9180633147113594,0.0015383300572600633,0.02110490378646803,labelled,tier_1,significant
10,id_30,categorical,0.31119286908107924,56,0.8242568694666806,0.8647235199776864,0.0015383300572600633,0.02119796387978523,labelled,tier_1,significant
11,id_30,categorical,0.31199291707208465,56,0.8242568694666806,0.9199771596378171,0.0015383300572600633,0.022758789460804306,labelled,tier_1,significant
12,id_30,categorical,0.3765746499382887,56,0.8242568694666806,0.9051520116511924,0.0015383300572600633,0.021117786273438924,labelled,tier_1,significant
0,id_31,categorical,1.441827143234502,55,0.7169441041759647,0.8388711330881022,0.0027379742788682195,0.08532834830850872,labelled,tier_1,significant
1,id_31,categorical,1.2909067624837738,55,0.7169441041759647,0.8228929384965832,0.0027379742788682195,0.09488895216400911,labelled,tier_1,significant
2,id_31,categorical,1.4080682920793797,55,0.7169441041759647,0.8216775519189844,0.0027379742788682195,0.10060908490496807,labelled,tier_1,significant
3,id_31,categorical,1.4051504671030763,55,0.7169441041759647,0.8206875662577616,0.0027379742788682195,0.10169619869756172,labelled,tier_1,significant
4,id_31,categorical,1.290691866246615,55,0.7169441041759647,0.8385639747683202,0.0027379742788682195,0.07001012382213223,labelled,tier_1,significant
5,id_31,categorical,1.3538445692163052,55,0.7169441041759647,0.8261721694557516,0.0027379742788682195,0.06331976481230213,labelled,tier_1,significant
6,id_31,categorical,1.3248927245839888,55,0.7169441041759647,0.8413877124789697,0.0027379742788682195,0.03277832569472646,labelled,tier_1,significant
7,id_31,categorical,1.098328588747921,55,0.7169441041759647,0.8181550900404263,0.0027379742788682195,0.08540977581771407,labelled,tier_1,significant
8,id_31,categorical,1.6896894373274256,55,0.7169441041759647,0.727072633895818,0.0027379742788682195,0.16094177282731942,labelled,tier_1,significant
9,id_31,categorical,1.5686408759920096,55,0.7169441041759647,0.7983309193737499,0.0027379742788682195,0.13642320160011034,labelled,tier_1,significant
10,id_31,categorical,1.6103287590705717,55,0.7169441041759647,0.7820235687887874,0.0027379742788682195,0.11359040513213862,labelled,tier_1,significant
11,id_31,categorical,1.9901758050880836,55,0.7169441041759647,0.8187454115343828,0.0027379742788682195,0.12048291051472387,labelled,tier_1,significant
12,id_31,categorical,1.6174730709413596,55,0.7169441041759647,0.8263244128891316,0.0027379742788682195,0.11887857272892773,labelled,tier_1,significant
0,id_32,numeric,0.12294579409397938,2,0.8242220512966603,0.9340288246999939,,,labelled,tier_1,moderate
1,id_32,numeric,0.11171553764224887,2,0.8242220512966603,0.9290290432801822,,,labelled,tier_1,moderate
2,id_32,numeric,0.0984161044602966,2,0.8242220512966603,0.9228737066118735,,,labelled,tier_1,stable
3,id_32,numeric,0.09144826507770579,2,0.8242220512966603,0.9198849008026655,,,labelled,tier_1,stable
4,id_32,numeric,0.09653341437419283,2,0.8242220512966603,0.9227474495755782,,,labelled,tier_1,stable
5,id_32,numeric,0.07407572244785707,2,0.8242220512966603,0.9120307553143374,,,labelled,tier_1,stable
6,id_32,numeric,0.10453540526250776,2,0.8242220512966603,0.9251609908916865,,,labelled,tier_1,moderate
7,id_32,numeric,0.0725362379685296,2,0.8242220512966603,0.9128996692392503,,,labelled,tier_1,stable
8,id_32,numeric,0.006113998699446186,2,0.8242220512966603,0.8503301540719003,,,labelled,tier_1,stable
9,id_32,numeric,0.08489030286038879,2,0.8242220512966603,0.9180633147113594,,,labelled,tier_1,stable
10,id_32,numeric,0.044128729078048566,2,0.8242220512966603,0.8647235199776864,,,labelled,tier_1,stable
11,id_32,numeric,0.08606962013572582,2,0.8242220512966603,0.9199771596378171,,,labelled,tier_1,stable
12,id_32,numeric,0.06515959890886978,2,0.8242220512966603,0.9051520116511924,,,labelled,tier_1,stable
0,id_33,categorical,0.11910777681572945,44,0.8366711297230056,0.9340288246999939,0.0021713876939925994,0.0036784658988120366,labelled,tier_1,moderate
1,id_33,categorical,0.10817081901583732,44,0.8366711297230056,0.9290290432801822,0.0021713876939925994,0.0035592255125284737,labelled,tier_1,moderate
2,id_33,categorical,0.10179466497522296,44,0.8366711297230056,0.9228737066118735,0.0021713876939925994,0.005283628091289352,labelled,tier_1,moderate
3,id_33,categorical,0.09273944223686581,44,0.8366711297230056,0.9198849008026655,0.0021713876939925994,0.005527790398303802,labelled,tier_1,stable
4,id_33,categorical,0.09767950346964585,44,0.8366711297230056,0.9227474495755782,0.0021713876939925994,0.005529164395296316,labelled,tier_1,stable
5,id_33,categorical,0.07711598721638924,44,0.8366711297230056,0.9120307553143374,0.0021713876939925994,0.005653550429669833,labelled,tier_1,stable
6,id_33,categorical,0.1000808331730529,44,0.8366711297230056,0.9251609908916865,0.0021713876939925994,0.004293090444973023,labelled,tier_1,moderate
7,id_33,categorical,0.0761193404878002,44,0.8366711297230056,0.9128996692392503,0.0021713876939925994,0.0045571481073134875,labelled,tier_1,stable
8,id_33,categorical,0.07176705408239131,44,0.8366711297230056,0.8503301540719003,0.0021713876939925994,0.019208964183285535,labelled,tier_1,stable
9,id_33,categorical,0.09527458362084798,44,0.8366711297230056,0.9180633147113594,0.0021713876939925994,0.0077246706669425475,labelled,tier_1,stable
10,id_33,categorical,0.1306118602270953,44,0.8366711297230056,0.8647235199776864,0.0021713876939925994,0.008437347465309252,labelled,tier_1,moderate
11,id_33,categorical,0.08995512680329458,44,0.8366711297230056,0.9199771596378171,0.0021713876939925994,0.005220654213231096,labelled,tier_1,stable
12,id_33,categorical,0.09658499268189695,44,0.8366711297230056,0.9051520116511924,0.0021713876939925994,0.004551247041689423,labelled,tier_1,stable
0,id_34,categorical,0.12294490292568376,5,0.8240701174638445,0.9343303382982573,6.3305763673253635e-06,0.0,labelled,tier_0,moderate
1,id_34,categorical,0.10923261774281474,5,0.8240701174638445,0.9288154897494305,6.3305763673253635e-06,0.0,labelled,tier_0,moderate
2,id_34,categorical,0.0938294088833634,5,0.8240701174638445,0.922580171717913,6.3305763673253635e-06,0.0,labelled,tier_0,stable
3,id_34,categorical,0.08751526021477586,5,0.8240701174638445,0.9197334544903831,6.3305763673253635e-06,0.0,labelled,tier_0,stable
4,id_34,categorical,0.09512492699606154,5,0.8240701174638445,0.9228253251304416,6.3305763673253635e-06,0.0,labelled,tier_0,stable
5,id_34,categorical,0.06978788325072788,5,0.8240701174638445,0.9118799939695462,6.3305763673253635e-06,0.0,labelled,tier_0,stable
6,id_34,categorical,0.10104356972093173,5,0.8240701174638445,0.9250449614202008,6.3305763673253635e-06,0.0,labelled,tier_0,moderate
7,id_34,categorical,0.07101244322938045,5,0.8240701174638445,0.9123851525174568,6.3305763673253635e-06,0.0,labelled,tier_0,stable
8,id_34,categorical,0.01620894206775782,5,0.8240701174638445,0.8476622423797773,6.3305763673253635e-06,0.0,labelled,tier_0,stable
9,id_34,categorical,0.09933324604284723,5,0.8240701174638445,0.9175115525208635,6.3305763673253635e-06,0.0,labelled,tier_0,stable
10,id_34,categorical,0.056684257313071446,5,0.8240701174638445,0.8578899658322293,6.3305763673253635e-06,0.0,labelled,tier_0,stable
11,id_34,categorical,0.09667293409643833,5,0.8240701174638445,0.9191614324169998,6.3305763673253635e-06,0.0,labelled,tier_0,stable
12,id_34,categorical,0.09037952721214446,5,0.8240701174638445,0.9051520116511924,6.3305763673253635e-06,0.0,labelled,tier_0,stable
0,id_35,categorical,0.1277354923867126,3,0.7161432862654981,0.8383284086112284,0.0,0.0,labelled,tier_0,moderate
1,id_35,categorical,0.10976597492536638,3,0.7161432862654981,0.8226082004555809,0.0,0.0,labelled,tier_0,moderate
2,id_35,categorical,0.09558809847203661,3,0.7161432862654981,0.8209437146840831,0.0,0.0,labelled,tier_0,stable
3,id_35,categorical,0.09018539568219297,3,0.7161432862654981,0.8205361199454794,0.0,0.0,labelled,tier_0,stable
4,id_35,categorical,0.10584124767298897,3,0.7161432862654981,0.8380967214391403,0.0,0.0,labelled,tier_0,moderate
5,id_35,categorical,0.08103519330924303,3,0.7161432862654981,0.8255691240765868,0.0,0.0,labelled,tier_0,stable
6,id_35,categorical,0.11228904853634636,3,0.7161432862654981,0.841213668271741,0.0,0.0,labelled,tier_0,moderate
7,id_35,categorical,0.07686730794685116,3,0.7161432862654981,0.8176405733186328,0.0,0.0,labelled,tier_0,stable
8,id_35,categorical,0.006172181881997329,3,0.7161432862654981,0.7240712332421797,0.0,0.0,labelled,tier_0,stable
9,id_35,categorical,0.08024886720640453,3,0.7161432862654981,0.7970204841713222,0.0,0.0,labelled,tier_0,stable
10,id_35,categorical,0.01223529305732288,3,0.7161432862654981,0.7643818422704135,0.0,0.0,labelled,tier_0,stable
11,id_35,categorical,0.08576264737135027,3,0.7161432862654981,0.8164613753160943,0.0,0.0,labelled,tier_0,stable
12,id_35,categorical,0.0746432628389462,3,0.7161432862654981,0.826142363007464,0.0,0.0,labelled,tier_0,stable
0,id_36,categorical,0.09002747853816376,3,0.7161432862654981,0.8383284086112284,0.0,0.0,labelled,tier_0,stable
1,id_36,categorical,0.0666212251116106,3,0.7161432862654981,0.8226082004555809,0.0,0.0,labelled,tier_0,stable
2,id_36,categorical,0.06310741076363202,3,0.7161432862654981,0.8209437146840831,0.0,0.0,labelled,tier_0,stable
3,id_36,categorical,0.06469441885238102,3,0.7161432862654981,0.8205361199454794,0.0,0.0,labelled,tier_0,stable
4,id_36,categorical,0.08771450761729052,3,0.7161432862654981,0.8380967214391403,0.0,0.0,labelled,tier_0,stable
5,id_36,categorical,0.06950976632438709,3,0.7161432862654981,0.8255691240765868,0.0,0.0,labelled,tier_0,stable
6,id_36,categorical,0.09390920965343032,3,0.7161432862654981,0.841213668271741,0.0,0.0,labelled,tier_0,stable
7,id_36,categorical,0.06064440402772918,3,0.7161432862654981,0.8176405733186328,0.0,0.0,labelled,tier_0,stable
8,id_36,categorical,0.008524658443912857,3,0.7161432862654981,0.7240712332421797,0.0,0.0,labelled,tier_0,stable
9,id_36,categorical,0.03714383013743131,3,0.7161432862654981,0.7970204841713222,0.0,0.0,labelled,tier_0,stable
10,id_36,categorical,0.016250738784480377,3,0.7161432862654981,0.7643818422704135,0.0,0.0,labelled,tier_0,stable
11,id_36,categorical,0.06037329837528385,3,0.7161432862654981,0.8164613753160943,0.0,0.0,labelled,tier_0,stable
12,id_36,categorical,0.06969719925124471,3,0.7161432862654981,0.826142363007464,0.0,0.0,labelled,tier_0,stable
0,id_37,categorical,0.0886968779266799,3,0.7161432862654981,0.8383284086112284,0.0,0.0,labelled,tier_0,stable
1,id_37,categorical,0.06637908188468289,3,0.7161432862654981,0.8226082004555809,0.0,0.0,labelled,tier_0,stable
2,id_37,categorical,0.06418733436784563,3,0.7161432862654981,0.8209437146840831,0.0,0.0,labelled,tier_0,stable
3,id_37,categorical,0.0627092983439742,3,0.7161432862654981,0.8205361199454794,0.0,0.0,labelled,tier_0,stable
4,id_37,categorical,0.08814782188332188,3,0.7161432862654981,0.8380967214391403,0.0,0.0,labelled,tier_0,stable
5,id_37,categorical,0.06934750340429283,3,0.7161432862654981,0.8255691240765868,0.0,0.0,labelled,tier_0,stable
6,id_37,categorical,0.0934135347005179,3,0.7161432862654981,0.841213668271741,0.0,0.0,labelled,tier_0,stable
7,id_37,categorical,0.05839264898790332,3,0.7161432862654981,0.8176405733186328,0.0,0.0,labelled,tier_0,stable
8,id_37,categorical,0.0006169769793246778,3,0.7161432862654981,0.7240712332421797,0.0,0.0,labelled,tier_0,stable
9,id_37,categorical,0.036451390747266374,3,0.7161432862654981,0.7970204841713222,0.0,0.0,labelled,tier_0,stable
10,id_37,categorical,0.02089123228077748,3,0.7161432862654981,0.7643818422704135,0.0,0.0,labelled,tier_0,stable
11,id_37,categorical,0.057903328448188685,3,0.7161432862654981,0.8164613753160943,0.0,0.0,labelled,tier_0,stable
12,id_37,categorical,0.07125499400292473,3,0.7161432862654981,0.826142363007464,0.0,0.0,labelled,tier_0,stable
0,id_38,categorical,0.19293531015544177,3,0.7161432862654981,0.8383284086112284,0.0,0.0,labelled,tier_0,moderate
1,id_38,categorical,0.17292598583541458,3,0.7161432862654981,0.8226082004555809,0.0,0.0,labelled,tier_0,moderate
2,id_38,categorical,0.16641834781199555,3,0.7161432862654981,0.8209437146840831,0.0,0.0,labelled,tier_0,moderate
3,id_38,categorical,0.15779179202901158,3,0.7161432862654981,0.8205361199454794,0.0,0.0,labelled,tier_0,moderate
4,id_38,categorical,0.17658900214934306,3,0.7161432862654981,0.8380967214391403,0.0,0.0,labelled,tier_0,moderate
5,id_38,categorical,0.15123094226398204,3,0.7161432862654981,0.8255691240765868,0.0,0.0,labelled,tier_0,moderate
6,id_38,categorical,0.1710117834715122,3,0.7161432862654981,0.841213668271741,0.0,0.0,labelled,tier_0,moderate
7,id_38,categorical,0.15130612514124678,3,0.7161432862654981,0.8176405733186328,0.0,0.0,labelled,tier_0,moderate
8,id_38,categorical,0.10118063083255376,3,0.7161432862654981,0.7240712332421797,0.0,0.0,labelled,tier_0,moderate
9,id_38,categorical,0.16007767972353623,3,0.7161432862654981,0.7970204841713222,0.0,0.0,labelled,tier_0,moderate
10,id_38,categorical,0.12502476856631453,3,0.7161432862654981,0.7643818422704135,0.0,0.0,labelled,tier_0,moderate
11,id_38,categorical,0.16081834405252776,3,0.7161432862654981,0.8164613753160943,0.0,0.0,labelled,tier_0,moderate
12,id_38,categorical,0.13411624459280902,3,0.7161432862654981,0.826142363007464,0.0,0.0,labelled,tier_0,moderate
0,DeviceType,categorical,0.09402660474509662,3,0.7165832613230272,0.8383284086112284,0.0,0.0,labelled,tier_1,stable
1,DeviceType,categorical,0.06846955298701976,3,0.7165832613230272,0.8229641230068337,0.0,0.0,labelled,tier_1,stable
2,DeviceType,categorical,0.06582682735435573,3,0.7165832613230272,0.8211638658545535,0.0,0.0,labelled,tier_1,stable
3,DeviceType,categorical,0.06877828454559351,3,0.7165832613230272,0.8206118431016205,0.0,0.0,labelled,tier_1,stable
4,DeviceType,categorical,0.08730396429439884,3,0.7165832613230272,0.8380967214391403,0.0,0.0,labelled,tier_1,stable
5,DeviceType,categorical,0.06988976305575587,3,0.7165832613230272,0.8256445047489823,0.0,0.0,labelled,tier_1,stable
6,DeviceType,categorical,0.09312941664112184,3,0.7165832613230272,0.8413877124789697,0.0,0.0,labelled,tier_1,stable
7,DeviceType,categorical,0.06294532628776352,3,0.7165832613230272,0.8176405733186328,0.0,0.0,labelled,tier_1,stable
8,DeviceType,categorical,0.0065039082025155365,3,0.7165832613230272,0.7241379310344828,0.0,0.0,labelled,tier_1,stable
9,DeviceType,categorical,0.03988686049241035,3,0.7165832613230272,0.7970204841713222,0.0,0.0,labelled,tier_1,stable
10,DeviceType,categorical,0.014530773943669296,3,0.7165832613230272,0.7648002231364619,0.0,0.0,labelled,tier_1,stable
11,DeviceType,categorical,0.07404512340631594,3,0.7165832613230272,0.8169508116485847,0.0,0.0,labelled,tier_1,stable
12,DeviceType,categorical,0.06912976005160315,3,0.7165832613230272,0.826142363007464,0.0,0.0,labelled,tier_1,stable
0,DeviceInfo,categorical,0.15080860211544656,72,0.7546521823079382,0.8726406560935899,0.028525577111168085,0.029186516311885666,labelled,tier_1,moderate
1,DeviceInfo,categorical,0.16032363634458602,72,0.7546521823079382,0.8614037585421412,0.028525577111168085,0.03431093394077449,labelled,tier_1,moderate
2,DeviceInfo,categorical,0.1401137939671494,72,0.7546521823079382,0.855947750788875,0.028525577111168085,0.035444338445732734,labelled,tier_1,moderate
3,DeviceInfo,categorical,0.1503931866481809,72,0.7546521823079382,0.8531728002423141,0.028525577111168085,0.03801302438285628,labelled,tier_1,moderate
4,DeviceInfo,categorical,0.1629117506765735,72,0.7546521823079382,0.868390312280975,0.028525577111168085,0.027801573086208238,labelled,tier_1,moderate
5,DeviceInfo,categorical,0.13156352010667585,72,0.7546521823079382,0.8613749434644957,0.028525577111168085,0.022840343735866124,labelled,tier_1,moderate
6,DeviceInfo,categorical,0.14201391318334883,72,0.7546521823079382,0.8696989035214945,0.028525577111168085,0.02651273423449556,labelled,tier_1,moderate
7,DeviceInfo,categorical,0.13247161047148023,72,0.7546521823079382,0.8499081220139655,0.028525577111168085,0.03270856302829842,labelled,tier_1,moderate
8,DeviceInfo,categorical,0.07372073362825576,72,0.7546521823079382,0.7646901887547523,0.028525577111168085,0.045087707596878544,labelled,tier_1,stable
9,DeviceInfo,categorical,0.13804444930652088,72,0.7546521823079382,0.835298986136975,0.028525577111168085,0.037037037037037035,labelled,tier_1,moderate
10,DeviceInfo,categorical,0.10256634400228397,72,0.7546521823079382,0.7999442158845269,0.028525577111168085,0.03263370755177463,labelled,tier_1,moderate
11,DeviceInfo,categorical,0.1444169804872734,72,0.7546521823079382,0.8550452728607554,0.028525577111168085,0.03768659760176197,labelled,tier_1,moderate
12,DeviceInfo,categorical,0.16816738877543788,72,0.7546521823079382,0.85199344620426,0.028525577111168085,0.027489532131804113,labelled,tier_1,moderate
0,has_identity,numeric,0.08881831595256512,2,0.0,0.0,,,labelled,tier_1,stable
1,has_identity,numeric,0.06658904551032231,2,0.0,0.0,,,labelled,tier_1,stable
2,has_identity,numeric,0.06191836531356565,2,0.0,0.0,,,labelled,tier_1,stable
3,has_identity,numeric,0.06212456736684052,2,0.0,0.0,,,labelled,tier_1,stable
4,has_identity,numeric,0.08899698087912286,2,0.0,0.0,,,labelled,tier_1,stable
5,has_identity,numeric,0.07094092346288092,2,0.0,0.0,,,labelled,tier_1,stable
6,has_identity,numeric,0.09588649250092518,2,0.0,0.0,,,labelled,tier_1,stable
7,has_identity,numeric,0.05856454656279335,2,0.0,0.0,,,labelled,tier_1,stable
8,has_identity,numeric,0.00024538800292379784,2,0.0,0.0,,,labelled,tier_1,stable
9,has_identity,numeric,0.03625247674856849,2,0.0,0.0,,,labelled,tier_1,stable
10,has_identity,numeric,0.012488103536547265,2,0.0,0.0,,,labelled,tier_1,stable
11,has_identity,numeric,0.05850581244109029,2,0.0,0.0,,,labelled,tier_1,stable
12,has_identity,numeric,0.06651590721208155,2,0.0,0.0,,,labelled,tier_1,stable
0,hour,numeric,0.017594306489173296,10,0.0,0.0,,,labelled,tier_1,stable
1,hour,numeric,0.007822646177049801,10,0.0,0.0,,,labelled,tier_1,stable
2,hour,numeric,0.011059267932215799,10,0.0,0.0,,,labelled,tier_1,stable
3,hour,numeric,0.017050536064969073,10,0.0,0.0,,,labelled,tier_1,stable
4,hour,numeric,0.00704935322861311,10,0.0,0.0,,,labelled,tier_1,stable
5,hour,numeric,0.01251947838447859,10,0.0,0.0,,,labelled,tier_1,stable
6,hour,numeric,0.028367290261213016,10,0.0,0.0,,,labelled,tier_1,stable
7,hour,numeric,0.005164089338673653,10,0.0,0.0,,,labelled,tier_1,stable
8,hour,numeric,0.019422148564452655,10,0.0,0.0,,,labelled,tier_1,stable
9,hour,numeric,0.010684909127194034,10,0.0,0.0,,,labelled,tier_1,stable
10,hour,numeric,0.019467919116544632,10,0.0,0.0,,,labelled,tier_1,stable
11,hour,numeric,0.011347492570697035,10,0.0,0.0,,,labelled,tier_1,stable
12,hour,numeric,0.016331726871075196,10,0.0,0.0,,,labelled,tier_1,stable
0,weekday,numeric,3.7713278323225152,7,0.0,0.0,,,labelled,tier_1,significant
1,weekday,numeric,3.5208442079537345,7,0.0,0.0,,,labelled,tier_1,significant
2,weekday,numeric,3.252695875984907,7,0.0,0.0,,,labelled,tier_1,significant
3,weekday,numeric,3.7949060469977414,7,0.0,0.0,,,labelled,tier_1,significant
4,weekday,numeric,3.4460260126176165,7,0.0,0.0,,,labelled,tier_1,significant
5,weekday,numeric,3.5094383018838005,7,0.0,0.0,,,labelled,tier_1,significant
6,weekday,numeric,3.177311299142039,7,0.0,0.0,,,labelled,tier_1,significant
7,weekday,numeric,3.75925049068437,7,0.0,0.0,,,labelled,tier_1,significant
8,weekday,numeric,3.5218073380148813,7,0.0,0.0,,,labelled,tier_1,significant
9,weekday,numeric,3.254855342106965,7,0.0,0.0,,,labelled,tier_1,significant
10,weekday,numeric,3.794551160858272,7,0.0,0.0,,,labelled,tier_1,significant
11,weekday,numeric,3.448892586685,7,0.0,0.0,,,labelled,tier_1,significant
12,weekday,numeric,9.430821651893597,7,0.0,0.0,,,labelled,tier_1,significant
0,amt_whole_dollar,numeric,0.03489632002124171,2,0.0,0.0,,,labelled,tier_1,stable
1,amt_whole_dollar,numeric,0.01770820254283144,2,0.0,0.0,,,labelled,tier_1,stable
2,amt_whole_dollar,numeric,0.0061554493186949995,2,0.0,0.0,,,labelled,tier_1,stable
3,amt_whole_dollar,numeric,0.022202998058509813,2,0.0,0.0,,,labelled,tier_1,stable
4,amt_whole_dollar,numeric,0.010500527132721156,2,0.0,0.0,,,labelled,tier_1,stable
5,amt_whole_dollar,numeric,0.0006327808339851419,2,0.0,0.0,,,labelled,tier_1,stable
6,amt_whole_dollar,numeric,0.024430254614719562,2,0.0,0.0,,,labelled,tier_1,stable
7,amt_whole_dollar,numeric,0.010398103014092684,2,0.0,0.0,,,labelled,tier_1,stable
8,amt_whole_dollar,numeric,9.961486883866368e-05,2,0.0,0.0,,,labelled,tier_1,stable
9,amt_whole_dollar,numeric,0.003646553341178695,2,0.0,0.0,,,labelled,tier_1,stable
10,amt_whole_dollar,numeric,1.4848126911091348e-05,2,0.0,0.0,,,labelled,tier_1,stable
11,amt_whole_dollar,numeric,0.0004743851141742354,2,0.0,0.0,,,labelled,tier_1,stable
12,amt_whole_dollar,numeric,0.0018662724993426714,2,0.0,0.0,,,labelled,tier_1,stable
0,amt_round_band,numeric,0.03166796356364997,2,0.0,0.0,,,labelled,tier_1,stable
1,amt_round_band,numeric,0.03441244287224919,2,0.0,0.0,,,labelled,tier_1,stable
2,amt_round_band,numeric,0.02216583024545702,2,0.0,0.0,,,labelled,tier_1,stable
3,amt_round_band,numeric,0.023016381846734386,2,0.0,0.0,,,labelled,tier_1,stable
4,amt_round_band,numeric,0.022888398256401907,2,0.0,0.0,,,labelled,tier_1,stable
5,amt_round_band,numeric,0.010399267553457442,2,0.0,0.0,,,labelled,tier_1,stable
6,amt_round_band,numeric,0.01922376332596026,2,0.0,0.0,,,labelled,tier_1,stable
7,amt_round_band,numeric,0.022376779821317864,2,0.0,0.0,,,labelled,tier_1,stable
8,amt_round_band,numeric,0.006244895810122219,2,0.0,0.0,,,labelled,tier_1,stable
9,amt_round_band,numeric,0.01866502596454846,2,0.0,0.0,,,labelled,tier_1,stable
10,amt_round_band,numeric,0.018642797939533395,2,0.0,0.0,,,labelled,tier_1,stable
11,amt_round_band,numeric,0.02206523467666368,2,0.0,0.0,,,labelled,tier_1,stable
12,amt_round_band,numeric,0.00640631307261553,2,0.0,0.0,,,labelled,tier_1,stable
0,amt_round_band_product,numeric,0.003548266637254585,2,0.0,0.0,,,labelled,tier_1,stable
1,amt_round_band_product,numeric,0.009248919626689224,2,0.0,0.0,,,labelled,tier_1,stable
2,amt_round_band_product,numeric,0.004407617400381844,2,0.0,0.0,,,labelled,tier_1,stable
3,amt_round_band_product,numeric,0.007229978933533909,2,0.0,0.0,,,labelled,tier_1,stable
4,amt_round_band_product,numeric,0.0072313143074957615,2,0.0,0.0,,,labelled,tier_1,stable
5,amt_round_band_product,numeric,0.0038715943270964106,2,0.0,0.0,,,labelled,tier_1,stable
6,amt_round_band_product,numeric,0.005953125097220516,2,0.0,0.0,,,labelled,tier_1,stable
7,amt_round_band_product,numeric,0.002976706247206604,2,0.0,0.0,,,labelled,tier_1,stable
8,amt_round_band_product,numeric,0.0025792346682231965,2,0.0,0.0,,,labelled,tier_1,stable
9,amt_round_band_product,numeric,0.004295420034301349,2,0.0,0.0,,,labelled,tier_1,stable
10,amt_round_band_product,numeric,0.0027846311836082177,2,0.0,0.0,,,labelled,tier_1,stable
11,amt_round_band_product,numeric,0.0020215456601720165,2,0.0,0.0,,,labelled,tier_1,stable
12,amt_round_band_product,numeric,0.00038469614928953,2,0.0,0.0,,,labelled,tier_1,stable
0,freq_card1,numeric,0.011777644738682126,10,0.0,0.0,,,labelled,tier_2,stable
1,freq_card1,numeric,0.001455633956296474,10,0.0,0.0,,,labelled,tier_2,stable
2,freq_card1,numeric,0.002664814626873624,10,0.0,0.0,,,labelled,tier_2,stable
3,freq_card1,numeric,0.0032523672000311817,10,0.0,0.0,,,labelled,tier_2,stable
4,freq_card1,numeric,0.008796981983464255,10,0.0,0.0,,,labelled,tier_2,stable
5,freq_card1,numeric,0.007305831015132947,10,0.0,0.0,,,labelled,tier_2,stable
6,freq_card1,numeric,0.0195154009692344,10,0.0,0.0,,,labelled,tier_2,stable
7,freq_card1,numeric,0.003507450233433128,10,0.0,0.0,,,labelled,tier_2,stable
8,freq_card1,numeric,0.0071020489186554405,10,0.0,0.0,,,labelled,tier_2,stable
9,freq_card1,numeric,0.0025098895344522784,10,0.0,0.0,,,labelled,tier_2,stable
10,freq_card1,numeric,0.03139314596368557,10,0.0,0.0,,,labelled,tier_2,stable
11,freq_card1,numeric,0.0065057491676854175,10,0.0,0.0,,,labelled,tier_2,stable
12,freq_card1,numeric,0.014665462050144466,10,0.0,0.0,,,labelled,tier_2,stable
0,freq_card2,numeric,0.030332367976213224,10,0.0,0.0,,,labelled,tier_2,stable
1,freq_card2,numeric,0.011980686682208917,10,0.0,0.0,,,labelled,tier_2,stable
2,freq_card2,numeric,0.009839734323337441,10,0.0,0.0,,,labelled,tier_2,stable
3,freq_card2,numeric,0.014840927889804198,10,0.0,0.0,,,labelled,tier_2,stable
4,freq_card2,numeric,0.01144025263994274,10,0.0,0.0,,,labelled,tier_2,stable
5,freq_card2,numeric,0.013232913962482556,10,0.0,0.0,,,labelled,tier_2,stable
6,freq_card2,numeric,0.035902344170063175,10,0.0,0.0,,,labelled,tier_2,stable
7,freq_card2,numeric,0.022024340692371625,10,0.0,0.0,,,labelled,tier_2,stable
8,freq_card2,numeric,0.010379490778856075,10,0.0,0.0,,,labelled,tier_2,stable
9,freq_card2,numeric,0.011463309015477147,10,0.0,0.0,,,labelled,tier_2,stable
10,freq_card2,numeric,0.04534424605425534,10,0.0,0.0,,,labelled,tier_2,stable
11,freq_card2,numeric,0.01358033024565671,10,0.0,0.0,,,labelled,tier_2,stable
12,freq_card2,numeric,0.01253778714975045,10,0.0,0.0,,,labelled,tier_2,stable
0,freq_card3,numeric,0.0020178411719043343,2,0.0,0.0,,,labelled,tier_2,stable
1,freq_card3,numeric,0.0007817151702762726,2,0.0,0.0,,,labelled,tier_2,stable
2,freq_card3,numeric,0.0014051880148521318,2,0.0,0.0,,,labelled,tier_2,stable
3,freq_card3,numeric,0.0014928724782554321,2,0.0,0.0,,,labelled,tier_2,stable
4,freq_card3,numeric,0.007845384774603236,2,0.0,0.0,,,labelled,tier_2,stable
5,freq_card3,numeric,0.008041796602611319,2,0.0,0.0,,,labelled,tier_2,stable
6,freq_card3,numeric,0.010803745531178173,2,0.0,0.0,,,labelled,tier_2,stable
7,freq_card3,numeric,0.006893428231695651,2,0.0,0.0,,,labelled,tier_2,stable
8,freq_card3,numeric,0.0009655350986733348,2,0.0,0.0,,,labelled,tier_2,stable
9,freq_card3,numeric,2.773283475014133e-05,2,0.0,0.0,,,labelled,tier_2,stable
10,freq_card3,numeric,0.005921050072617176,2,0.0,0.0,,,labelled,tier_2,stable
11,freq_card3,numeric,0.002627229775943601,2,0.0,0.0,,,labelled,tier_2,stable
12,freq_card3,numeric,0.016409400297849687,2,0.0,0.0,,,labelled,tier_2,stable
0,freq_card5,numeric,0.016111569498447564,5,0.0,0.0,,,labelled,tier_2,stable
1,freq_card5,numeric,0.002328177582599255,5,0.0,0.0,,,labelled,tier_2,stable
2,freq_card5,numeric,0.004266978387974643,5,0.0,0.0,,,labelled,tier_2,stable
3,freq_card5,numeric,0.007291359320406307,5,0.0,0.0,,,labelled,tier_2,stable
4,freq_card5,numeric,0.0031111559404840426,5,0.0,0.0,,,labelled,tier_2,stable
5,freq_card5,numeric,0.002858789797956742,5,0.0,0.0,,,labelled,tier_2,stable
6,freq_card5,numeric,0.02332523819667953,5,0.0,0.0,,,labelled,tier_2,stable
7,freq_card5,numeric,0.007010080996260355,5,0.0,0.0,,,labelled,tier_2,stable
8,freq_card5,numeric,0.006649240657891291,5,0.0,0.0,,,labelled,tier_2,stable
9,freq_card5,numeric,0.006371982679409265,5,0.0,0.0,,,labelled,tier_2,stable
10,freq_card5,numeric,0.022763133087510184,5,0.0,0.0,,,labelled,tier_2,stable
11,freq_card5,numeric,0.010463649255708612,5,0.0,0.0,,,labelled,tier_2,stable
12,freq_card5,numeric,0.0011968291516775199,5,0.0,0.0,,,labelled,tier_2,stable
0,freq_addr1,numeric,0.004387621071413634,9,0.0,0.0,,,labelled,tier_2,stable
1,freq_addr1,numeric,0.0010009954571946582,9,0.0,0.0,,,labelled,tier_2,stable
2,freq_addr1,numeric,0.003578486633480997,9,0.0,0.0,,,labelled,tier_2,stable
3,freq_addr1,numeric,0.0032827174101211607,9,0.0,0.0,,,labelled,tier_2,stable
4,freq_addr1,numeric,0.005057976666652302,9,0.0,0.0,,,labelled,tier_2,stable
5,freq_addr1,numeric,0.006221299153094445,9,0.0,0.0,,,labelled,tier_2,stable
6,freq_addr1,numeric,0.007442217322629423,9,0.0,0.0,,,labelled,tier_2,stable
7,freq_addr1,numeric,0.003195572538498049,9,0.0,0.0,,,labelled,tier_2,stable
8,freq_addr1,numeric,0.005135697403401898,9,0.0,0.0,,,labelled,tier_2,stable
9,freq_addr1,numeric,0.006083171086523927,9,0.0,0.0,,,labelled,tier_2,stable
10,freq_addr1,numeric,0.028140711428367257,9,0.0,0.0,,,labelled,tier_2,stable
11,freq_addr1,numeric,0.004408780761955098,9,0.0,0.0,,,labelled,tier_2,stable
12,freq_addr1,numeric,0.01678892942506973,9,0.0,0.0,,,labelled,tier_2,stable
0,freq_addr2,numeric,0.0021736048921025936,2,0.0,0.0,,,labelled,tier_2,stable
1,freq_addr2,numeric,0.0002769040767395954,2,0.0,0.0,,,labelled,tier_2,stable
2,freq_addr2,numeric,0.0009947812996809397,2,0.0,0.0,,,labelled,tier_2,stable
3,freq_addr2,numeric,0.0009248707584928722,2,0.0,0.0,,,labelled,tier_2,stable
4,freq_addr2,numeric,0.007671301219553964,2,0.0,0.0,,,labelled,tier_2,stable
5,freq_addr2,numeric,0.007177940564204073,2,0.0,0.0,,,labelled,tier_2,stable
6,freq_addr2,numeric,0.01016713465289194,2,0.0,0.0,,,labelled,tier_2,stable
7,freq_addr2,numeric,0.0023731383130193265,2,0.0,0.0,,,labelled,tier_2,stable
8,freq_addr2,numeric,0.0012895376294357718,2,0.0,0.0,,,labelled,tier_2,stable
9,freq_addr2,numeric,0.0001972847515934321,2,0.0,0.0,,,labelled,tier_2,stable
10,freq_addr2,numeric,0.005657344575723291,2,0.0,0.0,,,labelled,tier_2,stable
11,freq_addr2,numeric,0.002319904464046971,2,0.0,0.0,,,labelled,tier_2,stable
12,freq_addr2,numeric,0.014598109024805085,2,0.0,0.0,,,labelled,tier_2,stable
0,freq_DeviceInfo,numeric,0.09784833117874664,3,0.0,0.0,,,labelled,tier_2,stable
1,freq_DeviceInfo,numeric,0.08477944043462453,3,0.0,0.0,,,labelled,tier_2,stable
2,freq_DeviceInfo,numeric,0.07415558405580347,3,0.0,0.0,,,labelled,tier_2,stable
3,freq_DeviceInfo,numeric,0.07085059020998762,3,0.0,0.0,,,labelled,tier_2,stable
4,freq_DeviceInfo,numeric,0.09211902815821506,3,0.0,0.0,,,labelled,tier_2,stable
5,freq_DeviceInfo,numeric,0.0751325290472443,3,0.0,0.0,,,labelled,tier_2,stable
6,freq_DeviceInfo,numeric,0.09003591554624668,3,0.0,0.0,,,labelled,tier_2,stable
7,freq_DeviceInfo,numeric,0.06024421578650341,3,0.0,0.0,,,labelled,tier_2,stable
8,freq_DeviceInfo,numeric,0.0006026892351152508,3,0.0,0.0,,,labelled,tier_2,stable
9,freq_DeviceInfo,numeric,0.04329412216634422,3,0.0,0.0,,,labelled,tier_2,stable
10,freq_DeviceInfo,numeric,0.015089221280447235,3,0.0,0.0,,,labelled,tier_2,stable
11,freq_DeviceInfo,numeric,0.0702123599630818,3,0.0,0.0,,,labelled,tier_2,stable
12,freq_DeviceInfo,numeric,0.06312278266640145,3,0.0,0.0,,,labelled,tier_2,stable
0,amt_mean_card1,numeric,0.046441557252403454,10,0.0,0.0,,,labelled,tier_2,stable
1,amt_mean_card1,numeric,0.02301186006753228,10,0.0,0.0,,,labelled,tier_2,stable
2,amt_mean_card1,numeric,0.016516681871555826,10,0.0,0.0,,,labelled,tier_2,stable
3,amt_mean_card1,numeric,0.017082620569730877,10,0.0,0.0,,,labelled,tier_2,stable
4,amt_mean_card1,numeric,0.021646419627113538,10,0.0,0.0,,,labelled,tier_2,stable
5,amt_mean_card1,numeric,0.021321022070491975,10,0.0,0.0,,,labelled,tier_2,stable
6,amt_mean_card1,numeric,0.051984817473678877,10,0.0,0.0,,,labelled,tier_2,stable
7,amt_mean_card1,numeric,0.02044044510914138,10,0.0,0.0,,,labelled,tier_2,stable
8,amt_mean_card1,numeric,0.014147160824818029,10,0.0,0.0,,,labelled,tier_2,stable
9,amt_mean_card1,numeric,0.014035062729811292,10,0.0,0.0,,,labelled,tier_2,stable
10,amt_mean_card1,numeric,0.039559761674974665,10,0.0,0.0,,,labelled,tier_2,stable
11,amt_mean_card1,numeric,0.014320665572533113,10,0.0,0.0,,,labelled,tier_2,stable
12,amt_mean_card1,numeric,0.020305812174278303,10,0.0,0.0,,,labelled,tier_2,stable
0,amt_z_card1,numeric,0.005885602313327535,10,0.0,0.0,,,labelled,tier_2,stable
1,amt_z_card1,numeric,0.0021590524854326605,10,0.0,0.0,,,labelled,tier_2,stable
2,amt_z_card1,numeric,0.002447056884909685,10,0.0,0.0,,,labelled,tier_2,stable
3,amt_z_card1,numeric,0.0037487684048448018,10,0.0,0.0,,,labelled,tier_2,stable
4,amt_z_card1,numeric,0.0019020737317880254,10,0.0,0.0,,,labelled,tier_2,stable
5,amt_z_card1,numeric,0.0018013041114956637,10,0.0,0.0,,,labelled,tier_2,stable
6,amt_z_card1,numeric,0.006486351511182278,10,0.0,0.0,,,labelled,tier_2,stable
7,amt_z_card1,numeric,0.0018650125117292678,10,0.0,0.0,,,labelled,tier_2,stable
8,amt_z_card1,numeric,0.009550770060711197,10,0.0,0.0,,,labelled,tier_2,stable
9,amt_z_card1,numeric,0.0024132304062185576,10,0.0,0.0,,,labelled,tier_2,stable
10,amt_z_card1,numeric,0.01168139840925797,10,0.0,0.0,,,labelled,tier_2,stable
11,amt_z_card1,numeric,0.001707950791027679,10,0.0,0.0,,,labelled,tier_2,stable
12,amt_z_card1,numeric,0.010529432854062408,10,0.0,0.0,,,labelled,tier_2,stable
0,amt_absz_card1,numeric,0.006846366467461385,10,0.0,0.0,,,labelled,tier_2,stable
1,amt_absz_card1,numeric,0.0012068000065116155,10,0.0,0.0,,,labelled,tier_2,stable
2,amt_absz_card1,numeric,0.0028868464777411845,10,0.0,0.0,,,labelled,tier_2,stable
3,amt_absz_card1,numeric,0.001073084314238185,10,0.0,0.0,,,labelled,tier_2,stable
4,amt_absz_card1,numeric,0.0011870496934761948,10,0.0,0.0,,,labelled,tier_2,stable
5,amt_absz_card1,numeric,0.002200465830986125,10,0.0,0.0,,,labelled,tier_2,stable
6,amt_absz_card1,numeric,0.006461234822948933,10,0.0,0.0,,,labelled,tier_2,stable
7,amt_absz_card1,numeric,0.0008286814946067028,10,0.0,0.0,,,labelled,tier_2,stable
8,amt_absz_card1,numeric,0.005171818753905992,10,0.0,0.0,,,labelled,tier_2,stable
9,amt_absz_card1,numeric,0.001176477878273453,10,0.0,0.0,,,labelled,tier_2,stable
10,amt_absz_card1,numeric,0.011091926425788266,10,0.0,0.0,,,labelled,tier_2,stable
11,amt_absz_card1,numeric,0.0014256131698560809,10,0.0,0.0,,,labelled,tier_2,stable
12,amt_absz_card1,numeric,0.008704807701552847,10,0.0,0.0,,,labelled,tier_2,stable
0,amt_mean_addr1,numeric,0.005763185939687852,10,0.0,0.0,,,labelled,tier_2,stable
1,amt_mean_addr1,numeric,0.004268879079396892,10,0.0,0.0,,,labelled,tier_2,stable
2,amt_mean_addr1,numeric,0.004525713254988484,10,0.0,0.0,,,labelled,tier_2,stable
3,amt_mean_addr1,numeric,0.0036105290985672866,10,0.0,0.0,,,labelled,tier_2,stable
4,amt_mean_addr1,numeric,0.007843074349852727,10,0.0,0.0,,,labelled,tier_2,stable
5,amt_mean_addr1,numeric,0.0067587952674765155,10,0.0,0.0,,,labelled,tier_2,stable
6,amt_mean_addr1,numeric,0.011811807228789684,10,0.0,0.0,,,labelled,tier_2,stable
7,amt_mean_addr1,numeric,0.005029817796289711,10,0.0,0.0,,,labelled,tier_2,stable
8,amt_mean_addr1,numeric,0.007431410297303919,10,0.0,0.0,,,labelled,tier_2,stable
9,amt_mean_addr1,numeric,0.0035532311774788346,10,0.0,0.0,,,labelled,tier_2,stable
10,amt_mean_addr1,numeric,0.0332264919103795,10,0.0,0.0,,,labelled,tier_2,stable
11,amt_mean_addr1,numeric,0.004220433239590453,10,0.0,0.0,,,labelled,tier_2,stable
12,amt_mean_addr1,numeric,0.015529715992181442,10,0.0,0.0,,,labelled,tier_2,stable
0,amt_z_addr1,numeric,0.005582666278194155,10,0.0,0.0,,,labelled,tier_2,stable
1,amt_z_addr1,numeric,0.004366966259634768,10,0.0,0.0,,,labelled,tier_2,stable
2,amt_z_addr1,numeric,0.002976691517891248,10,0.0,0.0,,,labelled,tier_2,stable
3,amt_z_addr1,numeric,0.004480690653664987,10,0.0,0.0,,,labelled,tier_2,stable
4,amt_z_addr1,numeric,0.0031730932729156077,10,0.0,0.0,,,labelled,tier_2,stable
5,amt_z_addr1,numeric,0.0025910126834801503,10,0.0,0.0,,,labelled,tier_2,stable
6,amt_z_addr1,numeric,0.0050243806199381045,10,0.0,0.0,,,labelled,tier_2,stable
7,amt_z_addr1,numeric,0.006279144736414374,10,0.0,0.0,,,labelled,tier_2,stable
8,amt_z_addr1,numeric,0.009461525026164616,10,0.0,0.0,,,labelled,tier_2,stable
9,amt_z_addr1,numeric,0.002383758074842949,10,0.0,0.0,,,labelled,tier_2,stable
10,amt_z_addr1,numeric,0.014265616888832237,10,0.0,0.0,,,labelled,tier_2,stable
11,amt_z_addr1,numeric,0.003646933382332533,10,0.0,0.0,,,labelled,tier_2,stable
12,amt_z_addr1,numeric,0.008466438104483788,10,0.0,0.0,,,labelled,tier_2,stable
0,amt_absz_addr1,numeric,0.006761830944311918,10,0.0,0.0,,,labelled,tier_2,stable
1,amt_absz_addr1,numeric,0.005858842696326592,10,0.0,0.0,,,labelled,tier_2,stable
2,amt_absz_addr1,numeric,0.004265994168238387,10,0.0,0.0,,,labelled,tier_2,stable
3,amt_absz_addr1,numeric,0.004433515854329289,10,0.0,0.0,,,labelled,tier_2,stable
4,amt_absz_addr1,numeric,0.003498339997897554,10,0.0,0.0,,,labelled,tier_2,stable
5,amt_absz_addr1,numeric,0.003220144272933578,10,0.0,0.0,,,labelled,tier_2,stable
6,amt_absz_addr1,numeric,0.00658717573641398,10,0.0,0.0,,,labelled,tier_2,stable
7,amt_absz_addr1,numeric,0.005520682717562366,10,0.0,0.0,,,labelled,tier_2,stable
8,amt_absz_addr1,numeric,0.008294582099058638,10,0.0,0.0,,,labelled,tier_2,stable
9,amt_absz_addr1,numeric,0.004262437482186978,10,0.0,0.0,,,labelled,tier_2,stable
10,amt_absz_addr1,numeric,0.01416311373628363,10,0.0,0.0,,,labelled,tier_2,stable
11,amt_absz_addr1,numeric,0.0049611944689815415,10,0.0,0.0,,,labelled,tier_2,stable
12,amt_absz_addr1,numeric,0.006672826774018799,10,0.0,0.0,,,labelled,tier_2,stable
0,vel_n1h_card1,numeric,0.004001271393770519,5,0.0,0.0,,,labelled,tier_3,stable
1,vel_n1h_card1,numeric,0.02003753122730506,5,0.0,0.0,,,labelled,tier_3,stable
2,vel_n1h_card1,numeric,0.03356895450129326,5,0.0,0.0,,,labelled,tier_3,stable
3,vel_n1h_card1,numeric,0.05177864658054552,5,0.0,0.0,,,labelled,tier_3,stable
4,vel_n1h_card1,numeric,0.07754526225180913,5,0.0,0.0,,,labelled,tier_3,stable
5,vel_n1h_card1,numeric,0.051457547370848296,5,0.0,0.0,,,labelled,tier_3,stable
6,vel_n1h_card1,numeric,0.012982939165930633,5,0.0,0.0,,,labelled,tier_3,stable
7,vel_n1h_card1,numeric,0.025108570069833032,5,0.0,0.0,,,labelled,tier_3,stable
8,vel_n1h_card1,numeric,0.0015230140569911948,5,0.0,0.0,,,labelled,tier_3,stable
9,vel_n1h_card1,numeric,0.01992285434385993,5,0.0,0.0,,,labelled,tier_3,stable
10,vel_n1h_card1,numeric,0.008384458706783145,5,0.0,0.0,,,labelled,tier_3,stable
11,vel_n1h_card1,numeric,0.04746901837302847,5,0.0,0.0,,,labelled,tier_3,stable
12,vel_n1h_card1,numeric,0.043663515544115475,5,0.0,0.0,,,labelled,tier_3,stable
0,vel_n24h_card1,numeric,0.011331811562815288,9,0.0,0.0,,,labelled,tier_3,stable
1,vel_n24h_card1,numeric,0.021511460959643548,9,0.0,0.0,,,labelled,tier_3,stable
2,vel_n24h_card1,numeric,0.04003798801468679,9,0.0,0.0,,,labelled,tier_3,stable
3,vel_n24h_card1,numeric,0.054093474598997646,9,0.0,0.0,,,labelled,tier_3,stable
4,vel_n24h_card1,numeric,0.1314783855417179,9,0.0,0.0,,,labelled,tier_3,moderate
5,vel_n24h_card1,numeric,0.07397221489526218,9,0.0,0.0,,,labelled,tier_3,stable
6,vel_n24h_card1,numeric,0.008080674751928585,9,0.0,0.0,,,labelled,tier_3,stable
7,vel_n24h_card1,numeric,0.02898049013316569,9,0.0,0.0,,,labelled,tier_3,stable
8,vel_n24h_card1,numeric,0.004111022133209536,9,0.0,0.0,,,labelled,tier_3,stable
9,vel_n24h_card1,numeric,0.02247000187207976,9,0.0,0.0,,,labelled,tier_3,stable
10,vel_n24h_card1,numeric,0.0031296116639987085,9,0.0,0.0,,,labelled,tier_3,stable
11,vel_n24h_card1,numeric,0.10369944800936445,9,0.0,0.0,,,labelled,tier_3,moderate
12,vel_n24h_card1,numeric,0.07883745162346006,9,0.0,0.0,,,labelled,tier_3,stable
0,vel_n7d_card1,numeric,0.009844218626700282,10,0.0,0.0,,,labelled,tier_3,stable
1,vel_n7d_card1,numeric,0.01803042366217255,10,0.0,0.0,,,labelled,tier_3,stable
2,vel_n7d_card1,numeric,0.024895645669982272,10,0.0,0.0,,,labelled,tier_3,stable
3,vel_n7d_card1,numeric,0.04880119704493794,10,0.0,0.0,,,labelled,tier_3,stable
4,vel_n7d_card1,numeric,0.0792477409109574,10,0.0,0.0,,,labelled,tier_3,stable
5,vel_n7d_card1,numeric,0.10948119328408701,10,0.0,0.0,,,labelled,tier_3,moderate
6,vel_n7d_card1,numeric,0.0022747716917663557,10,0.0,0.0,,,labelled,tier_3,stable
7,vel_n7d_card1,numeric,0.020134353636694514,10,0.0,0.0,,,labelled,tier_3,stable
8,vel_n7d_card1,numeric,0.015714481481616867,10,0.0,0.0,,,labelled,tier_3,stable
9,vel_n7d_card1,numeric,0.013132331229454262,10,0.0,0.0,,,labelled,tier_3,stable
10,vel_n7d_card1,numeric,0.007275027503213129,10,0.0,0.0,,,labelled,tier_3,stable
11,vel_n7d_card1,numeric,0.10121256581172414,10,0.0,0.0,,,labelled,tier_3,moderate
12,vel_n7d_card1,numeric,0.11297951015716604,10,0.0,0.0,,,labelled,tier_3,moderate
0,vel_recency_card1,numeric,0.003186309231938347,10,0.0,0.0,,,labelled,tier_3,stable
1,vel_recency_card1,numeric,0.013387794259447946,10,0.0,0.0,,,labelled,tier_3,stable
2,vel_recency_card1,numeric,0.014303922209240264,10,0.0,0.0,,,labelled,tier_3,stable
3,vel_recency_card1,numeric,0.022145640873425198,10,0.0,0.0,,,labelled,tier_3,stable
4,vel_recency_card1,numeric,0.03264965283934501,10,0.0,0.0,,,labelled,tier_3,stable
5,vel_recency_card1,numeric,0.01815067936353495,10,0.0,0.0,,,labelled,tier_3,stable
6,vel_recency_card1,numeric,0.010060657230885582,10,0.0,0.0,,,labelled,tier_3,stable
7,vel_recency_card1,numeric,0.0122433579987124,10,0.0,0.0,,,labelled,tier_3,stable
8,vel_recency_card1,numeric,0.01115434823155327,10,0.0,0.0,,,labelled,tier_3,stable
9,vel_recency_card1,numeric,0.006804811422056741,10,0.0,0.0,,,labelled,tier_3,stable
10,vel_recency_card1,numeric,0.03077175113916009,10,0.0,0.0,,,labelled,tier_3,stable
11,vel_recency_card1,numeric,0.016298647075247273,10,0.0,0.0,,,labelled,tier_3,stable
12,vel_recency_card1,numeric,0.009807912833532943,10,0.0,0.0,,,labelled,tier_3,stable
0,vb_V1,numeric,0.0,1,0.0,0.0,,,labelled,tier_0,stable
1,vb_V1,numeric,0.0,1,0.0,0.0,,,labelled,tier_0,stable
2,vb_V1,numeric,0.0,1,0.0,0.0,,,labelled,tier_0,stable
3,vb_V1,numeric,0.0,1,0.0,0.0,,,labelled,tier_0,stable
4,vb_V1,numeric,0.0,1,0.0,0.0,,,labelled,tier_0,stable
5,vb_V1,numeric,0.0,1,0.0,0.0,,,labelled,tier_0,stable
6,vb_V1,numeric,0.0,1,0.0,0.0,,,labelled,tier_0,stable
7,vb_V1,numeric,0.0,1,0.0,0.0,,,labelled,tier_0,stable
8,vb_V1,numeric,0.0,1,0.0,0.0,,,labelled,tier_0,stable
9,vb_V1,numeric,0.0,1,0.0,0.0,,,labelled,tier_0,stable
10,vb_V1,numeric,0.0,1,0.0,0.0,,,labelled,tier_0,stable
11,vb_V1,numeric,0.0,1,0.0,0.0,,,labelled,tier_0,stable
12,vb_V1,numeric,0.0,1,0.0,0.0,,,labelled,tier_0,stable
0,vb_V2,numeric,0.013372527681103093,2,0.0,0.0,,,labelled,tier_0,stable
1,vb_V2,numeric,0.0052924021078653745,2,0.0,0.0,,,labelled,tier_0,stable
2,vb_V2,numeric,0.009313687798070704,2,0.0,0.0,,,labelled,tier_0,stable
3,vb_V2,numeric,0.01216308684784715,2,0.0,0.0,,,labelled,tier_0,stable
4,vb_V2,numeric,0.01517663016254002,2,0.0,0.0,,,labelled,tier_0,stable
5,vb_V2,numeric,0.02623492735563998,2,0.0,0.0,,,labelled,tier_0,stable
6,vb_V2,numeric,0.033105851857126285,2,0.0,0.0,,,labelled,tier_0,stable
7,vb_V2,numeric,0.02173466885308486,2,0.0,0.0,,,labelled,tier_0,stable
8,vb_V2,numeric,0.022882309382184954,2,0.0,0.0,,,labelled,tier_0,stable
9,vb_V2,numeric,0.02914021583001293,2,0.0,0.0,,,labelled,tier_0,stable
10,vb_V2,numeric,0.0255696862175383,2,0.0,0.0,,,labelled,tier_0,stable
11,vb_V2,numeric,0.04057401605444618,2,0.0,0.0,,,labelled,tier_0,stable
12,vb_V2,numeric,0.04923698216611985,2,0.0,0.0,,,labelled,tier_0,stable
0,vb_V3,numeric,0.022221226404221427,2,0.0,0.0,,,labelled,tier_0,stable
1,vb_V3,numeric,0.011647312927374478,2,0.0,0.0,,,labelled,tier_0,stable
2,vb_V3,numeric,0.014890586246245426,2,0.0,0.0,,,labelled,tier_0,stable
3,vb_V3,numeric,0.01795240430269965,2,0.0,0.0,,,labelled,tier_0,stable
4,vb_V3,numeric,0.02613084190650054,2,0.0,0.0,,,labelled,tier_0,stable
5,vb_V3,numeric,0.033074529191517765,2,0.0,0.0,,,labelled,tier_0,stable
6,vb_V3,numeric,0.04193584815957503,2,0.0,0.0,,,labelled,tier_0,stable
7,vb_V3,numeric,0.03445924913116341,2,0.0,0.0,,,labelled,tier_0,stable
8,vb_V3,numeric,0.027115718935205767,2,0.0,0.0,,,labelled,tier_0,stable
9,vb_V3,numeric,0.03692508464577597,2,0.0,0.0,,,labelled,tier_0,stable
10,vb_V3,numeric,0.0368082981500286,2,0.0,0.0,,,labelled,tier_0,stable
11,vb_V3,numeric,0.05404305002794702,2,0.0,0.0,,,labelled,tier_0,stable
12,vb_V3,numeric,0.07081244006761421,2,0.0,0.0,,,labelled,tier_0,stable
0,vb_V4,numeric,0.009513508191228847,2,0.0,0.0,,,labelled,tier_0,stable
1,vb_V4,numeric,0.0031971429445936533,2,0.0,0.0,,,labelled,tier_0,stable
2,vb_V4,numeric,0.004484853157210236,2,0.0,0.0,,,labelled,tier_0,stable
3,vb_V4,numeric,0.004774728506935781,2,0.0,0.0,,,labelled,tier_0,stable
4,vb_V4,numeric,0.005467192918045614,2,0.0,0.0,,,labelled,tier_0,stable
5,vb_V4,numeric,0.017261580086197544,2,0.0,0.0,,,labelled,tier_0,stable
6,vb_V4,numeric,0.017344811431699837,2,0.0,0.0,,,labelled,tier_0,stable
7,vb_V4,numeric,0.011394918867137087,2,0.0,0.0,,,labelled,tier_0,stable
8,vb_V4,numeric,0.013148397163086174,2,0.0,0.0,,,labelled,tier_0,stable
9,vb_V4,numeric,0.017806076450662223,2,0.0,0.0,,,labelled,tier_0,stable
10,vb_V4,numeric,0.01226154265496567,2,0.0,0.0,,,labelled,tier_0,stable
11,vb_V4,numeric,0.02608680035577185,2,0.0,0.0,,,labelled,tier_0,stable
12,vb_V4,numeric,0.03359544576293485,2,0.0,0.0,,,labelled,tier_0,stable
0,vb_V6,numeric,0.011600266442034896,2,0.0,0.0,,,labelled,tier_0,stable
1,vb_V6,numeric,0.005953101242061095,2,0.0,0.0,,,labelled,tier_0,stable
2,vb_V6,numeric,0.007028448497230494,2,0.0,0.0,,,labelled,tier_0,stable
3,vb_V6,numeric,0.013565926810101346,2,0.0,0.0,,,labelled,tier_0,stable
4,vb_V6,numeric,0.014071142174879248,2,0.0,0.0,,,labelled,tier_0,stable
5,vb_V6,numeric,0.017969468450570337,2,0.0,0.0,,,labelled,tier_0,stable
6,vb_V6,numeric,0.03183066630485237,2,0.0,0.0,,,labelled,tier_0,stable
7,vb_V6,numeric,0.01926682637174164,2,0.0,0.0,,,labelled,tier_0,stable
8,vb_V6,numeric,0.02062353332492809,2,0.0,0.0,,,labelled,tier_0,stable
9,vb_V6,numeric,0.029306924512280494,2,0.0,0.0,,,labelled,tier_0,stable
10,vb_V6,numeric,0.01826617344315118,2,0.0,0.0,,,labelled,tier_0,stable
11,vb_V6,numeric,0.04121818310123351,2,0.0,0.0,,,labelled,tier_0,stable
12,vb_V6,numeric,0.048233370123993397,2,0.0,0.0,,,labelled,tier_0,stable
0,vb_V7,numeric,0.016534574769723507,2,0.0,0.0,,,labelled,tier_0,stable
1,vb_V7,numeric,0.011555135002985556,2,0.0,0.0,,,labelled,tier_0,stable
2,vb_V7,numeric,0.010531206373139288,2,0.0,0.0,,,labelled,tier_0,stable
3,vb_V7,numeric,0.018137628300014853,2,0.0,0.0,,,labelled,tier_0,stable
4,vb_V7,numeric,0.022908757653244027,2,0.0,0.0,,,labelled,tier_0,stable
5,vb_V7,numeric,0.02105663238284315,2,0.0,0.0,,,labelled,tier_0,stable
6,vb_V7,numeric,0.03936891810252241,2,0.0,0.0,,,labelled,tier_0,stable
7,vb_V7,numeric,0.027247315838170222,2,0.0,0.0,,,labelled,tier_0,stable
8,vb_V7,numeric,0.02431507147978443,2,0.0,0.0,,,labelled,tier_0,stable
9,vb_V7,numeric,0.03520671912715653,2,0.0,0.0,,,labelled,tier_0,stable
10,vb_V7,numeric,0.03061178369686384,2,0.0,0.0,,,labelled,tier_0,stable
11,vb_V7,numeric,0.04871885751960982,2,0.0,0.0,,,labelled,tier_0,stable
12,vb_V7,numeric,0.062238142152059396,2,0.0,0.0,,,labelled,tier_0,stable
0,vb_V8,numeric,0.008510456463049619,2,0.0,0.0,,,labelled,tier_0,stable
1,vb_V8,numeric,0.0013587306732520403,2,0.0,0.0,,,labelled,tier_0,stable
2,vb_V8,numeric,0.004330760898653592,2,0.0,0.0,,,labelled,tier_0,stable
3,vb_V8,numeric,0.007663310773853641,2,0.0,0.0,,,labelled,tier_0,stable
4,vb_V8,numeric,0.00901114718427799,2,0.0,0.0,,,labelled,tier_0,stable
5,vb_V8,numeric,0.011957448020138598,2,0.0,0.0,,,labelled,tier_0,stable
6,vb_V8,numeric,0.025471791322638063,2,0.0,0.0,,,labelled,tier_0,stable
7,vb_V8,numeric,0.009705359052938746,2,0.0,0.0,,,labelled,tier_0,stable
8,vb_V8,numeric,0.013928113349809545,2,0.0,0.0,,,labelled,tier_0,stable
9,vb_V8,numeric,0.023684086669163416,2,0.0,0.0,,,labelled,tier_0,stable
10,vb_V8,numeric,0.016557590866782042,2,0.0,0.0,,,labelled,tier_0,stable
11,vb_V8,numeric,0.029020805525499526,2,0.0,0.0,,,labelled,tier_0,stable
12,vb_V8,numeric,0.0424805524855098,2,0.0,0.0,,,labelled,tier_0,stable
0,vb_V9,numeric,0.010555297913906407,2,0.0,0.0,,,labelled,tier_0,stable
1,vb_V9,numeric,0.003716973493470762,2,0.0,0.0,,,labelled,tier_0,stable
2,vb_V9,numeric,0.00627788846483804,2,0.0,0.0,,,labelled,tier_0,stable
3,vb_V9,numeric,0.008034440049634415,2,0.0,0.0,,,labelled,tier_0,stable
4,vb_V9,numeric,0.011911093554125805,2,0.0,0.0,,,labelled,tier_0,stable
5,vb_V9,numeric,0.016623831175123005,2,0.0,0.0,,,labelled,tier_0,stable
6,vb_V9,numeric,0.027045991783189505,2,0.0,0.0,,,labelled,tier_0,stable
7,vb_V9,numeric,0.0119772116369163,2,0.0,0.0,,,labelled,tier_0,stable
8,vb_V9,numeric,0.014648317193207132,2,0.0,0.0,,,labelled,tier_0,stable
9,vb_V9,numeric,0.028136079132456637,2,0.0,0.0,,,labelled,tier_0,stable
10,vb_V9,numeric,0.024101426447187022,2,0.0,0.0,,,labelled,tier_0,stable
11,vb_V9,numeric,0.03466407751142644,2,0.0,0.0,,,labelled,tier_0,stable
12,vb_V9,numeric,0.06052161882192789,2,0.0,0.0,,,labelled,tier_0,stable
0,vb_V10,numeric,0.23076029564195102,3,0.0,0.0,,,labelled,tier_0,moderate
1,vb_V10,numeric,0.05544230247244122,3,0.0,0.0,,,labelled,tier_0,stable
2,vb_V10,numeric,0.0663981731848683,3,0.0,0.0,,,labelled,tier_0,stable
3,vb_V10,numeric,0.14574015395693898,3,0.0,0.0,,,labelled,tier_0,moderate
4,vb_V10,numeric,0.1660509931439891,3,0.0,0.0,,,labelled,tier_0,moderate
5,vb_V10,numeric,0.1052244977322703,3,0.0,0.0,,,labelled,tier_0,moderate
6,vb_V10,numeric,0.2273006782591373,3,0.0,0.0,,,labelled,tier_0,moderate
7,vb_V10,numeric,0.1732554801811534,3,0.0,0.0,,,labelled,tier_0,moderate
8,vb_V10,numeric,0.07790006292350554,3,0.0,0.0,,,labelled,tier_0,stable
9,vb_V10,numeric,0.10749031313742796,3,0.0,0.0,,,labelled,tier_0,moderate
10,vb_V10,numeric,0.12214934706728836,3,0.0,0.0,,,labelled,tier_0,moderate
11,vb_V10,numeric,0.12736306058587504,3,0.0,0.0,,,labelled,tier_0,moderate
12,vb_V10,numeric,0.16107190718137715,3,0.0,0.0,,,labelled,tier_0,moderate
0,vb_V12,numeric,0.015343499011778032,3,0.0,0.0,,,labelled,tier_0,stable
1,vb_V12,numeric,2.1910676190677567e-05,3,0.0,0.0,,,labelled,tier_0,stable
2,vb_V12,numeric,0.0027246739222004275,3,0.0,0.0,,,labelled,tier_0,stable
3,vb_V12,numeric,0.005372805206699684,3,0.0,0.0,,,labelled,tier_0,stable
4,vb_V12,numeric,0.016861640129865442,3,0.0,0.0,,,labelled,tier_0,stable
5,vb_V12,numeric,0.018955591282421046,3,0.0,0.0,,,labelled,tier_0,stable
6,vb_V12,numeric,0.022618988220410523,3,0.0,0.0,,,labelled,tier_0,stable
7,vb_V12,numeric,0.022873017750938796,3,0.0,0.0,,,labelled,tier_0,stable
8,vb_V12,numeric,0.010160255968967875,3,0.0,0.0,,,labelled,tier_0,stable
9,vb_V12,numeric,0.015080010935598994,3,0.0,0.0,,,labelled,tier_0,stable
10,vb_V12,numeric,0.004695870661323908,3,0.0,0.0,,,labelled,tier_0,stable
11,vb_V12,numeric,0.03581315044480491,3,0.0,0.0,,,labelled,tier_0,stable
12,vb_V12,numeric,0.04538139731835652,3,0.0,0.0,,,labelled,tier_0,stable
0,vb_V14,numeric,0.0,1,0.0,0.0,,,labelled,tier_0,stable
1,vb_V14,numeric,0.0,1,0.0,0.0,,,labelled,tier_0,stable
2,vb_V14,numeric,0.0,1,0.0,0.0,,,labelled,tier_0,stable
3,vb_V14,numeric,0.0,1,0.0,0.0,,,labelled,tier_0,stable
4,vb_V14,numeric,0.0,1,0.0,0.0,,,labelled,tier_0,stable
5,vb_V14,numeric,0.0,1,0.0,0.0,,,labelled,tier_0,stable
6,vb_V14,numeric,0.0,1,0.0,0.0,,,labelled,tier_0,stable
7,vb_V14,numeric,0.0,1,0.0,0.0,,,labelled,tier_0,stable
8,vb_V14,numeric,0.0,1,0.0,0.0,,,labelled,tier_0,stable
9,vb_V14,numeric,0.0,1,0.0,0.0,,,labelled,tier_0,stable
10,vb_V14,numeric,0.0,1,0.0,0.0,,,labelled,tier_0,stable
11,vb_V14,numeric,0.0,1,0.0,0.0,,,labelled,tier_0,stable
12,vb_V14,numeric,0.0,1,0.0,0.0,,,labelled,tier_0,stable
0,vb_V15,numeric,0.0007753556091487647,3,0.0,0.0,,,labelled,tier_0,stable
1,vb_V15,numeric,0.028608073676875546,3,0.0,0.0,,,labelled,tier_0,stable
2,vb_V15,numeric,0.011031683454418316,3,0.0,0.0,,,labelled,tier_0,stable
3,vb_V15,numeric,0.007357423911539316,3,0.0,0.0,,,labelled,tier_0,stable
4,vb_V15,numeric,0.008783099866307644,3,0.0,0.0,,,labelled,tier_0,stable
5,vb_V15,numeric,0.0028741405468918173,3,0.0,0.0,,,labelled,tier_0,stable
6,vb_V15,numeric,0.004271613975273592,3,0.0,0.0,,,labelled,tier_0,stable
7,vb_V15,numeric,0.0012283413518559489,3,0.0,0.0,,,labelled,tier_0,stable
8,vb_V15,numeric,0.004892543435906429,3,0.0,0.0,,,labelled,tier_0,stable
9,vb_V15,numeric,0.002711759015839794,3,0.0,0.0,,,labelled,tier_0,stable
10,vb_V15,numeric,0.0037295309247178244,3,0.0,0.0,,,labelled,tier_0,stable
11,vb_V15,numeric,0.0005794875778386292,3,0.0,0.0,,,labelled,tier_0,stable
12,vb_V15,numeric,0.008446367448616945,3,0.0,0.0,,,labelled,tier_0,stable
0,vb_V17,numeric,0.0012986674909892192,3,0.0,0.0,,,labelled,tier_0,stable
1,vb_V17,numeric,0.02521922418387532,3,0.0,0.0,,,labelled,tier_0,stable
2,vb_V17,numeric,0.008704592273742219,3,0.0,0.0,,,labelled,tier_0,stable
3,vb_V17,numeric,0.002063905296540711,3,0.0,0.0,,,labelled,tier_0,stable
4,vb_V17,numeric,0.010178643741124037,3,0.0,0.0,,,labelled,tier_0,stable
5,vb_V17,numeric,0.0031007184354826306,3,0.0,0.0,,,labelled,tier_0,stable
6,vb_V17,numeric,0.004199939361252614,3,0.0,0.0,,,labelled,tier_0,stable
7,vb_V17,numeric,0.0010725929685557385,3,0.0,0.0,,,labelled,tier_0,stable
8,vb_V17,numeric,0.019691584578461666,3,0.0,0.0,,,labelled,tier_0,stable
9,vb_V17,numeric,0.004777906604893664,3,0.0,0.0,,,labelled,tier_0,stable
10,vb_V17,numeric,0.02759997570423231,3,0.0,0.0,,,labelled,tier_0,stable
11,vb_V17,numeric,0.001151362940138386,3,0.0,0.0,,,labelled,tier_0,stable
12,vb_V17,numeric,0.0053091411126205725,3,0.0,0.0,,,labelled,tier_0,stable
0,vb_V19,numeric,0.0003698313324020019,3,0.0,0.0,,,labelled,tier_0,stable
1,vb_V19,numeric,0.06385431425463488,3,0.0,0.0,,,labelled,tier_0,stable
2,vb_V19,numeric,0.021868038482500175,3,0.0,0.0,,,labelled,tier_0,stable
3,vb_V19,numeric,0.0016266226425682927,3,0.0,0.0,,,labelled,tier_0,stable
4,vb_V19,numeric,0.0038923357123829944,3,0.0,0.0,,,labelled,tier_0,stable
5,vb_V19,numeric,0.0001588323453149467,3,0.0,0.0,,,labelled,tier_0,stable
6,vb_V19,numeric,0.005975045365521879,3,0.0,0.0,,,labelled,tier_0,stable
7,vb_V19,numeric,0.002970300016737837,3,0.0,0.0,,,labelled,tier_0,stable
8,vb_V19,numeric,0.001255195078556301,3,0.0,0.0,,,labelled,tier_0,stable
9,vb_V19,numeric,0.0004721912811629995,3,0.0,0.0,,,labelled,tier_0,stable
10,vb_V19,numeric,0.026641866970105437,3,0.0,0.0,,,labelled,tier_0,stable
11,vb_V19,numeric,0.0006295642537675571,3,0.0,0.0,,,labelled,tier_0,stable
12,vb_V19,numeric,0.004336642989076858,3,0.0,0.0,,,labelled,tier_0,stable
0,vb_V20,numeric,0.00039580131372445607,3,0.0,0.0,,,labelled,tier_0,stable
1,vb_V20,numeric,0.06849623013086646,3,0.0,0.0,,,labelled,tier_0,stable
2,vb_V20,numeric,0.018930580992396237,3,0.0,0.0,,,labelled,tier_0,stable
3,vb_V20,numeric,0.000622831927863977,3,0.0,0.0,,,labelled,tier_0,stable
4,vb_V20,numeric,0.0035470803318144147,3,0.0,0.0,,,labelled,tier_0,stable
5,vb_V20,numeric,0.00025746731603371324,3,0.0,0.0,,,labelled,tier_0,stable
6,vb_V20,numeric,0.0064040945547537125,3,0.0,0.0,,,labelled,tier_0,stable
7,vb_V20,numeric,0.0028352098652167047,3,0.0,0.0,,,labelled,tier_0,stable
8,vb_V20,numeric,0.0006993436183862225,3,0.0,0.0,,,labelled,tier_0,stable
9,vb_V20,numeric,0.00040515264594074814,3,0.0,0.0,,,labelled,tier_0,stable
10,vb_V20,numeric,0.027149279148282655,3,0.0,0.0,,,labelled,tier_0,stable
11,vb_V20,numeric,0.0005157247215516925,3,0.0,0.0,,,labelled,tier_0,stable
12,vb_V20,numeric,0.0014206220837590187,3,0.0,0.0,,,labelled,tier_0,stable
0,vb_V23,numeric,0.0013440972095070437,2,0.0,0.0,,,labelled,tier_0,stable
1,vb_V23,numeric,0.00010096118909887097,2,0.0,0.0,,,labelled,tier_0,stable
2,vb_V23,numeric,2.6916460538510344e-05,2,0.0,0.0,,,labelled,tier_0,stable
3,vb_V23,numeric,0.00293122533310195,2,0.0,0.0,,,labelled,tier_0,stable
4,vb_V23,numeric,0.0008213972505350347,2,0.0,0.0,,,labelled,tier_0,stable
5,vb_V23,numeric,4.838148671626756e-07,2,0.0,0.0,,,labelled,tier_0,stable
6,vb_V23,numeric,0.0001637908462615801,2,0.0,0.0,,,labelled,tier_0,stable
7,vb_V23,numeric,0.0013179302026581669,2,0.0,0.0,,,labelled,tier_0,stable
8,vb_V23,numeric,0.00031269802599609843,2,0.0,0.0,,,labelled,tier_0,stable
9,vb_V23,numeric,0.0008485849289041239,2,0.0,0.0,,,labelled,tier_0,stable
10,vb_V23,numeric,0.00045178307556546625,2,0.0,0.0,,,labelled,tier_0,stable
11,vb_V23,numeric,0.0030776801049884387,2,0.0,0.0,,,labelled,tier_0,stable
12,vb_V23,numeric,0.002171144373204076,2,0.0,0.0,,,labelled,tier_0,stable
0,vb_V24,numeric,0.0007389019070776823,2,0.0,0.0,,,labelled,tier_0,stable
1,vb_V24,numeric,0.0002105694865393983,2,0.0,0.0,,,labelled,tier_0,stable
2,vb_V24,numeric,0.00013527241821060777,2,0.0,0.0,,,labelled,tier_0,stable
3,vb_V24,numeric,0.003022802784982146,2,0.0,0.0,,,labelled,tier_0,stable
4,vb_V24,numeric,0.0016469895438374507,2,0.0,0.0,,,labelled,tier_0,stable
5,vb_V24,numeric,5.195311012870273e-06,2,0.0,0.0,,,labelled,tier_0,stable
6,vb_V24,numeric,0.00022849108587909915,2,0.0,0.0,,,labelled,tier_0,stable
7,vb_V24,numeric,0.0015931848064862802,2,0.0,0.0,,,labelled,tier_0,stable
8,vb_V24,numeric,0.0004352555563853886,2,0.0,0.0,,,labelled,tier_0,stable
9,vb_V24,numeric,0.0024145734241120057,2,0.0,0.0,,,labelled,tier_0,stable
10,vb_V24,numeric,0.0014784219781177486,2,0.0,0.0,,,labelled,tier_0,stable
11,vb_V24,numeric,0.00443444655841987,2,0.0,0.0,,,labelled,tier_0,stable
12,vb_V24,numeric,0.0021115211928441485,2,0.0,0.0,,,labelled,tier_0,stable
0,vb_V25,numeric,2.046124532368239e-05,2,0.0,0.0,,,labelled,tier_0,stable
1,vb_V25,numeric,0.0004053111134677546,2,0.0,0.0,,,labelled,tier_0,stable
2,vb_V25,numeric,0.0008259173555539601,2,0.0,0.0,,,labelled,tier_0,stable
3,vb_V25,numeric,5.082917115790881e-06,2,0.0,0.0,,,labelled,tier_0,stable
4,vb_V25,numeric,7.364468010743765e-05,2,0.0,0.0,,,labelled,tier_0,stable
5,vb_V25,numeric,0.0002383055139090461,2,0.0,0.0,,,labelled,tier_0,stable
6,vb_V25,numeric,5.334214461415851e-07,2,0.0,0.0,,,labelled,tier_0,stable
7,vb_V25,numeric,4.2177442849940624e-05,2,0.0,0.0,,,labelled,tier_0,stable
8,vb_V25,numeric,0.0003283188349574829,2,0.0,0.0,,,labelled,tier_0,stable
9,vb_V25,numeric,9.828528788645575e-07,2,0.0,0.0,,,labelled,tier_0,stable
10,vb_V25,numeric,5.473374913312018e-07,2,0.0,0.0,,,labelled,tier_0,stable
11,vb_V25,numeric,1.807322445875134e-05,2,0.0,0.0,,,labelled,tier_0,stable
12,vb_V25,numeric,0.0008699452549047759,2,0.0,0.0,,,labelled,tier_0,stable
0,vb_V26,numeric,2.2666713545149114e-05,2,0.0,0.0,,,labelled,tier_0,stable
1,vb_V26,numeric,8.689723255565508e-05,2,0.0,0.0,,,labelled,tier_0,stable
2,vb_V26,numeric,0.0008179817974078942,2,0.0,0.0,,,labelled,tier_0,stable
3,vb_V26,numeric,0.0003545793343163909,2,0.0,0.0,,,labelled,tier_0,stable
4,vb_V26,numeric,4.888850261213707e-05,2,0.0,0.0,,,labelled,tier_0,stable
5,vb_V26,numeric,0.0004708698969306826,2,0.0,0.0,,,labelled,tier_0,stable
6,vb_V26,numeric,5.622355823569298e-06,2,0.0,0.0,,,labelled,tier_0,stable
7,vb_V26,numeric,4.350018095863875e-05,2,0.0,0.0,,,labelled,tier_0,stable
8,vb_V26,numeric,3.7969244716212675e-05,2,0.0,0.0,,,labelled,tier_0,stable
9,vb_V26,numeric,3.804468941157532e-09,2,0.0,0.0,,,labelled,tier_0,stable
10,vb_V26,numeric,1.9771664899287464e-05,2,0.0,0.0,,,labelled,tier_0,stable
11,vb_V26,numeric,2.0503720361453614e-05,2,0.0,0.0,,,labelled,tier_0,stable
12,vb_V26,numeric,0.0008441300990294471,2,0.0,0.0,,,labelled,tier_0,stable
0,vb_V27,numeric,1.2554351334878295e-05,2,0.0,0.0,,,labelled,tier_0,stable
1,vb_V27,numeric,2.4300236572422504e-05,2,0.0,0.0,,,labelled,tier_0,stable
2,vb_V27,numeric,1.7619207099347994e-05,2,0.0,0.0,,,labelled,tier_0,stable
3,vb_V27,numeric,0.00010078766148180879,2,0.0,0.0,,,labelled,tier_0,stable
4,vb_V27,numeric,0.0013386352005399574,2,0.0,0.0,,,labelled,tier_0,stable
5,vb_V27,numeric,0.0001027449153485823,2,0.0,0.0,,,labelled,tier_0,stable
6,vb_V27,numeric,0.00029606206929713074,2,0.0,0.0,,,labelled,tier_0,stable
7,vb_V27,numeric,1.4804404802164679e-06,2,0.0,0.0,,,labelled,tier_0,stable
8,vb_V27,numeric,1.0102245183149212e-06,2,0.0,0.0,,,labelled,tier_0,stable
9,vb_V27,numeric,0.0003194443403719346,2,0.0,0.0,,,labelled,tier_0,stable
10,vb_V27,numeric,5.7192738120377134e-05,2,0.0,0.0,,,labelled,tier_0,stable
11,vb_V27,numeric,9.85437680038638e-05,2,0.0,0.0,,,labelled,tier_0,stable
12,vb_V27,numeric,0.00021158259924526892,2,0.0,0.0,,,labelled,tier_0,stable
0,vb_V29,numeric,0.04044419745927577,3,0.0,0.0,,,labelled,tier_0,stable
1,vb_V29,numeric,0.0007190493854991818,3,0.0,0.0,,,labelled,tier_0,stable
2,vb_V29,numeric,0.0008826654331490247,3,0.0,0.0,,,labelled,tier_0,stable
3,vb_V29,numeric,0.019796958436371172,3,0.0,0.0,,,labelled,tier_0,stable
4,vb_V29,numeric,0.015335566254247911,3,0.0,0.0,,,labelled,tier_0,stable
5,vb_V29,numeric,0.005369638243956147,3,0.0,0.0,,,labelled,tier_0,stable
6,vb_V29,numeric,0.039784542743069196,3,0.0,0.0,,,labelled,tier_0,stable
7,vb_V29,numeric,0.014668549719367546,3,0.0,0.0,,,labelled,tier_0,stable
8,vb_V29,numeric,0.0005839179965879079,3,0.0,0.0,,,labelled,tier_0,stable
9,vb_V29,numeric,0.002074094708019157,3,0.0,0.0,,,labelled,tier_0,stable
10,vb_V29,numeric,0.0040289288638963505,3,0.0,0.0,,,labelled,tier_0,stable
11,vb_V29,numeric,0.003715729743244284,3,0.0,0.0,,,labelled,tier_0,stable
12,vb_V29,numeric,0.017937477499514406,3,0.0,0.0,,,labelled,tier_0,stable
0,vb_V32,numeric,0.0039665343582322215,3,0.0,0.0,,,labelled,tier_0,stable
1,vb_V32,numeric,0.03282561487567498,3,0.0,0.0,,,labelled,tier_0,stable
2,vb_V32,numeric,0.012790949418898169,3,0.0,0.0,,,labelled,tier_0,stable
3,vb_V32,numeric,0.0020453423112345515,3,0.0,0.0,,,labelled,tier_0,stable
4,vb_V32,numeric,0.010899482399235211,3,0.0,0.0,,,labelled,tier_0,stable
5,vb_V32,numeric,0.0041844680300962105,3,0.0,0.0,,,labelled,tier_0,stable
6,vb_V32,numeric,0.006231731748808045,3,0.0,0.0,,,labelled,tier_0,stable
7,vb_V32,numeric,0.001725409771160517,3,0.0,0.0,,,labelled,tier_0,stable
8,vb_V32,numeric,0.017696427994020922,3,0.0,0.0,,,labelled,tier_0,stable
9,vb_V32,numeric,0.0024595581507028215,3,0.0,0.0,,,labelled,tier_0,stable
10,vb_V32,numeric,0.019440640211868355,3,0.0,0.0,,,labelled,tier_0,stable
11,vb_V32,numeric,0.002764959023244997,3,0.0,0.0,,,labelled,tier_0,stable
12,vb_V32,numeric,0.008677534428676113,3,0.0,0.0,,,labelled,tier_0,stable
0,vb_V35,numeric,0.10749762229382606,3,0.0,0.0,,,labelled,tier_0,moderate
1,vb_V35,numeric,0.0034006242787801787,3,0.0,0.0,,,labelled,tier_0,stable
2,vb_V35,numeric,0.029445695280798344,3,0.0,0.0,,,labelled,tier_0,stable
3,vb_V35,numeric,0.06721964312039197,3,0.0,0.0,,,labelled,tier_0,stable
4,vb_V35,numeric,0.08654380725124414,3,0.0,0.0,,,labelled,tier_0,stable
5,vb_V35,numeric,0.0945231031226289,3,0.0,0.0,,,labelled,tier_0,stable
6,vb_V35,numeric,0.10090218072354518,3,0.0,0.0,,,labelled,tier_0,moderate
7,vb_V35,numeric,0.08406018382057927,3,0.0,0.0,,,labelled,tier_0,stable
8,vb_V35,numeric,0.050669298836092766,3,0.0,0.0,,,labelled,tier_0,stable
9,vb_V35,numeric,0.10366682797867176,3,0.0,0.0,,,labelled,tier_0,moderate
10,vb_V35,numeric,0.07001740008109798,3,0.0,0.0,,,labelled,tier_0,stable
11,vb_V35,numeric,0.13999347596918624,3,0.0,0.0,,,labelled,tier_0,moderate
12,vb_V35,numeric,0.16023857493649962,3,0.0,0.0,,,labelled,tier_0,moderate
0,vb_V37,numeric,0.0001968230856890288,2,0.0,0.0,,,labelled,tier_0,stable
1,vb_V37,numeric,0.006002610771369071,2,0.0,0.0,,,labelled,tier_0,stable
2,vb_V37,numeric,0.0015809681547399833,2,0.0,0.0,,,labelled,tier_0,stable
3,vb_V37,numeric,0.0003366833487537979,2,0.0,0.0,,,labelled,tier_0,stable
4,vb_V37,numeric,0.0010828455631296241,2,0.0,0.0,,,labelled,tier_0,stable
5,vb_V37,numeric,2.6317712607050655e-08,2,0.0,0.0,,,labelled,tier_0,stable
6,vb_V37,numeric,9.970281933030074e-05,2,0.0,0.0,,,labelled,tier_0,stable
7,vb_V37,numeric,0.0007749992610572809,2,0.0,0.0,,,labelled,tier_0,stable
8,vb_V37,numeric,0.0005510406066228453,2,0.0,0.0,,,labelled,tier_0,stable
9,vb_V37,numeric,0.0012632149028471208,2,0.0,0.0,,,labelled,tier_0,stable
10,vb_V37,numeric,0.00017079049360727036,2,0.0,0.0,,,labelled,tier_0,stable
11,vb_V37,numeric,0.0003214694528203284,2,0.0,0.0,,,labelled,tier_0,stable
12,vb_V37,numeric,0.00022389942005554095,2,0.0,0.0,,,labelled,tier_0,stable
0,vb_V38,numeric,8.324325192330038e-05,2,0.0,0.0,,,labelled,tier_0,stable
1,vb_V38,numeric,0.0036482408351565195,2,0.0,0.0,,,labelled,tier_0,stable
2,vb_V38,numeric,0.0008842477538880443,2,0.0,0.0,,,labelled,tier_0,stable
3,vb_V38,numeric,2.3728051825387972e-05,2,0.0,0.0,,,labelled,tier_0,stable
4,vb_V38,numeric,0.0006949734158290884,2,0.0,0.0,,,labelled,tier_0,stable
5,vb_V38,numeric,3.506522879070774e-05,2,0.0,0.0,,,labelled,tier_0,stable
6,vb_V38,numeric,6.007487160643578e-07,2,0.0,0.0,,,labelled,tier_0,stable
7,vb_V38,numeric,0.00013709035852939682,2,0.0,0.0,,,labelled,tier_0,stable
8,vb_V38,numeric,0.0042293306749253915,2,0.0,0.0,,,labelled,tier_0,stable
9,vb_V38,numeric,0.004170292993953176,2,0.0,0.0,,,labelled,tier_0,stable
10,vb_V38,numeric,0.0002823041668463155,2,0.0,0.0,,,labelled,tier_0,stable
11,vb_V38,numeric,0.0024762212238101052,2,0.0,0.0,,,labelled,tier_0,stable
12,vb_V38,numeric,0.0009076181796488051,2,0.0,0.0,,,labelled,tier_0,stable
0,vb_V39,numeric,0.004151643644836278,3,0.0,0.0,,,labelled,tier_0,stable
1,vb_V39,numeric,0.023270054089414648,3,0.0,0.0,,,labelled,tier_0,stable
2,vb_V39,numeric,0.011162386423540435,3,0.0,0.0,,,labelled,tier_0,stable
3,vb_V39,numeric,0.004298036350501446,3,0.0,0.0,,,labelled,tier_0,stable
4,vb_V39,numeric,0.013018248416693533,3,0.0,0.0,,,labelled,tier_0,stable
5,vb_V39,numeric,0.0068737352823291,3,0.0,0.0,,,labelled,tier_0,stable
6,vb_V39,numeric,0.008634560029707783,3,0.0,0.0,,,labelled,tier_0,stable
7,vb_V39,numeric,0.00414424527856845,3,0.0,0.0,,,labelled,tier_0,stable
8,vb_V39,numeric,0.0019422261346126863,3,0.0,0.0,,,labelled,tier_0,stable
9,vb_V39,numeric,0.00041919568062073856,3,0.0,0.0,,,labelled,tier_0,stable
10,vb_V39,numeric,0.004209815511755727,3,0.0,0.0,,,labelled,tier_0,stable
11,vb_V39,numeric,0.0010472061530079606,3,0.0,0.0,,,labelled,tier_0,stable
12,vb_V39,numeric,0.012051888675178661,3,0.0,0.0,,,labelled,tier_0,stable
0,vb_V41,numeric,0.0,1,0.0,0.0,,,labelled,tier_0,stable
1,vb_V41,numeric,0.0,1,0.0,0.0,,,labelled,tier_0,stable
2,vb_V41,numeric,0.0,1,0.0,0.0,,,labelled,tier_0,stable
3,vb_V41,numeric,0.0,1,0.0,0.0,,,labelled,tier_0,stable
4,vb_V41,numeric,0.0,1,0.0,0.0,,,labelled,tier_0,stable
5,vb_V41,numeric,0.0,1,0.0,0.0,,,labelled,tier_0,stable
6,vb_V41,numeric,0.0,1,0.0,0.0,,,labelled,tier_0,stable
7,vb_V41,numeric,0.0,1,0.0,0.0,,,labelled,tier_0,stable
8,vb_V41,numeric,0.0,1,0.0,0.0,,,labelled,tier_0,stable
9,vb_V41,numeric,0.0,1,0.0,0.0,,,labelled,tier_0,stable
10,vb_V41,numeric,0.0,1,0.0,0.0,,,labelled,tier_0,stable
11,vb_V41,numeric,0.0,1,0.0,0.0,,,labelled,tier_0,stable
12,vb_V41,numeric,0.0,1,0.0,0.0,,,labelled,tier_0,stable
0,vb_V42,numeric,0.0032947921032419284,3,0.0,0.0,,,labelled,tier_0,stable
1,vb_V42,numeric,0.023450316119615313,3,0.0,0.0,,,labelled,tier_0,stable
2,vb_V42,numeric,0.010999868531327638,3,0.0,0.0,,,labelled,tier_0,stable
3,vb_V42,numeric,0.004330632607498431,3,0.0,0.0,,,labelled,tier_0,stable
4,vb_V42,numeric,0.01400417219674374,3,0.0,0.0,,,labelled,tier_0,stable
5,vb_V42,numeric,0.006979771239466796,3,0.0,0.0,,,labelled,tier_0,stable
6,vb_V42,numeric,0.008819244686635887,3,0.0,0.0,,,labelled,tier_0,stable
7,vb_V42,numeric,0.00414682546938754,3,0.0,0.0,,,labelled,tier_0,stable
8,vb_V42,numeric,0.00201883714359879,3,0.0,0.0,,,labelled,tier_0,stable
9,vb_V42,numeric,0.0010120527824573284,3,0.0,0.0,,,labelled,tier_0,stable
10,vb_V42,numeric,0.0036945561053958824,3,0.0,0.0,,,labelled,tier_0,stable
11,vb_V42,numeric,0.0028198843768039595,3,0.0,0.0,,,labelled,tier_0,stable
12,vb_V42,numeric,0.010758929699418277,3,0.0,0.0,,,labelled,tier_0,stable
0,vb_V44,numeric,0.00020658183287912044,2,0.0,0.0,,,labelled,tier_0,stable
1,vb_V44,numeric,0.004172409656479679,2,0.0,0.0,,,labelled,tier_0,stable
2,vb_V44,numeric,0.0006395070756385823,2,0.0,0.0,,,labelled,tier_0,stable
3,vb_V44,numeric,0.0005643659268434424,2,0.0,0.0,,,labelled,tier_0,stable
4,vb_V44,numeric,7.268441697731152e-05,2,0.0,0.0,,,labelled,tier_0,stable
5,vb_V44,numeric,4.500101436049825e-07,2,0.0,0.0,,,labelled,tier_0,stable
6,vb_V44,numeric,9.583368729761245e-06,2,0.0,0.0,,,labelled,tier_0,stable
7,vb_V44,numeric,0.0005464148821193677,2,0.0,0.0,,,labelled,tier_0,stable
8,vb_V44,numeric,5.856507414522905e-05,2,0.0,0.0,,,labelled,tier_0,stable
9,vb_V44,numeric,0.0008689612960371916,2,0.0,0.0,,,labelled,tier_0,stable
10,vb_V44,numeric,1.297981976150723e-05,2,0.0,0.0,,,labelled,tier_0,stable
11,vb_V44,numeric,0.0006356302898061686,2,0.0,0.0,,,labelled,tier_0,stable
12,vb_V44,numeric,0.0018643856850160906,2,0.0,0.0,,,labelled,tier_0,stable
0,vb_V46,numeric,3.0652837976419035e-07,2,0.0,0.0,,,labelled,tier_0,stable
1,vb_V46,numeric,0.007612869636343663,2,0.0,0.0,,,labelled,tier_0,stable
2,vb_V46,numeric,0.0029411713650366604,2,0.0,0.0,,,labelled,tier_0,stable
3,vb_V46,numeric,0.00032024717386614057,2,0.0,0.0,,,labelled,tier_0,stable
4,vb_V46,numeric,0.00047406133960814473,2,0.0,0.0,,,labelled,tier_0,stable
5,vb_V46,numeric,0.0003889414092403717,2,0.0,0.0,,,labelled,tier_0,stable
6,vb_V46,numeric,0.00039634699887614895,2,0.0,0.0,,,labelled,tier_0,stable
7,vb_V46,numeric,0.0010523379597144372,2,0.0,0.0,,,labelled,tier_0,stable
8,vb_V46,numeric,0.0005387170482713149,2,0.0,0.0,,,labelled,tier_0,stable
9,vb_V46,numeric,0.0002129910036211103,2,0.0,0.0,,,labelled,tier_0,stable
10,vb_V46,numeric,0.0005721354196181621,2,0.0,0.0,,,labelled,tier_0,stable
11,vb_V46,numeric,0.0004157002690932745,2,0.0,0.0,,,labelled,tier_0,stable
12,vb_V46,numeric,6.900350366983791e-06,2,0.0,0.0,,,labelled,tier_0,stable
0,vb_V47,numeric,6.611281375005671e-05,2,0.0,0.0,,,labelled,tier_0,stable
1,vb_V47,numeric,0.006148186217172204,2,0.0,0.0,,,labelled,tier_0,stable
2,vb_V47,numeric,0.0034823679136526792,2,0.0,0.0,,,labelled,tier_0,stable
3,vb_V47,numeric,0.0008282006605316003,2,0.0,0.0,,,labelled,tier_0,stable
4,vb_V47,numeric,0.0010927164514588049,2,0.0,0.0,,,labelled,tier_0,stable
5,vb_V47,numeric,0.000961608899501254,2,0.0,0.0,,,labelled,tier_0,stable
6,vb_V47,numeric,0.0003408488947502142,2,0.0,0.0,,,labelled,tier_0,stable
7,vb_V47,numeric,0.0011029174170673422,2,0.0,0.0,,,labelled,tier_0,stable
8,vb_V47,numeric,2.0266620302567515e-06,2,0.0,0.0,,,labelled,tier_0,stable
9,vb_V47,numeric,2.0246484742845136e-05,2,0.0,0.0,,,labelled,tier_0,stable
10,vb_V47,numeric,0.00012450437356355682,2,0.0,0.0,,,labelled,tier_0,stable
11,vb_V47,numeric,0.00021706274116022755,2,0.0,0.0,,,labelled,tier_0,stable
12,vb_V47,numeric,4.531567191046872e-06,2,0.0,0.0,,,labelled,tier_0,stable
0,vb_V48,numeric,0.04846357340183529,3,0.0,0.0,,,labelled,tier_0,stable
1,vb_V48,numeric,0.001446161549898164,3,0.0,0.0,,,labelled,tier_0,stable
2,vb_V48,numeric,0.0006735310324616412,3,0.0,0.0,,,labelled,tier_0,stable
3,vb_V48,numeric,0.024037319783105734,3,0.0,0.0,,,labelled,tier_0,stable
4,vb_V48,numeric,0.020879598028361434,3,0.0,0.0,,,labelled,tier_0,stable
5,vb_V48,numeric,0.011464605916400826,3,0.0,0.0,,,labelled,tier_0,stable
6,vb_V48,numeric,0.0314527761613892,3,0.0,0.0,,,labelled,tier_0,stable
7,vb_V48,numeric,0.017973923498180895,3,0.0,0.0,,,labelled,tier_0,stable
8,vb_V48,numeric,0.0010118001295613551,3,0.0,0.0,,,labelled,tier_0,stable
9,vb_V48,numeric,0.0049162490153293915,3,0.0,0.0,,,labelled,tier_0,stable
10,vb_V48,numeric,0.006634092157923101,3,0.0,0.0,,,labelled,tier_0,stable
11,vb_V48,numeric,0.013393768916338006,3,0.0,0.0,,,labelled,tier_0,stable
12,vb_V48,numeric,0.030251128363032134,3,0.0,0.0,,,labelled,tier_0,stable
0,vb_V50,numeric,0.004659276092787357,3,0.0,0.0,,,labelled,tier_0,stable
1,vb_V50,numeric,0.029285811949621963,3,0.0,0.0,,,labelled,tier_0,stable
2,vb_V50,numeric,0.01463797074193939,3,0.0,0.0,,,labelled,tier_0,stable
3,vb_V50,numeric,0.009398986184643396,3,0.0,0.0,,,labelled,tier_0,stable
4,vb_V50,numeric,0.016188381562049162,3,0.0,0.0,,,labelled,tier_0,stable
5,vb_V50,numeric,0.012146994826166945,3,0.0,0.0,,,labelled,tier_0,stable
6,vb_V50,numeric,0.01172101535557668,3,0.0,0.0,,,labelled,tier_0,stable
7,vb_V50,numeric,0.0052684209955895945,3,0.0,0.0,,,labelled,tier_0,stable
8,vb_V50,numeric,0.0015181095622656118,3,0.0,0.0,,,labelled,tier_0,stable
9,vb_V50,numeric,9.40392717903243e-05,3,0.0,0.0,,,labelled,tier_0,stable
10,vb_V50,numeric,0.00788853175401206,3,0.0,0.0,,,labelled,tier_0,stable
11,vb_V50,numeric,0.008348706924307496,3,0.0,0.0,,,labelled,tier_0,stable
12,vb_V50,numeric,0.015372810505411384,3,0.0,0.0,,,labelled,tier_0,stable
0,vb_V51,numeric,0.00022637215864947154,3,0.0,0.0,,,labelled,tier_0,stable
1,vb_V51,numeric,0.017569264808218854,3,0.0,0.0,,,labelled,tier_0,stable
2,vb_V51,numeric,0.007286209995976317,3,0.0,0.0,,,labelled,tier_0,stable
3,vb_V51,numeric,0.0026026271562171206,3,0.0,0.0,,,labelled,tier_0,stable
4,vb_V51,numeric,0.005332677548331227,3,0.0,0.0,,,labelled,tier_0,stable
5,vb_V51,numeric,0.00259354715156288,3,0.0,0.0,,,labelled,tier_0,stable
6,vb_V51,numeric,0.004125514127341573,3,0.0,0.0,,,labelled,tier_0,stable
7,vb_V51,numeric,0.0006296755252084352,3,0.0,0.0,,,labelled,tier_0,stable
8,vb_V51,numeric,0.004850796631894116,3,0.0,0.0,,,labelled,tier_0,stable
9,vb_V51,numeric,0.0037448667601701303,3,0.0,0.0,,,labelled,tier_0,stable
10,vb_V51,numeric,0.0016814953286153616,3,0.0,0.0,,,labelled,tier_0,stable
11,vb_V51,numeric,0.00023395982358365814,3,0.0,0.0,,,labelled,tier_0,stable
12,vb_V51,numeric,0.007660843584470024,3,0.0,0.0,,,labelled,tier_0,stable
0,vb_V53,numeric,0.022565640423542577,3,0.0,0.0,,,labelled,tier_0,stable
1,vb_V53,numeric,0.00834352142016422,3,0.0,0.0,,,labelled,tier_0,stable
2,vb_V53,numeric,0.0007664222811348101,3,0.0,0.0,,,labelled,tier_0,stable
3,vb_V53,numeric,0.008072391478589493,3,0.0,0.0,,,labelled,tier_0,stable
4,vb_V53,numeric,0.021746495123739332,3,0.0,0.0,,,labelled,tier_0,stable
5,vb_V53,numeric,0.03594079200586909,3,0.0,0.0,,,labelled,tier_0,stable
6,vb_V53,numeric,0.039556886306276996,3,0.0,0.0,,,labelled,tier_0,stable
7,vb_V53,numeric,0.0328773691879018,3,0.0,0.0,,,labelled,tier_0,stable
8,vb_V53,numeric,0.022710387197501816,3,0.0,0.0,,,labelled,tier_0,stable
9,vb_V53,numeric,0.029102268641118596,3,0.0,0.0,,,labelled,tier_0,stable
10,vb_V53,numeric,0.012807733159744405,3,0.0,0.0,,,labelled,tier_0,stable
11,vb_V53,numeric,0.059094973791229896,3,0.0,0.0,,,labelled,tier_0,stable
12,vb_V53,numeric,0.07561588735482666,3,0.0,0.0,,,labelled,tier_0,stable
0,vb_V55,numeric,0.0002702330431533026,2,0.0,0.0,,,labelled,tier_0,stable
1,vb_V55,numeric,0.0027100164678198002,2,0.0,0.0,,,labelled,tier_0,stable
2,vb_V55,numeric,0.0022842224158729817,2,0.0,0.0,,,labelled,tier_0,stable
3,vb_V55,numeric,0.00028574059858182114,2,0.0,0.0,,,labelled,tier_0,stable
4,vb_V55,numeric,0.00025351572661691605,2,0.0,0.0,,,labelled,tier_0,stable
5,vb_V55,numeric,0.0008365460855322834,2,0.0,0.0,,,labelled,tier_0,stable
6,vb_V55,numeric,0.0012285577912951394,2,0.0,0.0,,,labelled,tier_0,stable
7,vb_V55,numeric,0.0017169818435230375,2,0.0,0.0,,,labelled,tier_0,stable
8,vb_V55,numeric,0.006474775014439445,2,0.0,0.0,,,labelled,tier_0,stable
9,vb_V55,numeric,0.001800398949560497,2,0.0,0.0,,,labelled,tier_0,stable
10,vb_V55,numeric,0.0012008681258536325,2,0.0,0.0,,,labelled,tier_0,stable
11,vb_V55,numeric,0.0020318161314132484,2,0.0,0.0,,,labelled,tier_0,stable
12,vb_V55,numeric,0.007281555787024675,2,0.0,0.0,,,labelled,tier_0,stable
0,vb_V56,numeric,0.001417725442682098,2,0.0,0.0,,,labelled,tier_0,stable
1,vb_V56,numeric,0.006007689441620071,2,0.0,0.0,,,labelled,tier_0,stable
2,vb_V56,numeric,0.0022589238586939848,2,0.0,0.0,,,labelled,tier_0,stable
3,vb_V56,numeric,0.0009953349869472057,2,0.0,0.0,,,labelled,tier_0,stable
4,vb_V56,numeric,0.001160433047192378,2,0.0,0.0,,,labelled,tier_0,stable
5,vb_V56,numeric,0.0020808752591666754,2,0.0,0.0,,,labelled,tier_0,stable
6,vb_V56,numeric,0.0017936472479887606,2,0.0,0.0,,,labelled,tier_0,stable
7,vb_V56,numeric,0.005963843758313834,2,0.0,0.0,,,labelled,tier_0,stable
8,vb_V56,numeric,0.009341206071210164,2,0.0,0.0,,,labelled,tier_0,stable
9,vb_V56,numeric,0.0069565303756738625,2,0.0,0.0,,,labelled,tier_0,stable
10,vb_V56,numeric,0.002844406636703438,2,0.0,0.0,,,labelled,tier_0,stable
11,vb_V56,numeric,0.006250068368733356,2,0.0,0.0,,,labelled,tier_0,stable
12,vb_V56,numeric,0.008867179998010078,2,0.0,0.0,,,labelled,tier_0,stable
0,vb_V57,numeric,0.0018136600025283657,3,0.0,0.0,,,labelled,tier_0,stable
1,vb_V57,numeric,0.01781902827659848,3,0.0,0.0,,,labelled,tier_0,stable
2,vb_V57,numeric,0.008963630545373306,3,0.0,0.0,,,labelled,tier_0,stable
3,vb_V57,numeric,0.0027748853365406425,3,0.0,0.0,,,labelled,tier_0,stable
4,vb_V57,numeric,0.010073617369272673,3,0.0,0.0,,,labelled,tier_0,stable
5,vb_V57,numeric,0.006100353948333908,3,0.0,0.0,,,labelled,tier_0,stable
6,vb_V57,numeric,0.009155491259682664,3,0.0,0.0,,,labelled,tier_0,stable
7,vb_V57,numeric,0.002536670289784697,3,0.0,0.0,,,labelled,tier_0,stable
8,vb_V57,numeric,0.0031911593813750585,3,0.0,0.0,,,labelled,tier_0,stable
9,vb_V57,numeric,0.0009618714266131483,3,0.0,0.0,,,labelled,tier_0,stable
10,vb_V57,numeric,0.004857017456988659,3,0.0,0.0,,,labelled,tier_0,stable
11,vb_V57,numeric,0.00169037210899881,3,0.0,0.0,,,labelled,tier_0,stable
12,vb_V57,numeric,0.012044025658004399,3,0.0,0.0,,,labelled,tier_0,stable
0,vb_V59,numeric,0.0018794524123668997,3,0.0,0.0,,,labelled,tier_0,stable
1,vb_V59,numeric,0.015517733067111407,3,0.0,0.0,,,labelled,tier_0,stable
2,vb_V59,numeric,0.006493640346193374,3,0.0,0.0,,,labelled,tier_0,stable
3,vb_V59,numeric,0.0029142326994470915,3,0.0,0.0,,,labelled,tier_0,stable
4,vb_V59,numeric,0.009110760884812488,3,0.0,0.0,,,labelled,tier_0,stable
5,vb_V59,numeric,0.0046372099175722315,3,0.0,0.0,,,labelled,tier_0,stable
6,vb_V59,numeric,0.007659226316243799,3,0.0,0.0,,,labelled,tier_0,stable
7,vb_V59,numeric,0.001668946606191927,3,0.0,0.0,,,labelled,tier_0,stable
8,vb_V59,numeric,0.014707508633526063,3,0.0,0.0,,,labelled,tier_0,stable
9,vb_V59,numeric,0.0028903125012168683,3,0.0,0.0,,,labelled,tier_0,stable
10,vb_V59,numeric,0.025231741101148786,3,0.0,0.0,,,labelled,tier_0,stable
11,vb_V59,numeric,8.198639760540269e-05,3,0.0,0.0,,,labelled,tier_0,stable
12,vb_V59,numeric,0.0072454433915311945,3,0.0,0.0,,,labelled,tier_0,stable
0,vb_V61,numeric,0.0004305882469413956,3,0.0,0.0,,,labelled,tier_0,stable
1,vb_V61,numeric,0.12340700017480383,3,0.0,0.0,,,labelled,tier_0,moderate
2,vb_V61,numeric,0.04218945277061914,3,0.0,0.0,,,labelled,tier_0,stable
3,vb_V61,numeric,0.005963658327067525,3,0.0,0.0,,,labelled,tier_0,stable
4,vb_V61,numeric,0.00826218050407652,3,0.0,0.0,,,labelled,tier_0,stable
5,vb_V61,numeric,0.001051960964975518,3,0.0,0.0,,,labelled,tier_0,stable
6,vb_V61,numeric,0.00576414602815554,3,0.0,0.0,,,labelled,tier_0,stable
7,vb_V61,numeric,0.0036142765214721337,3,0.0,0.0,,,labelled,tier_0,stable
8,vb_V61,numeric,0.0006115205791217462,3,0.0,0.0,,,labelled,tier_0,stable
9,vb_V61,numeric,0.0010956381676067908,3,0.0,0.0,,,labelled,tier_0,stable
10,vb_V61,numeric,0.021383157565922895,3,0.0,0.0,,,labelled,tier_0,stable
11,vb_V61,numeric,0.0004458510506026634,3,0.0,0.0,,,labelled,tier_0,stable
12,vb_V61,numeric,0.004301462006364325,3,0.0,0.0,,,labelled,tier_0,stable
0,vb_V62,numeric,0.0005867094070389453,3,0.0,0.0,,,labelled,tier_0,stable
1,vb_V62,numeric,0.13289240981881076,3,0.0,0.0,,,labelled,tier_0,moderate
2,vb_V62,numeric,0.03460280377011184,3,0.0,0.0,,,labelled,tier_0,stable
3,vb_V62,numeric,0.003599433980227103,3,0.0,0.0,,,labelled,tier_0,stable
4,vb_V62,numeric,0.006884048419992113,3,0.0,0.0,,,labelled,tier_0,stable
5,vb_V62,numeric,0.002427614937044602,3,0.0,0.0,,,labelled,tier_0,stable
6,vb_V62,numeric,0.006560378206250742,3,0.0,0.0,,,labelled,tier_0,stable
7,vb_V62,numeric,0.00407231367611921,3,0.0,0.0,,,labelled,tier_0,stable
8,vb_V62,numeric,0.0016177157119156831,3,0.0,0.0,,,labelled,tier_0,stable
9,vb_V62,numeric,0.002429941188515053,3,0.0,0.0,,,labelled,tier_0,stable
10,vb_V62,numeric,0.023758464250557994,3,0.0,0.0,,,labelled,tier_0,stable
11,vb_V62,numeric,0.001278156395853508,3,0.0,0.0,,,labelled,tier_0,stable
12,vb_V62,numeric,0.006513224178756225,3,0.0,0.0,,,labelled,tier_0,stable
0,vb_V64,numeric,0.0029669487143982646,3,0.0,0.0,,,labelled,tier_0,stable
1,vb_V64,numeric,0.015959675285660536,3,0.0,0.0,,,labelled,tier_0,stable
2,vb_V64,numeric,0.006956195280724982,3,0.0,0.0,,,labelled,tier_0,stable
3,vb_V64,numeric,0.0026322587011374755,3,0.0,0.0,,,labelled,tier_0,stable
4,vb_V64,numeric,0.010550114625004887,3,0.0,0.0,,,labelled,tier_0,stable
5,vb_V64,numeric,0.005092652996086383,3,0.0,0.0,,,labelled,tier_0,stable
6,vb_V64,numeric,0.009322634149232477,3,0.0,0.0,,,labelled,tier_0,stable
7,vb_V64,numeric,0.00733151948210123,3,0.0,0.0,,,labelled,tier_0,stable
8,vb_V64,numeric,0.015964488912190933,3,0.0,0.0,,,labelled,tier_0,stable
9,vb_V64,numeric,0.00996699226883517,3,0.0,0.0,,,labelled,tier_0,stable
10,vb_V64,numeric,0.023959319045319435,3,0.0,0.0,,,labelled,tier_0,stable
11,vb_V64,numeric,0.00837262851550856,3,0.0,0.0,,,labelled,tier_0,stable
12,vb_V64,numeric,0.005713774660769692,3,0.0,0.0,,,labelled,tier_0,stable
0,vb_V65,numeric,0.0,1,0.0,0.0,,,labelled,tier_0,stable
1,vb_V65,numeric,0.0,1,0.0,0.0,,,labelled,tier_0,stable
2,vb_V65,numeric,0.0,1,0.0,0.0,,,labelled,tier_0,stable
3,vb_V65,numeric,0.0,1,0.0,0.0,,,labelled,tier_0,stable
4,vb_V65,numeric,0.0,1,0.0,0.0,,,labelled,tier_0,stable
5,vb_V65,numeric,0.0,1,0.0,0.0,,,labelled,tier_0,stable
6,vb_V65,numeric,0.0,1,0.0,0.0,,,labelled,tier_0,stable
7,vb_V65,numeric,0.0,1,0.0,0.0,,,labelled,tier_0,stable
8,vb_V65,numeric,0.0,1,0.0,0.0,,,labelled,tier_0,stable
9,vb_V65,numeric,0.0,1,0.0,0.0,,,labelled,tier_0,stable
10,vb_V65,numeric,0.0,1,0.0,0.0,,,labelled,tier_0,stable
11,vb_V65,numeric,0.0,1,0.0,0.0,,,labelled,tier_0,stable
12,vb_V65,numeric,0.0,1,0.0,0.0,,,labelled,tier_0,stable
0,vb_V66,numeric,0.0009049586527132748,2,0.0,0.0,,,labelled,tier_0,stable
1,vb_V66,numeric,8.059558151730696e-05,2,0.0,0.0,,,labelled,tier_0,stable
2,vb_V66,numeric,2.2973063015524966e-05,2,0.0,0.0,,,labelled,tier_0,stable
3,vb_V66,numeric,0.00011982602296101948,2,0.0,0.0,,,labelled,tier_0,stable
4,vb_V66,numeric,0.0007315346787053673,2,0.0,0.0,,,labelled,tier_0,stable
5,vb_V66,numeric,0.000840683692238595,2,0.0,0.0,,,labelled,tier_0,stable
6,vb_V66,numeric,0.0010629035520295837,2,0.0,0.0,,,labelled,tier_0,stable
7,vb_V66,numeric,0.001256385367274892,2,0.0,0.0,,,labelled,tier_0,stable
8,vb_V66,numeric,0.002040168255749973,2,0.0,0.0,,,labelled,tier_0,stable
9,vb_V66,numeric,0.0007961291862175321,2,0.0,0.0,,,labelled,tier_0,stable
10,vb_V66,numeric,0.0009815421195826578,2,0.0,0.0,,,labelled,tier_0,stable
11,vb_V66,numeric,0.0012877068414130885,2,0.0,0.0,,,labelled,tier_0,stable
12,vb_V66,numeric,0.005953095104453221,2,0.0,0.0,,,labelled,tier_0,stable
0,vb_V67,numeric,0.0006844703837260069,2,0.0,0.0,,,labelled,tier_0,stable
1,vb_V67,numeric,0.0005252338210107617,2,0.0,0.0,,,labelled,tier_0,stable
2,vb_V67,numeric,5.199928165334649e-05,2,0.0,0.0,,,labelled,tier_0,stable
3,vb_V67,numeric,2.2766210278080032e-05,2,0.0,0.0,,,labelled,tier_0,stable
4,vb_V67,numeric,8.783567420629343e-05,2,0.0,0.0,,,labelled,tier_0,stable
5,vb_V67,numeric,0.00043370843745623876,2,0.0,0.0,,,labelled,tier_0,stable
6,vb_V67,numeric,0.0005098579273806701,2,0.0,0.0,,,labelled,tier_0,stable
7,vb_V67,numeric,0.001296140708657544,2,0.0,0.0,,,labelled,tier_0,stable
8,vb_V67,numeric,0.002634685427440014,2,0.0,0.0,,,labelled,tier_0,stable
9,vb_V67,numeric,0.0012577184701581244,2,0.0,0.0,,,labelled,tier_0,stable
10,vb_V67,numeric,0.0015912264027428547,2,0.0,0.0,,,labelled,tier_0,stable
11,vb_V67,numeric,0.002168455733957636,2,0.0,0.0,,,labelled,tier_0,stable
12,vb_V67,numeric,0.005522651726104255,2,0.0,0.0,,,labelled,tier_0,stable
0,vb_V68,numeric,1.5148994908038434e-05,2,0.0,0.0,,,labelled,tier_0,stable
1,vb_V68,numeric,6.285126244176028e-05,2,0.0,0.0,,,labelled,tier_0,stable
2,vb_V68,numeric,6.909455186461221e-06,2,0.0,0.0,,,labelled,tier_0,stable
3,vb_V68,numeric,4.260679333302374e-05,2,0.0,0.0,,,labelled,tier_0,stable
4,vb_V68,numeric,0.00032102085680955705,2,0.0,0.0,,,labelled,tier_0,stable
5,vb_V68,numeric,1.4966137231414041e-05,2,0.0,0.0,,,labelled,tier_0,stable
6,vb_V68,numeric,7.471644876827571e-05,2,0.0,0.0,,,labelled,tier_0,stable
7,vb_V68,numeric,0.00020195371569367766,2,0.0,0.0,,,labelled,tier_0,stable
8,vb_V68,numeric,3.813306410775358e-05,2,0.0,0.0,,,labelled,tier_0,stable
9,vb_V68,numeric,0.00022158532131686355,2,0.0,0.0,,,labelled,tier_0,stable
10,vb_V68,numeric,0.000161806451799436,2,0.0,0.0,,,labelled,tier_0,stable
11,vb_V68,numeric,5.317043682630861e-06,2,0.0,0.0,,,labelled,tier_0,stable
12,vb_V68,numeric,1.6313604099702913e-05,2,0.0,0.0,,,labelled,tier_0,stable
0,vb_V69,numeric,0.04351281987135004,3,0.0,0.0,,,labelled,tier_0,stable
1,vb_V69,numeric,0.0004674672490340228,3,0.0,0.0,,,labelled,tier_0,stable
2,vb_V69,numeric,0.0008055033152148982,3,0.0,0.0,,,labelled,tier_0,stable
3,vb_V69,numeric,0.020080179659716205,3,0.0,0.0,,,labelled,tier_0,stable
4,vb_V69,numeric,0.014786806136748378,3,0.0,0.0,,,labelled,tier_0,stable
5,vb_V69,numeric,0.005306250690072235,3,0.0,0.0,,,labelled,tier_0,stable
6,vb_V69,numeric,0.03893324496904167,3,0.0,0.0,,,labelled,tier_0,stable
7,vb_V69,numeric,0.0169928367556742,3,0.0,0.0,,,labelled,tier_0,stable
8,vb_V69,numeric,0.0004098056392111501,3,0.0,0.0,,,labelled,tier_0,stable
9,vb_V69,numeric,0.0025240510907747504,3,0.0,0.0,,,labelled,tier_0,stable
10,vb_V69,numeric,0.003706747697001842,3,0.0,0.0,,,labelled,tier_0,stable
11,vb_V69,numeric,0.004106565348667574,3,0.0,0.0,,,labelled,tier_0,stable
12,vb_V69,numeric,0.016948000869871666,3,0.0,0.0,,,labelled,tier_0,stable
0,vb_V75,numeric,0.10354450697723525,3,0.0,0.0,,,labelled,tier_0,moderate
1,vb_V75,numeric,0.001858358478870035,3,0.0,0.0,,,labelled,tier_0,stable
2,vb_V75,numeric,0.03084984982449613,3,0.0,0.0,,,labelled,tier_0,stable
3,vb_V75,numeric,0.0648996538914295,3,0.0,0.0,,,labelled,tier_0,stable
4,vb_V75,numeric,0.0915288428500661,3,0.0,0.0,,,labelled,tier_0,stable
5,vb_V75,numeric,0.10558278424859548,3,0.0,0.0,,,labelled,tier_0,moderate
6,vb_V75,numeric,0.12271089814198353,3,0.0,0.0,,,labelled,tier_0,moderate
7,vb_V75,numeric,0.09635001388895034,3,0.0,0.0,,,labelled,tier_0,stable
8,vb_V75,numeric,0.0491043495498854,3,0.0,0.0,,,labelled,tier_0,stable
9,vb_V75,numeric,0.0995934501374053,3,0.0,0.0,,,labelled,tier_0,stable
10,vb_V75,numeric,0.07438168303706952,3,0.0,0.0,,,labelled,tier_0,stable
11,vb_V75,numeric,0.1323381427559209,3,0.0,0.0,,,labelled,tier_0,moderate
12,vb_V75,numeric,0.14621054429343627,3,0.0,0.0,,,labelled,tier_0,moderate
0,vb_V77,numeric,8.270184379423643e-05,2,0.0,0.0,,,labelled,tier_0,stable
1,vb_V77,numeric,0.001369296094956079,2,0.0,0.0,,,labelled,tier_0,stable
2,vb_V77,numeric,6.847016426993586e-05,2,0.0,0.0,,,labelled,tier_0,stable
3,vb_V77,numeric,1.4994668455636222e-05,2,0.0,0.0,,,labelled,tier_0,stable
4,vb_V77,numeric,5.297277214015319e-07,2,0.0,0.0,,,labelled,tier_0,stable
5,vb_V77,numeric,0.0003324467404112132,2,0.0,0.0,,,labelled,tier_0,stable
6,vb_V77,numeric,0.0002584355909212419,2,0.0,0.0,,,labelled,tier_0,stable
7,vb_V77,numeric,3.958214623855163e-05,2,0.0,0.0,,,labelled,tier_0,stable
8,vb_V77,numeric,0.002144999183276262,2,0.0,0.0,,,labelled,tier_0,stable
9,vb_V77,numeric,0.0028793220366949116,2,0.0,0.0,,,labelled,tier_0,stable
10,vb_V77,numeric,4.7470836630007864e-05,2,0.0,0.0,,,labelled,tier_0,stable
11,vb_V77,numeric,0.0023229919792105906,2,0.0,0.0,,,labelled,tier_0,stable
12,vb_V77,numeric,0.004876465085262405,2,0.0,0.0,,,labelled,tier_0,stable
0,vb_V78,numeric,0.0006034288855424505,2,0.0,0.0,,,labelled,tier_0,stable
1,vb_V78,numeric,0.0007129575965089634,2,0.0,0.0,,,labelled,tier_0,stable
2,vb_V78,numeric,9.463395173402103e-06,2,0.0,0.0,,,labelled,tier_0,stable
3,vb_V78,numeric,8.027533439724056e-05,2,0.0,0.0,,,labelled,tier_0,stable
4,vb_V78,numeric,5.714395920273368e-05,2,0.0,0.0,,,labelled,tier_0,stable
5,vb_V78,numeric,0.0023226273328003353,2,0.0,0.0,,,labelled,tier_0,stable
6,vb_V78,numeric,0.001246918970815437,2,0.0,0.0,,,labelled,tier_0,stable
7,vb_V78,numeric,0.002533000376535195,2,0.0,0.0,,,labelled,tier_0,stable
8,vb_V78,numeric,0.01276079739280472,2,0.0,0.0,,,labelled,tier_0,stable
9,vb_V78,numeric,0.0077982590590601145,2,0.0,0.0,,,labelled,tier_0,stable
10,vb_V78,numeric,0.0012581752711333053,2,0.0,0.0,,,labelled,tier_0,stable
11,vb_V78,numeric,0.008370986677375875,2,0.0,0.0,,,labelled,tier_0,stable
12,vb_V78,numeric,0.007703962122949993,2,0.0,0.0,,,labelled,tier_0,stable
0,vb_V79,numeric,0.0011390844091161386,3,0.0,0.0,,,labelled,tier_0,stable
1,vb_V79,numeric,0.02344951484148622,3,0.0,0.0,,,labelled,tier_0,stable
2,vb_V79,numeric,0.00896616598403775,3,0.0,0.0,,,labelled,tier_0,stable
3,vb_V79,numeric,0.0019857907578272596,3,0.0,0.0,,,labelled,tier_0,stable
4,vb_V79,numeric,0.009736462532109493,3,0.0,0.0,,,labelled,tier_0,stable
5,vb_V79,numeric,0.006180181930046992,3,0.0,0.0,,,labelled,tier_0,stable
6,vb_V79,numeric,0.008616227372687269,3,0.0,0.0,,,labelled,tier_0,stable
7,vb_V79,numeric,0.0031035206348958974,3,0.0,0.0,,,labelled,tier_0,stable
8,vb_V79,numeric,0.008923856418420691,3,0.0,0.0,,,labelled,tier_0,stable
9,vb_V79,numeric,0.006198024067573476,3,0.0,0.0,,,labelled,tier_0,stable
10,vb_V79,numeric,0.004762023439326174,3,0.0,0.0,,,labelled,tier_0,stable
11,vb_V79,numeric,0.005305048632715605,3,0.0,0.0,,,labelled,tier_0,stable
12,vb_V79,numeric,0.0180301869055594,3,0.0,0.0,,,labelled,tier_0,stable
0,vb_V80,numeric,0.0031685824594002592,3,0.0,0.0,,,labelled,tier_0,stable
1,vb_V80,numeric,0.023201742471906983,3,0.0,0.0,,,labelled,tier_0,stable
2,vb_V80,numeric,0.01003228245275487,3,0.0,0.0,,,labelled,tier_0,stable
3,vb_V80,numeric,0.0029385523473270717,3,0.0,0.0,,,labelled,tier_0,stable
4,vb_V80,numeric,0.012141363499774816,3,0.0,0.0,,,labelled,tier_0,stable
5,vb_V80,numeric,0.005592654016488991,3,0.0,0.0,,,labelled,tier_0,stable
6,vb_V80,numeric,0.0074290768845975755,3,0.0,0.0,,,labelled,tier_0,stable
7,vb_V80,numeric,0.003486538438047969,3,0.0,0.0,,,labelled,tier_0,stable
8,vb_V80,numeric,0.004267553516469831,3,0.0,0.0,,,labelled,tier_0,stable
9,vb_V80,numeric,0.0024959299300075758,3,0.0,0.0,,,labelled,tier_0,stable
10,vb_V80,numeric,0.0026012302924613004,3,0.0,0.0,,,labelled,tier_0,stable
11,vb_V80,numeric,0.00024152596220927176,3,0.0,0.0,,,labelled,tier_0,stable
12,vb_V80,numeric,0.009921913915991417,3,0.0,0.0,,,labelled,tier_0,stable
0,vb_V82,numeric,0.005184202318414837,3,0.0,0.0,,,labelled,tier_0,stable
1,vb_V82,numeric,0.0026457311045468917,3,0.0,0.0,,,labelled,tier_0,stable
2,vb_V82,numeric,0.0004511529894932277,3,0.0,0.0,,,labelled,tier_0,stable
3,vb_V82,numeric,0.0006018705819487,3,0.0,0.0,,,labelled,tier_0,stable
4,vb_V82,numeric,0.001254179468516655,3,0.0,0.0,,,labelled,tier_0,stable
5,vb_V82,numeric,0.0005152826768297732,3,0.0,0.0,,,labelled,tier_0,stable
6,vb_V82,numeric,0.013366088730614128,3,0.0,0.0,,,labelled,tier_0,stable
7,vb_V82,numeric,0.003655233375472332,3,0.0,0.0,,,labelled,tier_0,stable
8,vb_V82,numeric,6.033718818129889e-05,3,0.0,0.0,,,labelled,tier_0,stable
9,vb_V82,numeric,0.00013414785835918778,3,0.0,0.0,,,labelled,tier_0,stable
10,vb_V82,numeric,0.00040602611419944084,3,0.0,0.0,,,labelled,tier_0,stable
11,vb_V82,numeric,0.0010224515240383324,3,0.0,0.0,,,labelled,tier_0,stable
12,vb_V82,numeric,0.0006181155238583574,3,0.0,0.0,,,labelled,tier_0,stable
0,vb_V83,numeric,0.006041603533839138,3,0.0,0.0,,,labelled,tier_0,stable
1,vb_V83,numeric,0.0018660563582464206,3,0.0,0.0,,,labelled,tier_0,stable
2,vb_V83,numeric,0.0010901862391299217,3,0.0,0.0,,,labelled,tier_0,stable
3,vb_V83,numeric,0.0006252216157082825,3,0.0,0.0,,,labelled,tier_0,stable
4,vb_V83,numeric,0.000443248029848502,3,0.0,0.0,,,labelled,tier_0,stable
5,vb_V83,numeric,0.001722491729784177,3,0.0,0.0,,,labelled,tier_0,stable
6,vb_V83,numeric,0.014304406038448547,3,0.0,0.0,,,labelled,tier_0,stable
7,vb_V83,numeric,0.004146736831307372,3,0.0,0.0,,,labelled,tier_0,stable
8,vb_V83,numeric,0.0014826306033986522,3,0.0,0.0,,,labelled,tier_0,stable
9,vb_V83,numeric,0.00223078504117388,3,0.0,0.0,,,labelled,tier_0,stable
10,vb_V83,numeric,0.0006709803272199029,3,0.0,0.0,,,labelled,tier_0,stable
11,vb_V83,numeric,0.0015115951595521553,3,0.0,0.0,,,labelled,tier_0,stable
12,vb_V83,numeric,0.003873204973773796,3,0.0,0.0,,,labelled,tier_0,stable
0,vb_V84,numeric,0.003062829875342407,3,0.0,0.0,,,labelled,tier_0,stable
1,vb_V84,numeric,0.02248709139734731,3,0.0,0.0,,,labelled,tier_0,stable
2,vb_V84,numeric,0.010954723596811442,3,0.0,0.0,,,labelled,tier_0,stable
3,vb_V84,numeric,0.0038345252692761622,3,0.0,0.0,,,labelled,tier_0,stable
4,vb_V84,numeric,0.012209824495495384,3,0.0,0.0,,,labelled,tier_0,stable
5,vb_V84,numeric,0.005835493137551724,3,0.0,0.0,,,labelled,tier_0,stable
6,vb_V84,numeric,0.007959898980314541,3,0.0,0.0,,,labelled,tier_0,stable
7,vb_V84,numeric,0.00353692143029458,3,0.0,0.0,,,labelled,tier_0,stable
8,vb_V84,numeric,0.004480497070606566,3,0.0,0.0,,,labelled,tier_0,stable
9,vb_V84,numeric,0.005312805791269234,3,0.0,0.0,,,labelled,tier_0,stable
10,vb_V84,numeric,0.002426344297133116,3,0.0,0.0,,,labelled,tier_0,stable
11,vb_V84,numeric,0.0022099606852148445,3,0.0,0.0,,,labelled,tier_0,stable
12,vb_V84,numeric,0.01015300167500467,3,0.0,0.0,,,labelled,tier_0,stable
0,vb_V86,numeric,0.00018789299780060814,2,0.0,0.0,,,labelled,tier_0,stable
1,vb_V86,numeric,0.0024774079692162273,2,0.0,0.0,,,labelled,tier_0,stable
2,vb_V86,numeric,0.00040099147377220713,2,0.0,0.0,,,labelled,tier_0,stable
3,vb_V86,numeric,0.00036823125805167845,2,0.0,0.0,,,labelled,tier_0,stable
4,vb_V86,numeric,0.0003459810108454407,2,0.0,0.0,,,labelled,tier_0,stable
5,vb_V86,numeric,9.818306861243242e-05,2,0.0,0.0,,,labelled,tier_0,stable
6,vb_V86,numeric,0.0010229579337200003,2,0.0,0.0,,,labelled,tier_0,stable
7,vb_V86,numeric,1.813522002072283e-06,2,0.0,0.0,,,labelled,tier_0,stable
8,vb_V86,numeric,0.0007189042928980451,2,0.0,0.0,,,labelled,tier_0,stable
9,vb_V86,numeric,0.0019273335137155291,2,0.0,0.0,,,labelled,tier_0,stable
10,vb_V86,numeric,6.281734293888076e-05,2,0.0,0.0,,,labelled,tier_0,stable
11,vb_V86,numeric,0.0022575706633938953,2,0.0,0.0,,,labelled,tier_0,stable
12,vb_V86,numeric,0.003787818371934888,2,0.0,0.0,,,labelled,tier_0,stable
0,vb_V87,numeric,0.00023947776894467653,2,0.0,0.0,,,labelled,tier_0,stable
1,vb_V87,numeric,0.001923936978798864,2,0.0,0.0,,,labelled,tier_0,stable
2,vb_V87,numeric,0.0010360271395943683,2,0.0,0.0,,,labelled,tier_0,stable
3,vb_V87,numeric,0.00014438091746881256,2,0.0,0.0,,,labelled,tier_0,stable
4,vb_V87,numeric,0.00031542862075099583,2,0.0,0.0,,,labelled,tier_0,stable
5,vb_V87,numeric,1.1104977189822018e-05,2,0.0,0.0,,,labelled,tier_0,stable
6,vb_V87,numeric,0.001592237025389715,2,0.0,0.0,,,labelled,tier_0,stable
7,vb_V87,numeric,0.0003792637274873899,2,0.0,0.0,,,labelled,tier_0,stable
8,vb_V87,numeric,0.0009271199712830577,2,0.0,0.0,,,labelled,tier_0,stable
9,vb_V87,numeric,0.002068603702538841,2,0.0,0.0,,,labelled,tier_0,stable
10,vb_V87,numeric,0.00037083780580072107,2,0.0,0.0,,,labelled,tier_0,stable
11,vb_V87,numeric,0.005166082582856543,2,0.0,0.0,,,labelled,tier_0,stable
12,vb_V87,numeric,0.0037455914148167256,2,0.0,0.0,,,labelled,tier_0,stable
0,vb_V88,numeric,0.0,1,0.0,0.0,,,labelled,tier_0,stable
1,vb_V88,numeric,0.0,1,0.0,0.0,,,labelled,tier_0,stable
2,vb_V88,numeric,0.0,1,0.0,0.0,,,labelled,tier_0,stable
3,vb_V88,numeric,0.0,1,0.0,0.0,,,labelled,tier_0,stable
4,vb_V88,numeric,0.0,1,0.0,0.0,,,labelled,tier_0,stable
5,vb_V88,numeric,0.0,1,0.0,0.0,,,labelled,tier_0,stable
6,vb_V88,numeric,0.0,1,0.0,0.0,,,labelled,tier_0,stable
7,vb_V88,numeric,0.0,1,0.0,0.0,,,labelled,tier_0,stable
8,vb_V88,numeric,0.0,1,0.0,0.0,,,labelled,tier_0,stable
9,vb_V88,numeric,0.0,1,0.0,0.0,,,labelled,tier_0,stable
10,vb_V88,numeric,0.0,1,0.0,0.0,,,labelled,tier_0,stable
11,vb_V88,numeric,0.0,1,0.0,0.0,,,labelled,tier_0,stable
12,vb_V88,numeric,0.0,1,0.0,0.0,,,labelled,tier_0,stable
0,vb_V89,numeric,3.238559593407913e-06,2,0.0,0.0,,,labelled,tier_0,stable
1,vb_V89,numeric,1.8115483559115003e-05,2,0.0,0.0,,,labelled,tier_0,stable
2,vb_V89,numeric,7.83096168352665e-06,2,0.0,0.0,,,labelled,tier_0,stable
3,vb_V89,numeric,7.0186070751395e-07,2,0.0,0.0,,,labelled,tier_0,stable
4,vb_V89,numeric,0.00036202004395657173,2,0.0,0.0,,,labelled,tier_0,stable
5,vb_V89,numeric,6.824535330141842e-05,2,0.0,0.0,,,labelled,tier_0,stable
6,vb_V89,numeric,0.0004209830287033425,2,0.0,0.0,,,labelled,tier_0,stable
7,vb_V89,numeric,2.70498666609419e-05,2,0.0,0.0,,,labelled,tier_0,stable
8,vb_V89,numeric,0.00020258443476845917,2,0.0,0.0,,,labelled,tier_0,stable
9,vb_V89,numeric,1.115273259464744e-05,2,0.0,0.0,,,labelled,tier_0,stable
10,vb_V89,numeric,0.0001594579845119844,2,0.0,0.0,,,labelled,tier_0,stable
11,vb_V89,numeric,5.036315966998822e-11,2,0.0,0.0,,,labelled,tier_0,stable
12,vb_V89,numeric,0.0002593736828696782,2,0.0,0.0,,,labelled,tier_0,stable
0,vb_V90,numeric,0.048209176821949175,3,0.0,0.0,,,labelled,tier_0,stable
1,vb_V90,numeric,0.001288508181897894,3,0.0,0.0,,,labelled,tier_0,stable
2,vb_V90,numeric,0.00018740590497205956,3,0.0,0.0,,,labelled,tier_0,stable
3,vb_V90,numeric,0.02493177977928753,3,0.0,0.0,,,labelled,tier_0,stable
4,vb_V90,numeric,0.020272930773655468,3,0.0,0.0,,,labelled,tier_0,stable
5,vb_V90,numeric,0.008586963456270741,3,0.0,0.0,,,labelled,tier_0,stable
6,vb_V90,numeric,0.04790598069970653,3,0.0,0.0,,,labelled,tier_0,stable
7,vb_V90,numeric,0.02023882148283894,3,0.0,0.0,,,labelled,tier_0,stable
8,vb_V90,numeric,0.00019703850423140966,3,0.0,0.0,,,labelled,tier_0,stable
9,vb_V90,numeric,0.003945481454689074,3,0.0,0.0,,,labelled,tier_0,stable
10,vb_V90,numeric,0.00642721599021212,3,0.0,0.0,,,labelled,tier_0,stable
11,vb_V90,numeric,0.006470341565959969,3,0.0,0.0,,,labelled,tier_0,stable
12,vb_V90,numeric,0.020396422614906005,3,0.0,0.0,,,labelled,tier_0,stable
0,vb_V95,numeric,0.00043596139832938224,3,0.0,0.0,,,labelled,tier_0,stable
1,vb_V95,numeric,0.0016874782627308155,3,0.0,0.0,,,labelled,tier_0,stable
2,vb_V95,numeric,0.0005585215201129191,3,0.0,0.0,,,labelled,tier_0,stable
3,vb_V95,numeric,0.002020237884422775,3,0.0,0.0,,,labelled,tier_0,stable
4,vb_V95,numeric,0.0017283112965415027,3,0.0,0.0,,,labelled,tier_0,stable
5,vb_V95,numeric,0.0005078685121045354,3,0.0,0.0,,,labelled,tier_0,stable
6,vb_V95,numeric,0.0001521041200828186,3,0.0,0.0,,,labelled,tier_0,stable
7,vb_V95,numeric,0.0002064265477961422,3,0.0,0.0,,,labelled,tier_0,stable
8,vb_V95,numeric,0.013263191226865128,3,0.0,0.0,,,labelled,tier_0,stable
9,vb_V95,numeric,0.0027801303352732016,3,0.0,0.0,,,labelled,tier_0,stable
10,vb_V95,numeric,0.07152590965081133,3,0.0,0.0,,,labelled,tier_0,stable
11,vb_V95,numeric,0.0020229773227859425,3,0.0,0.0,,,labelled,tier_0,stable
12,vb_V95,numeric,0.007931170579118815,3,0.0,0.0,,,labelled,tier_0,stable
0,vb_V96,numeric,0.01284434141462791,5,0.0,0.0,,,labelled,tier_0,stable
1,vb_V96,numeric,0.0005148957527431116,5,0.0,0.0,,,labelled,tier_0,stable
2,vb_V96,numeric,0.011820549101556048,5,0.0,0.0,,,labelled,tier_0,stable
3,vb_V96,numeric,0.02107944372436375,5,0.0,0.0,,,labelled,tier_0,stable
4,vb_V96,numeric,0.012626948970244665,5,0.0,0.0,,,labelled,tier_0,stable
5,vb_V96,numeric,0.021897089520364742,5,0.0,0.0,,,labelled,tier_0,stable
6,vb_V96,numeric,0.020322517638572003,5,0.0,0.0,,,labelled,tier_0,stable
7,vb_V96,numeric,0.014754565370470398,5,0.0,0.0,,,labelled,tier_0,stable
8,vb_V96,numeric,0.024883481762546962,5,0.0,0.0,,,labelled,tier_0,stable
9,vb_V96,numeric,0.03240070010825832,5,0.0,0.0,,,labelled,tier_0,stable
10,vb_V96,numeric,0.10992468806090305,5,0.0,0.0,,,labelled,tier_0,moderate
11,vb_V96,numeric,0.03690117438425053,5,0.0,0.0,,,labelled,tier_0,stable
12,vb_V96,numeric,0.035176163491323284,5,0.0,0.0,,,labelled,tier_0,stable
0,vb_V97,numeric,0.0006921625728814367,3,0.0,0.0,,,labelled,tier_0,stable
1,vb_V97,numeric,0.00021798788505141922,3,0.0,0.0,,,labelled,tier_0,stable
2,vb_V97,numeric,0.0022879936608808165,3,0.0,0.0,,,labelled,tier_0,stable
3,vb_V97,numeric,0.0014649961921172907,3,0.0,0.0,,,labelled,tier_0,stable
4,vb_V97,numeric,0.0010657804025628237,3,0.0,0.0,,,labelled,tier_0,stable
5,vb_V97,numeric,0.006891937350608895,3,0.0,0.0,,,labelled,tier_0,stable
6,vb_V97,numeric,0.0012278187214824377,3,0.0,0.0,,,labelled,tier_0,stable
7,vb_V97,numeric,0.005356313423088472,3,0.0,0.0,,,labelled,tier_0,stable
8,vb_V97,numeric,0.014177113401488896,3,0.0,0.0,,,labelled,tier_0,stable
9,vb_V97,numeric,0.009687579008422141,3,0.0,0.0,,,labelled,tier_0,stable
10,vb_V97,numeric,0.0693954954155328,3,0.0,0.0,,,labelled,tier_0,stable
11,vb_V97,numeric,0.011152153050393743,3,0.0,0.0,,,labelled,tier_0,stable
12,vb_V97,numeric,0.012815225157669603,3,0.0,0.0,,,labelled,tier_0,stable
0,vb_V98,numeric,5.415581840422018e-05,2,0.0,0.0,,,labelled,tier_0,stable
1,vb_V98,numeric,0.00016990426263921194,2,0.0,0.0,,,labelled,tier_0,stable
2,vb_V98,numeric,0.00017791453450182498,2,0.0,0.0,,,labelled,tier_0,stable
3,vb_V98,numeric,2.343851155124543e-06,2,0.0,0.0,,,labelled,tier_0,stable
4,vb_V98,numeric,2.144964643400054e-07,2,0.0,0.0,,,labelled,tier_0,stable
5,vb_V98,numeric,0.0012713647258606085,2,0.0,0.0,,,labelled,tier_0,stable
6,vb_V98,numeric,0.0004806995448016011,2,0.0,0.0,,,labelled,tier_0,stable
7,vb_V98,numeric,8.712431996385183e-08,2,0.0,0.0,,,labelled,tier_0,stable
8,vb_V98,numeric,0.008394225495673374,2,0.0,0.0,,,labelled,tier_0,stable
9,vb_V98,numeric,0.0017731005532365541,2,0.0,0.0,,,labelled,tier_0,stable
10,vb_V98,numeric,0.016929635432602536,2,0.0,0.0,,,labelled,tier_0,stable
11,vb_V98,numeric,0.00018457763016427144,2,0.0,0.0,,,labelled,tier_0,stable
12,vb_V98,numeric,0.0011319532291906424,2,0.0,0.0,,,labelled,tier_0,stable
0,vb_V99,numeric,0.016134784142634948,4,0.0,0.0,,,labelled,tier_0,stable
1,vb_V99,numeric,0.00042927365613091797,4,0.0,0.0,,,labelled,tier_0,stable
2,vb_V99,numeric,0.01565122846110617,4,0.0,0.0,,,labelled,tier_0,stable
3,vb_V99,numeric,0.03199061428313599,4,0.0,0.0,,,labelled,tier_0,stable
4,vb_V99,numeric,0.021766581841911978,4,0.0,0.0,,,labelled,tier_0,stable
5,vb_V99,numeric,0.027345264096666367,4,0.0,0.0,,,labelled,tier_0,stable
6,vb_V99,numeric,0.025195336748753797,4,0.0,0.0,,,labelled,tier_0,stable
7,vb_V99,numeric,0.01894966645313173,4,0.0,0.0,,,labelled,tier_0,stable
8,vb_V99,numeric,0.026978453381188067,4,0.0,0.0,,,labelled,tier_0,stable
9,vb_V99,numeric,0.03489646236147663,4,0.0,0.0,,,labelled,tier_0,stable
10,vb_V99,numeric,0.1171333914631218,4,0.0,0.0,,,labelled,tier_0,moderate
11,vb_V99,numeric,0.03989978501034555,4,0.0,0.0,,,labelled,tier_0,stable
12,vb_V99,numeric,0.024127543103377,4,0.0,0.0,,,labelled,tier_0,stable
0,vb_V100,numeric,0.0006710563790119015,3,0.0,0.0,,,labelled,tier_0,stable
1,vb_V100,numeric,0.00019086632994875613,3,0.0,0.0,,,labelled,tier_0,stable
2,vb_V100,numeric,0.003187407911678482,3,0.0,0.0,,,labelled,tier_0,stable
3,vb_V100,numeric,0.007245332234253357,3,0.0,0.0,,,labelled,tier_0,stable
4,vb_V100,numeric,0.005074883549796103,3,0.0,0.0,,,labelled,tier_0,stable
5,vb_V100,numeric,0.012877395096750295,3,0.0,0.0,,,labelled,tier_0,stable
6,vb_V100,numeric,0.002153413144305145,3,0.0,0.0,,,labelled,tier_0,stable
7,vb_V100,numeric,0.007208308778075734,3,0.0,0.0,,,labelled,tier_0,stable
8,vb_V100,numeric,0.0216780167617452,3,0.0,0.0,,,labelled,tier_0,stable
9,vb_V100,numeric,0.011110363525717683,3,0.0,0.0,,,labelled,tier_0,stable
10,vb_V100,numeric,0.11004783132764998,3,0.0,0.0,,,labelled,tier_0,moderate
11,vb_V100,numeric,0.011085357224160536,3,0.0,0.0,,,labelled,tier_0,stable
12,vb_V100,numeric,0.002244427147236599,3,0.0,0.0,,,labelled,tier_0,stable
0,vb_V101,numeric,0.00229791585897503,2,0.0,0.0,,,labelled,tier_0,stable
1,vb_V101,numeric,0.0022094010328122305,2,0.0,0.0,,,labelled,tier_0,stable
2,vb_V101,numeric,0.0014971643799721762,2,0.0,0.0,,,labelled,tier_0,stable
3,vb_V101,numeric,0.003874190552347888,2,0.0,0.0,,,labelled,tier_0,stable
4,vb_V101,numeric,0.0038407475959393767,2,0.0,0.0,,,labelled,tier_0,stable
5,vb_V101,numeric,0.0001996236862428906,2,0.0,0.0,,,labelled,tier_0,stable
6,vb_V101,numeric,0.0014282325385949913,2,0.0,0.0,,,labelled,tier_0,stable
7,vb_V101,numeric,0.0001581108816305632,2,0.0,0.0,,,labelled,tier_0,stable
8,vb_V101,numeric,0.006219016314883865,2,0.0,0.0,,,labelled,tier_0,stable
9,vb_V101,numeric,0.000406978539681192,2,0.0,0.0,,,labelled,tier_0,stable
10,vb_V101,numeric,0.05311400566470768,2,0.0,0.0,,,labelled,tier_0,stable
11,vb_V101,numeric,0.0003501756345284083,2,0.0,0.0,,,labelled,tier_0,stable
12,vb_V101,numeric,0.0056150036294044985,2,0.0,0.0,,,labelled,tier_0,stable
0,vb_V102,numeric,0.005237439952203345,2,0.0,0.0,,,labelled,tier_0,stable
1,vb_V102,numeric,0.005228180107297387,2,0.0,0.0,,,labelled,tier_0,stable
2,vb_V102,numeric,0.0010892896898900117,2,0.0,0.0,,,labelled,tier_0,stable
3,vb_V102,numeric,0.0017785251965714056,2,0.0,0.0,,,labelled,tier_0,stable
4,vb_V102,numeric,0.0025528957601112664,2,0.0,0.0,,,labelled,tier_0,stable
5,vb_V102,numeric,5.4698859210729383e-05,2,0.0,0.0,,,labelled,tier_0,stable
6,vb_V102,numeric,0.0015893594031253947,2,0.0,0.0,,,labelled,tier_0,stable
7,vb_V102,numeric,6.934682508670875e-05,2,0.0,0.0,,,labelled,tier_0,stable
8,vb_V102,numeric,0.0032285747995500504,2,0.0,0.0,,,labelled,tier_0,stable
9,vb_V102,numeric,0.0006245043855943728,2,0.0,0.0,,,labelled,tier_0,stable
10,vb_V102,numeric,0.04201578372913186,2,0.0,0.0,,,labelled,tier_0,stable
11,vb_V102,numeric,0.0008407205825125437,2,0.0,0.0,,,labelled,tier_0,stable
12,vb_V102,numeric,0.00484333888357231,2,0.0,0.0,,,labelled,tier_0,stable
0,vb_V103,numeric,0.0018142398709657668,2,0.0,0.0,,,labelled,tier_0,stable
1,vb_V103,numeric,0.0023095989304410093,2,0.0,0.0,,,labelled,tier_0,stable
2,vb_V103,numeric,0.001050004392204345,2,0.0,0.0,,,labelled,tier_0,stable
3,vb_V103,numeric,0.0034493090047696077,2,0.0,0.0,,,labelled,tier_0,stable
4,vb_V103,numeric,0.004305580577943797,2,0.0,0.0,,,labelled,tier_0,stable
5,vb_V103,numeric,0.000284749366190439,2,0.0,0.0,,,labelled,tier_0,stable
6,vb_V103,numeric,0.0015461344134386418,2,0.0,0.0,,,labelled,tier_0,stable
7,vb_V103,numeric,0.00018096915800382948,2,0.0,0.0,,,labelled,tier_0,stable
8,vb_V103,numeric,0.0044230930685459245,2,0.0,0.0,,,labelled,tier_0,stable
9,vb_V103,numeric,0.0005104607368068975,2,0.0,0.0,,,labelled,tier_0,stable
10,vb_V103,numeric,0.04823312284828231,2,0.0,0.0,,,labelled,tier_0,stable
11,vb_V103,numeric,0.0004990278376945178,2,0.0,0.0,,,labelled,tier_0,stable
12,vb_V103,numeric,0.004782945781197118,2,0.0,0.0,,,labelled,tier_0,stable
0,vb_V104,numeric,0.00047698809181401876,2,0.0,0.0,,,labelled,tier_0,stable
1,vb_V104,numeric,0.00011841505466634426,2,0.0,0.0,,,labelled,tier_0,stable
2,vb_V104,numeric,0.00011304315202109628,2,0.0,0.0,,,labelled,tier_0,stable
3,vb_V104,numeric,5.206192268022637e-05,2,0.0,0.0,,,labelled,tier_0,stable
4,vb_V104,numeric,4.7674938616829955e-05,2,0.0,0.0,,,labelled,tier_0,stable
5,vb_V104,numeric,0.0008592214612878574,2,0.0,0.0,,,labelled,tier_0,stable
6,vb_V104,numeric,0.00033918125743561105,2,0.0,0.0,,,labelled,tier_0,stable
7,vb_V104,numeric,3.1151033341582384e-05,2,0.0,0.0,,,labelled,tier_0,stable
8,vb_V104,numeric,0.02324989677980399,2,0.0,0.0,,,labelled,tier_0,stable
9,vb_V104,numeric,0.001980193878886631,2,0.0,0.0,,,labelled,tier_0,stable
10,vb_V104,numeric,0.07818813470221754,2,0.0,0.0,,,labelled,tier_0,stable
11,vb_V104,numeric,0.0010556476236967863,2,0.0,0.0,,,labelled,tier_0,stable
12,vb_V104,numeric,0.004001860395024985,2,0.0,0.0,,,labelled,tier_0,stable
0,vb_V105,numeric,0.0021440584971691,2,0.0,0.0,,,labelled,tier_0,stable
1,vb_V105,numeric,0.00020885631355539182,2,0.0,0.0,,,labelled,tier_0,stable
2,vb_V105,numeric,0.00046980666836928534,2,0.0,0.0,,,labelled,tier_0,stable
3,vb_V105,numeric,0.0011496597036644292,2,0.0,0.0,,,labelled,tier_0,stable
4,vb_V105,numeric,0.0004042751366921661,2,0.0,0.0,,,labelled,tier_0,stable
5,vb_V105,numeric,0.003599156780522407,2,0.0,0.0,,,labelled,tier_0,stable
6,vb_V105,numeric,0.0016213248176511358,2,0.0,0.0,,,labelled,tier_0,stable
7,vb_V105,numeric,0.0011005281812170745,2,0.0,0.0,,,labelled,tier_0,stable
8,vb_V105,numeric,0.023327441100381978,2,0.0,0.0,,,labelled,tier_0,stable
9,vb_V105,numeric,0.005147625264237529,2,0.0,0.0,,,labelled,tier_0,stable
10,vb_V105,numeric,0.0764167419281569,2,0.0,0.0,,,labelled,tier_0,stable
11,vb_V105,numeric,0.00422289987796501,2,0.0,0.0,,,labelled,tier_0,stable
12,vb_V105,numeric,0.011606243711844863,2,0.0,0.0,,,labelled,tier_0,stable
0,vb_V106,numeric,0.0005006247039025175,2,0.0,0.0,,,labelled,tier_0,stable
1,vb_V106,numeric,2.2698539839697173e-06,2,0.0,0.0,,,labelled,tier_0,stable
2,vb_V106,numeric,7.96283033044688e-05,2,0.0,0.0,,,labelled,tier_0,stable
3,vb_V106,numeric,4.286038734558811e-05,2,0.0,0.0,,,labelled,tier_0,stable
4,vb_V106,numeric,1.6370727100735007e-06,2,0.0,0.0,,,labelled,tier_0,stable
5,vb_V106,numeric,0.0017369839927183122,2,0.0,0.0,,,labelled,tier_0,stable
6,vb_V106,numeric,0.0006820337368204607,2,0.0,0.0,,,labelled,tier_0,stable
7,vb_V106,numeric,0.0002024015326819849,2,0.0,0.0,,,labelled,tier_0,stable
8,vb_V106,numeric,0.020554323121389537,2,0.0,0.0,,,labelled,tier_0,stable
9,vb_V106,numeric,0.002745574001833038,2,0.0,0.0,,,labelled,tier_0,stable
10,vb_V106,numeric,0.07732018172690157,2,0.0,0.0,,,labelled,tier_0,stable
11,vb_V106,numeric,0.0021368133841257147,2,0.0,0.0,,,labelled,tier_0,stable
12,vb_V106,numeric,0.0070606381757472685,2,0.0,0.0,,,labelled,tier_0,stable
0,vb_V107,numeric,0.0,1,0.0,0.0,,,labelled,tier_0,stable
1,vb_V107,numeric,0.0,1,0.0,0.0,,,labelled,tier_0,stable
2,vb_V107,numeric,0.0,1,0.0,0.0,,,labelled,tier_0,stable
3,vb_V107,numeric,0.0,1,0.0,0.0,,,labelled,tier_0,stable
4,vb_V107,numeric,0.0,1,0.0,0.0,,,labelled,tier_0,stable
5,vb_V107,numeric,0.0,1,0.0,0.0,,,labelled,tier_0,stable
6,vb_V107,numeric,0.0,1,0.0,0.0,,,labelled,tier_0,stable
7,vb_V107,numeric,0.0,1,0.0,0.0,,,labelled,tier_0,stable
8,vb_V107,numeric,0.0,1,0.0,0.0,,,labelled,tier_0,stable
9,vb_V107,numeric,0.0,1,0.0,0.0,,,labelled,tier_0,stable
10,vb_V107,numeric,0.0,1,0.0,0.0,,,labelled,tier_0,stable
11,vb_V107,numeric,0.0,1,0.0,0.0,,,labelled,tier_0,stable
12,vb_V107,numeric,0.0,1,0.0,0.0,,,labelled,tier_0,stable
0,vb_V108,numeric,0.0015533258470453283,2,0.0,0.0,,,labelled,tier_0,stable
1,vb_V108,numeric,0.0004118597811789638,2,0.0,0.0,,,labelled,tier_0,stable
2,vb_V108,numeric,0.00046434934365072536,2,0.0,0.0,,,labelled,tier_0,stable
3,vb_V108,numeric,0.00010094504787407732,2,0.0,0.0,,,labelled,tier_0,stable
4,vb_V108,numeric,2.415203201209817e-05,2,0.0,0.0,,,labelled,tier_0,stable
5,vb_V108,numeric,0.00011769895727769208,2,0.0,0.0,,,labelled,tier_0,stable
6,vb_V108,numeric,0.00037922131018660514,2,0.0,0.0,,,labelled,tier_0,stable
7,vb_V108,numeric,0.0020244432938880336,2,0.0,0.0,,,labelled,tier_0,stable
8,vb_V108,numeric,0.0003387816787128175,2,0.0,0.0,,,labelled,tier_0,stable
9,vb_V108,numeric,0.0004349389490622058,2,0.0,0.0,,,labelled,tier_0,stable
10,vb_V108,numeric,0.0010683444581055079,2,0.0,0.0,,,labelled,tier_0,stable
11,vb_V108,numeric,0.00019744795513409192,2,0.0,0.0,,,labelled,tier_0,stable
12,vb_V108,numeric,0.0016547408912642426,2,0.0,0.0,,,labelled,tier_0,stable
0,vb_V109,numeric,0.005055929617044402,2,0.0,0.0,,,labelled,tier_0,stable
1,vb_V109,numeric,0.0023111636141265914,2,0.0,0.0,,,labelled,tier_0,stable
2,vb_V109,numeric,0.0056851234426392155,2,0.0,0.0,,,labelled,tier_0,stable
3,vb_V109,numeric,0.004495379607117406,2,0.0,0.0,,,labelled,tier_0,stable
4,vb_V109,numeric,0.001679553053924512,2,0.0,0.0,,,labelled,tier_0,stable
5,vb_V109,numeric,0.0031074316444958667,2,0.0,0.0,,,labelled,tier_0,stable
6,vb_V109,numeric,0.0023974567968598763,2,0.0,0.0,,,labelled,tier_0,stable
7,vb_V109,numeric,0.004227785261017624,2,0.0,0.0,,,labelled,tier_0,stable
8,vb_V109,numeric,0.0014870268073765797,2,0.0,0.0,,,labelled,tier_0,stable
9,vb_V109,numeric,0.0037043421238940376,2,0.0,0.0,,,labelled,tier_0,stable
10,vb_V109,numeric,0.00663018977467514,2,0.0,0.0,,,labelled,tier_0,stable
11,vb_V109,numeric,0.004529710214898366,2,0.0,0.0,,,labelled,tier_0,stable
12,vb_V109,numeric,0.007699835702363352,2,0.0,0.0,,,labelled,tier_0,stable
0,vb_V110,numeric,0.002092022884929831,2,0.0,0.0,,,labelled,tier_0,stable
1,vb_V110,numeric,0.001127534235574845,2,0.0,0.0,,,labelled,tier_0,stable
2,vb_V110,numeric,0.0023418324578578452,2,0.0,0.0,,,labelled,tier_0,stable
3,vb_V110,numeric,0.0010088645461492512,2,0.0,0.0,,,labelled,tier_0,stable
4,vb_V110,numeric,0.00019108309432455672,2,0.0,0.0,,,labelled,tier_0,stable
5,vb_V110,numeric,0.001246247536895083,2,0.0,0.0,,,labelled,tier_0,stable
6,vb_V110,numeric,0.0009576133806686864,2,0.0,0.0,,,labelled,tier_0,stable
7,vb_V110,numeric,0.0028682574286334134,2,0.0,0.0,,,labelled,tier_0,stable
8,vb_V110,numeric,0.0007502896239154232,2,0.0,0.0,,,labelled,tier_0,stable
9,vb_V110,numeric,0.00200589991392722,2,0.0,0.0,,,labelled,tier_0,stable
10,vb_V110,numeric,0.0035236584893629415,2,0.0,0.0,,,labelled,tier_0,stable
11,vb_V110,numeric,0.001271159066389961,2,0.0,0.0,,,labelled,tier_0,stable
12,vb_V110,numeric,0.001623237892317191,2,0.0,0.0,,,labelled,tier_0,stable
0,vb_V111,numeric,0.0009468073587034227,2,0.0,0.0,,,labelled,tier_0,stable
1,vb_V111,numeric,0.000156874869008597,2,0.0,0.0,,,labelled,tier_0,stable
2,vb_V111,numeric,1.8912207055958665e-06,2,0.0,0.0,,,labelled,tier_0,stable
3,vb_V111,numeric,0.0005703085978863042,2,0.0,0.0,,,labelled,tier_0,stable
4,vb_V111,numeric,5.3362406863192905e-05,2,0.0,0.0,,,labelled,tier_0,stable
5,vb_V111,numeric,0.0008094663413530696,2,0.0,0.0,,,labelled,tier_0,stable
6,vb_V111,numeric,0.0002697514917162266,2,0.0,0.0,,,labelled,tier_0,stable
7,vb_V111,numeric,0.00038145111881192817,2,0.0,0.0,,,labelled,tier_0,stable
8,vb_V111,numeric,0.0014736689176752895,2,0.0,0.0,,,labelled,tier_0,stable
9,vb_V111,numeric,4.696430091024911e-05,2,0.0,0.0,,,labelled,tier_0,stable
10,vb_V111,numeric,1.0647701760309266e-05,2,0.0,0.0,,,labelled,tier_0,stable
11,vb_V111,numeric,6.77947970534491e-05,2,0.0,0.0,,,labelled,tier_0,stable
12,vb_V111,numeric,3.076256165059781e-06,2,0.0,0.0,,,labelled,tier_0,stable
0,vb_V112,numeric,0.002355505071243155,2,0.0,0.0,,,labelled,tier_0,stable
1,vb_V112,numeric,0.001675681923891655,2,0.0,0.0,,,labelled,tier_0,stable
2,vb_V112,numeric,0.00042195489604436104,2,0.0,0.0,,,labelled,tier_0,stable
3,vb_V112,numeric,4.98191944126159e-05,2,0.0,0.0,,,labelled,tier_0,stable
4,vb_V112,numeric,0.00012611366817407427,2,0.0,0.0,,,labelled,tier_0,stable
5,vb_V112,numeric,3.73610890994606e-05,2,0.0,0.0,,,labelled,tier_0,stable
6,vb_V112,numeric,1.6182317013841472e-06,2,0.0,0.0,,,labelled,tier_0,stable
7,vb_V112,numeric,0.0003486779112683711,2,0.0,0.0,,,labelled,tier_0,stable
8,vb_V112,numeric,0.0014355974429627063,2,0.0,0.0,,,labelled,tier_0,stable
9,vb_V112,numeric,0.00012314777808139778,2,0.0,0.0,,,labelled,tier_0,stable
10,vb_V112,numeric,0.0004226456228320754,2,0.0,0.0,,,labelled,tier_0,stable
11,vb_V112,numeric,0.001145702996993647,2,0.0,0.0,,,labelled,tier_0,stable
12,vb_V112,numeric,0.000194421440682261,2,0.0,0.0,,,labelled,tier_0,stable
0,vb_V114,numeric,0.0007964750218685124,2,0.0,0.0,,,labelled,tier_0,stable
1,vb_V114,numeric,0.0014891904434141193,2,0.0,0.0,,,labelled,tier_0,stable
2,vb_V114,numeric,0.0022390204346847994,2,0.0,0.0,,,labelled,tier_0,stable
3,vb_V114,numeric,0.000956811319858629,2,0.0,0.0,,,labelled,tier_0,stable
4,vb_V114,numeric,0.0004935609105070827,2,0.0,0.0,,,labelled,tier_0,stable
5,vb_V114,numeric,0.0001400715346857571,2,0.0,0.0,,,labelled,tier_0,stable
6,vb_V114,numeric,0.0008391827076873702,2,0.0,0.0,,,labelled,tier_0,stable
7,vb_V114,numeric,0.0032180820409417293,2,0.0,0.0,,,labelled,tier_0,stable
8,vb_V114,numeric,0.0033209117831283566,2,0.0,0.0,,,labelled,tier_0,stable
9,vb_V114,numeric,0.0013843993919893586,2,0.0,0.0,,,labelled,tier_0,stable
10,vb_V114,numeric,0.0017364251412830436,2,0.0,0.0,,,labelled,tier_0,stable
11,vb_V114,numeric,0.0006781246855424171,2,0.0,0.0,,,labelled,tier_0,stable
12,vb_V114,numeric,0.0021892626502275745,2,0.0,0.0,,,labelled,tier_0,stable
0,vb_V115,numeric,0.006189950320452229,2,0.0,0.0,,,labelled,tier_0,stable
1,vb_V115,numeric,0.0060720264358660615,2,0.0,0.0,,,labelled,tier_0,stable
2,vb_V115,numeric,0.015511253227586258,2,0.0,0.0,,,labelled,tier_0,stable
3,vb_V115,numeric,0.015188195153606978,2,0.0,0.0,,,labelled,tier_0,stable
4,vb_V115,numeric,0.013531137038117305,2,0.0,0.0,,,labelled,tier_0,stable
5,vb_V115,numeric,0.01050507679503988,2,0.0,0.0,,,labelled,tier_0,stable
6,vb_V115,numeric,0.010533101273548059,2,0.0,0.0,,,labelled,tier_0,stable
7,vb_V115,numeric,0.009894088387368037,2,0.0,0.0,,,labelled,tier_0,stable
8,vb_V115,numeric,0.00883736318949568,2,0.0,0.0,,,labelled,tier_0,stable
9,vb_V115,numeric,0.008166075134594365,2,0.0,0.0,,,labelled,tier_0,stable
10,vb_V115,numeric,0.010303056622569848,2,0.0,0.0,,,labelled,tier_0,stable
11,vb_V115,numeric,0.009510095374796504,2,0.0,0.0,,,labelled,tier_0,stable
12,vb_V115,numeric,0.013894800881566987,2,0.0,0.0,,,labelled,tier_0,stable
0,vb_V116,numeric,0.0016577203017758863,2,0.0,0.0,,,labelled,tier_0,stable
1,vb_V116,numeric,0.002950108053696678,2,0.0,0.0,,,labelled,tier_0,stable
2,vb_V116,numeric,0.006444893551996588,2,0.0,0.0,,,labelled,tier_0,stable
3,vb_V116,numeric,0.004760837520882376,2,0.0,0.0,,,labelled,tier_0,stable
4,vb_V116,numeric,0.004360951849286505,2,0.0,0.0,,,labelled,tier_0,stable
5,vb_V116,numeric,0.0024685288894063613,2,0.0,0.0,,,labelled,tier_0,stable
6,vb_V116,numeric,0.00211467666278827,2,0.0,0.0,,,labelled,tier_0,stable
7,vb_V116,numeric,0.005470651210142535,2,0.0,0.0,,,labelled,tier_0,stable
8,vb_V116,numeric,0.005199864102587258,2,0.0,0.0,,,labelled,tier_0,stable
9,vb_V116,numeric,0.0041075217721024074,2,0.0,0.0,,,labelled,tier_0,stable
10,vb_V116,numeric,0.005621404176797477,2,0.0,0.0,,,labelled,tier_0,stable
11,vb_V116,numeric,0.0021359394974402256,2,0.0,0.0,,,labelled,tier_0,stable
12,vb_V116,numeric,0.0024408949080246723,2,0.0,0.0,,,labelled,tier_0,stable
0,vb_V117,numeric,0.0003780050723760125,2,0.0,0.0,,,labelled,tier_0,stable
1,vb_V117,numeric,0.0003946794387752885,2,0.0,0.0,,,labelled,tier_0,stable
2,vb_V117,numeric,0.002247897128465333,2,0.0,0.0,,,labelled,tier_0,stable
3,vb_V117,numeric,1.0407980555873986e-05,2,0.0,0.0,,,labelled,tier_0,stable
4,vb_V117,numeric,0.00035576654328018373,2,0.0,0.0,,,labelled,tier_0,stable
5,vb_V117,numeric,0.00016941606212368424,2,0.0,0.0,,,labelled,tier_0,stable
6,vb_V117,numeric,0.00012133034189528547,2,0.0,0.0,,,labelled,tier_0,stable
7,vb_V117,numeric,4.1526912934108907e-05,2,0.0,0.0,,,labelled,tier_0,stable
8,vb_V117,numeric,0.0004554208322170841,2,0.0,0.0,,,labelled,tier_0,stable
9,vb_V117,numeric,2.3320334287289243e-05,2,0.0,0.0,,,labelled,tier_0,stable
10,vb_V117,numeric,2.089302862545478e-05,2,0.0,0.0,,,labelled,tier_0,stable
11,vb_V117,numeric,0.00013085215626668897,2,0.0,0.0,,,labelled,tier_0,stable
12,vb_V117,numeric,4.6689922266039405e-06,2,0.0,0.0,,,labelled,tier_0,stable
0,vb_V118,numeric,0.0010753289522837826,2,0.0,0.0,,,labelled,tier_0,stable
1,vb_V118,numeric,0.00040323822622623077,2,0.0,0.0,,,labelled,tier_0,stable
2,vb_V118,numeric,0.002012237930600582,2,0.0,0.0,,,labelled,tier_0,stable
3,vb_V118,numeric,4.347804677185175e-05,2,0.0,0.0,,,labelled,tier_0,stable
4,vb_V118,numeric,0.0013632642690013987,2,0.0,0.0,,,labelled,tier_0,stable
5,vb_V118,numeric,0.0003095826948927131,2,0.0,0.0,,,labelled,tier_0,stable
6,vb_V118,numeric,0.0002013914304448071,2,0.0,0.0,,,labelled,tier_0,stable
7,vb_V118,numeric,5.499668158496136e-05,2,0.0,0.0,,,labelled,tier_0,stable
8,vb_V118,numeric,0.0007562974645150426,2,0.0,0.0,,,labelled,tier_0,stable
9,vb_V118,numeric,8.029820416689493e-06,2,0.0,0.0,,,labelled,tier_0,stable
10,vb_V118,numeric,0.0004966214469917535,2,0.0,0.0,,,labelled,tier_0,stable
11,vb_V118,numeric,0.0002398127939603591,2,0.0,0.0,,,labelled,tier_0,stable
12,vb_V118,numeric,4.9823842172671316e-05,2,0.0,0.0,,,labelled,tier_0,stable
0,vb_V119,numeric,0.00035409517878989767,2,0.0,0.0,,,labelled,tier_0,stable
1,vb_V119,numeric,0.00021563735479417643,2,0.0,0.0,,,labelled,tier_0,stable
2,vb_V119,numeric,0.0015973600358766542,2,0.0,0.0,,,labelled,tier_0,stable
3,vb_V119,numeric,1.9290300603794634e-06,2,0.0,0.0,,,labelled,tier_0,stable
4,vb_V119,numeric,0.0007695039751831706,2,0.0,0.0,,,labelled,tier_0,stable
5,vb_V119,numeric,0.00016171106818475286,2,0.0,0.0,,,labelled,tier_0,stable
6,vb_V119,numeric,8.528211744949638e-05,2,0.0,0.0,,,labelled,tier_0,stable
7,vb_V119,numeric,8.54863031577799e-06,2,0.0,0.0,,,labelled,tier_0,stable
8,vb_V119,numeric,0.0004496537906475692,2,0.0,0.0,,,labelled,tier_0,stable
9,vb_V119,numeric,4.066595770255897e-05,2,0.0,0.0,,,labelled,tier_0,stable
10,vb_V119,numeric,3.706472605553287e-05,2,0.0,0.0,,,labelled,tier_0,stable
11,vb_V119,numeric,0.00021598328548045847,2,0.0,0.0,,,labelled,tier_0,stable
12,vb_V119,numeric,2.4301201554307725e-05,2,0.0,0.0,,,labelled,tier_0,stable
0,vb_V120,numeric,4.227051885974249e-06,2,0.0,0.0,,,labelled,tier_0,stable
1,vb_V120,numeric,0.00017099709003465602,2,0.0,0.0,,,labelled,tier_0,stable
2,vb_V120,numeric,5.95503869074977e-06,2,0.0,0.0,,,labelled,tier_0,stable
3,vb_V120,numeric,0.00036970898482850776,2,0.0,0.0,,,labelled,tier_0,stable
4,vb_V120,numeric,4.4658283032236616e-05,2,0.0,0.0,,,labelled,tier_0,stable
5,vb_V120,numeric,3.5303473361298466e-05,2,0.0,0.0,,,labelled,tier_0,stable
6,vb_V120,numeric,0.0008535292609959474,2,0.0,0.0,,,labelled,tier_0,stable
7,vb_V120,numeric,0.00020623130424014666,2,0.0,0.0,,,labelled,tier_0,stable
8,vb_V120,numeric,0.00024370181109371547,2,0.0,0.0,,,labelled,tier_0,stable
9,vb_V120,numeric,0.00013997288057805783,2,0.0,0.0,,,labelled,tier_0,stable
10,vb_V120,numeric,0.0005735775045347799,2,0.0,0.0,,,labelled,tier_0,stable
11,vb_V120,numeric,1.2378176929979378e-05,2,0.0,0.0,,,labelled,tier_0,stable
12,vb_V120,numeric,0.0007582853085391221,2,0.0,0.0,,,labelled,tier_0,stable
0,vb_V121,numeric,0.0009072354648346222,2,0.0,0.0,,,labelled,tier_0,stable
1,vb_V121,numeric,0.0006256684916509312,2,0.0,0.0,,,labelled,tier_0,stable
2,vb_V121,numeric,0.0011802600256987847,2,0.0,0.0,,,labelled,tier_0,stable
3,vb_V121,numeric,0.001580283285949002,2,0.0,0.0,,,labelled,tier_0,stable
4,vb_V121,numeric,0.001845004226140518,2,0.0,0.0,,,labelled,tier_0,stable
5,vb_V121,numeric,0.0014743680748083234,2,0.0,0.0,,,labelled,tier_0,stable
6,vb_V121,numeric,0.0024115983510388642,2,0.0,0.0,,,labelled,tier_0,stable
7,vb_V121,numeric,0.002394402737991717,2,0.0,0.0,,,labelled,tier_0,stable
8,vb_V121,numeric,0.0023063484037187856,2,0.0,0.0,,,labelled,tier_0,stable
9,vb_V121,numeric,0.001469853246042177,2,0.0,0.0,,,labelled,tier_0,stable
10,vb_V121,numeric,0.0034208600890771384,2,0.0,0.0,,,labelled,tier_0,stable
11,vb_V121,numeric,0.002374867853191775,2,0.0,0.0,,,labelled,tier_0,stable
12,vb_V121,numeric,0.0015749219786578533,2,0.0,0.0,,,labelled,tier_0,stable
0,vb_V122,numeric,2.2856150906111073e-06,2,0.0,0.0,,,labelled,tier_0,stable
1,vb_V122,numeric,2.8887413694031874e-05,2,0.0,0.0,,,labelled,tier_0,stable
2,vb_V122,numeric,0.00031656035833972987,2,0.0,0.0,,,labelled,tier_0,stable
3,vb_V122,numeric,0.00043562576634079175,2,0.0,0.0,,,labelled,tier_0,stable
4,vb_V122,numeric,0.0004979427024369754,2,0.0,0.0,,,labelled,tier_0,stable
5,vb_V122,numeric,0.0006274440510243258,2,0.0,0.0,,,labelled,tier_0,stable
6,vb_V122,numeric,0.00112379249729677,2,0.0,0.0,,,labelled,tier_0,stable
7,vb_V122,numeric,0.002093480999219418,2,0.0,0.0,,,labelled,tier_0,stable
8,vb_V122,numeric,0.000704768963049698,2,0.0,0.0,,,labelled,tier_0,stable
9,vb_V122,numeric,0.0007337897388220778,2,0.0,0.0,,,labelled,tier_0,stable
10,vb_V122,numeric,0.0016053537118854845,2,0.0,0.0,,,labelled,tier_0,stable
11,vb_V122,numeric,0.00046564239317185905,2,0.0,0.0,,,labelled,tier_0,stable
12,vb_V122,numeric,0.0004143887558653439,2,0.0,0.0,,,labelled,tier_0,stable
0,vb_V123,numeric,0.00032088502919172296,2,0.0,0.0,,,labelled,tier_0,stable
1,vb_V123,numeric,1.6320783264222503e-06,2,0.0,0.0,,,labelled,tier_0,stable
2,vb_V123,numeric,3.761922787353918e-05,2,0.0,0.0,,,labelled,tier_0,stable
3,vb_V123,numeric,6.924428588251236e-08,2,0.0,0.0,,,labelled,tier_0,stable
4,vb_V123,numeric,5.4005056114726576e-05,2,0.0,0.0,,,labelled,tier_0,stable
5,vb_V123,numeric,8.596598125426401e-10,2,0.0,0.0,,,labelled,tier_0,stable
6,vb_V123,numeric,6.727736211670767e-05,2,0.0,0.0,,,labelled,tier_0,stable
7,vb_V123,numeric,0.0009675371625157362,2,0.0,0.0,,,labelled,tier_0,stable
8,vb_V123,numeric,0.02000593246627846,2,0.0,0.0,,,labelled,tier_0,stable
9,vb_V123,numeric,0.0005911019936186236,2,0.0,0.0,,,labelled,tier_0,stable
10,vb_V123,numeric,0.0003309004427430944,2,0.0,0.0,,,labelled,tier_0,stable
11,vb_V123,numeric,0.0005207422292237053,2,0.0,0.0,,,labelled,tier_0,stable
12,vb_V123,numeric,0.0034727802581336897,2,0.0,0.0,,,labelled,tier_0,stable
0,vb_V124,numeric,0.0034042146243637547,2,0.0,0.0,,,labelled,tier_0,stable
1,vb_V124,numeric,0.0007583486073390622,2,0.0,0.0,,,labelled,tier_0,stable
2,vb_V124,numeric,0.0016939118616506085,2,0.0,0.0,,,labelled,tier_0,stable
3,vb_V124,numeric,0.004476359140165432,2,0.0,0.0,,,labelled,tier_0,stable
4,vb_V124,numeric,0.002830295560109026,2,0.0,0.0,,,labelled,tier_0,stable
5,vb_V124,numeric,0.0035088234786308107,2,0.0,0.0,,,labelled,tier_0,stable
6,vb_V124,numeric,0.0035168954275475793,2,0.0,0.0,,,labelled,tier_0,stable
7,vb_V124,numeric,0.0039060500126461106,2,0.0,0.0,,,labelled,tier_0,stable
8,vb_V124,numeric,0.01972859510114714,2,0.0,0.0,,,labelled,tier_0,stable
9,vb_V124,numeric,0.007124128807292369,2,0.0,0.0,,,labelled,tier_0,stable
10,vb_V124,numeric,0.0778982827699544,2,0.0,0.0,,,labelled,tier_0,stable
11,vb_V124,numeric,0.008878445010821736,2,0.0,0.0,,,labelled,tier_0,stable
12,vb_V124,numeric,0.012131857580801559,2,0.0,0.0,,,labelled,tier_0,stable
0,vb_V125,numeric,0.000634544668802253,2,0.0,0.0,,,labelled,tier_0,stable
1,vb_V125,numeric,0.00042051543849646293,2,0.0,0.0,,,labelled,tier_0,stable
2,vb_V125,numeric,0.0003670020853352923,2,0.0,0.0,,,labelled,tier_0,stable
3,vb_V125,numeric,0.00035594119281051275,2,0.0,0.0,,,labelled,tier_0,stable
4,vb_V125,numeric,4.181780143481811e-05,2,0.0,0.0,,,labelled,tier_0,stable
5,vb_V125,numeric,0.0010605873845900655,2,0.0,0.0,,,labelled,tier_0,stable
6,vb_V125,numeric,0.0007005944305620985,2,0.0,0.0,,,labelled,tier_0,stable
7,vb_V125,numeric,0.002635537356200006,2,0.0,0.0,,,labelled,tier_0,stable
8,vb_V125,numeric,0.02311484340389992,2,0.0,0.0,,,labelled,tier_0,stable
9,vb_V125,numeric,0.0025523111703740597,2,0.0,0.0,,,labelled,tier_0,stable
10,vb_V125,numeric,0.08686788475036225,2,0.0,0.0,,,labelled,tier_0,stable
11,vb_V125,numeric,0.0022184055865190123,2,0.0,0.0,,,labelled,tier_0,stable
12,vb_V125,numeric,0.0036581873167988873,2,0.0,0.0,,,labelled,tier_0,stable
0,vb_V126,numeric,0.00010993603980848505,3,0.0,0.0,,,labelled,tier_0,stable
1,vb_V126,numeric,0.0016450200856828656,3,0.0,0.0,,,labelled,tier_0,stable
2,vb_V126,numeric,0.0014078099139306585,3,0.0,0.0,,,labelled,tier_0,stable
3,vb_V126,numeric,0.0030847900548633895,3,0.0,0.0,,,labelled,tier_0,stable
4,vb_V126,numeric,0.0016211595272882244,3,0.0,0.0,,,labelled,tier_0,stable
5,vb_V126,numeric,0.0005140425820367869,3,0.0,0.0,,,labelled,tier_0,stable
6,vb_V126,numeric,5.6733378829159855e-05,3,0.0,0.0,,,labelled,tier_0,stable
7,vb_V126,numeric,0.000244893405132852,3,0.0,0.0,,,labelled,tier_0,stable
8,vb_V126,numeric,0.010192783746785254,3,0.0,0.0,,,labelled,tier_0,stable
9,vb_V126,numeric,0.0028721633857197015,3,0.0,0.0,,,labelled,tier_0,stable
10,vb_V126,numeric,0.046872321018353404,3,0.0,0.0,,,labelled,tier_0,stable
11,vb_V126,numeric,0.0025543241670677903,3,0.0,0.0,,,labelled,tier_0,stable
12,vb_V126,numeric,0.008180002686722325,3,0.0,0.0,,,labelled,tier_0,stable
0,vb_V127,numeric,0.011497778862503406,5,0.0,0.0,,,labelled,tier_0,stable
1,vb_V127,numeric,0.0003643533233824739,5,0.0,0.0,,,labelled,tier_0,stable
2,vb_V127,numeric,0.011811587799873341,5,0.0,0.0,,,labelled,tier_0,stable
3,vb_V127,numeric,0.020581119399090998,5,0.0,0.0,,,labelled,tier_0,stable
4,vb_V127,numeric,0.013296718654737905,5,0.0,0.0,,,labelled,tier_0,stable
5,vb_V127,numeric,0.023122222305582144,5,0.0,0.0,,,labelled,tier_0,stable
6,vb_V127,numeric,0.021657711476554552,5,0.0,0.0,,,labelled,tier_0,stable
7,vb_V127,numeric,0.014137252209646445,5,0.0,0.0,,,labelled,tier_0,stable
8,vb_V127,numeric,0.02422173103581747,5,0.0,0.0,,,labelled,tier_0,stable
9,vb_V127,numeric,0.031492009292451974,5,0.0,0.0,,,labelled,tier_0,stable
10,vb_V127,numeric,0.10332558334785938,5,0.0,0.0,,,labelled,tier_0,moderate
11,vb_V127,numeric,0.0358530656259005,5,0.0,0.0,,,labelled,tier_0,stable
12,vb_V127,numeric,0.03880829018297767,5,0.0,0.0,,,labelled,tier_0,stable
0,vb_V128,numeric,0.0008870570150863173,4,0.0,0.0,,,labelled,tier_0,stable
1,vb_V128,numeric,0.00020000891261992513,4,0.0,0.0,,,labelled,tier_0,stable
2,vb_V128,numeric,0.0027292059536007,4,0.0,0.0,,,labelled,tier_0,stable
3,vb_V128,numeric,0.002387222732328218,4,0.0,0.0,,,labelled,tier_0,stable
4,vb_V128,numeric,0.0013038454789987433,4,0.0,0.0,,,labelled,tier_0,stable
5,vb_V128,numeric,0.007083811873123758,4,0.0,0.0,,,labelled,tier_0,stable
6,vb_V128,numeric,0.0013112949007498642,4,0.0,0.0,,,labelled,tier_0,stable
7,vb_V128,numeric,0.005663534065820276,4,0.0,0.0,,,labelled,tier_0,stable
8,vb_V128,numeric,0.014280375523328734,4,0.0,0.0,,,labelled,tier_0,stable
9,vb_V128,numeric,0.009552911265775628,4,0.0,0.0,,,labelled,tier_0,stable
10,vb_V128,numeric,0.07070470657204389,4,0.0,0.0,,,labelled,tier_0,stable
11,vb_V128,numeric,0.010706672760703966,4,0.0,0.0,,,labelled,tier_0,stable
12,vb_V128,numeric,0.016235160024968217,4,0.0,0.0,,,labelled,tier_0,stable
0,vb_V129,numeric,5.415581840422018e-05,2,0.0,0.0,,,labelled,tier_0,stable
1,vb_V129,numeric,0.00016990426263921194,2,0.0,0.0,,,labelled,tier_0,stable
2,vb_V129,numeric,0.00017791453450182498,2,0.0,0.0,,,labelled,tier_0,stable
3,vb_V129,numeric,2.343851155124543e-06,2,0.0,0.0,,,labelled,tier_0,stable
4,vb_V129,numeric,2.144964643400054e-07,2,0.0,0.0,,,labelled,tier_0,stable
5,vb_V129,numeric,0.0012713647258606085,2,0.0,0.0,,,labelled,tier_0,stable
6,vb_V129,numeric,0.0004806995448016011,2,0.0,0.0,,,labelled,tier_0,stable
7,vb_V129,numeric,8.712431996385183e-08,2,0.0,0.0,,,labelled,tier_0,stable
8,vb_V129,numeric,0.008394225495673374,2,0.0,0.0,,,labelled,tier_0,stable
9,vb_V129,numeric,0.0017731005532365541,2,0.0,0.0,,,labelled,tier_0,stable
10,vb_V129,numeric,0.016929635432602536,2,0.0,0.0,,,labelled,tier_0,stable
11,vb_V129,numeric,0.00018457763016427144,2,0.0,0.0,,,labelled,tier_0,stable
12,vb_V129,numeric,0.0011319532291906424,2,0.0,0.0,,,labelled,tier_0,stable
0,vb_V130,numeric,0.014884058941689444,4,0.0,0.0,,,labelled,tier_0,stable
1,vb_V130,numeric,0.0006005856628773764,4,0.0,0.0,,,labelled,tier_0,stable
2,vb_V130,numeric,0.015843048846919682,4,0.0,0.0,,,labelled,tier_0,stable
3,vb_V130,numeric,0.030744371560420505,4,0.0,0.0,,,labelled,tier_0,stable
4,vb_V130,numeric,0.021223807300274712,4,0.0,0.0,,,labelled,tier_0,stable
5,vb_V130,numeric,0.02811479796251056,4,0.0,0.0,,,labelled,tier_0,stable
6,vb_V130,numeric,0.025291455543417617,4,0.0,0.0,,,labelled,tier_0,stable
7,vb_V130,numeric,0.01778176898937351,4,0.0,0.0,,,labelled,tier_0,stable
8,vb_V130,numeric,0.02679455974371646,4,0.0,0.0,,,labelled,tier_0,stable
9,vb_V130,numeric,0.03379621278067737,4,0.0,0.0,,,labelled,tier_0,stable
10,vb_V130,numeric,0.11474677882310119,4,0.0,0.0,,,labelled,tier_0,moderate
11,vb_V130,numeric,0.03847584532417726,4,0.0,0.0,,,labelled,tier_0,stable
12,vb_V130,numeric,0.023993448700744095,4,0.0,0.0,,,labelled,tier_0,stable
0,vb_V131,numeric,0.0007753286001626005,3,0.0,0.0,,,labelled,tier_0,stable
1,vb_V131,numeric,0.00013485037589461467,3,0.0,0.0,,,labelled,tier_0,stable
2,vb_V131,numeric,0.002938256472523787,3,0.0,0.0,,,labelled,tier_0,stable
3,vb_V131,numeric,0.005945506210471693,3,0.0,0.0,,,labelled,tier_0,stable
4,vb_V131,numeric,0.005154997467197681,3,0.0,0.0,,,labelled,tier_0,stable
5,vb_V131,numeric,0.011844040504176253,3,0.0,0.0,,,labelled,tier_0,stable
6,vb_V131,numeric,0.002131799478306153,3,0.0,0.0,,,labelled,tier_0,stable
7,vb_V131,numeric,0.007119839000808001,3,0.0,0.0,,,labelled,tier_0,stable
8,vb_V131,numeric,0.014548553754975367,3,0.0,0.0,,,labelled,tier_0,stable
9,vb_V131,numeric,0.010151148707094075,3,0.0,0.0,,,labelled,tier_0,stable
10,vb_V131,numeric,0.07837455165961577,3,0.0,0.0,,,labelled,tier_0,stable
11,vb_V131,numeric,0.009560503517824191,3,0.0,0.0,,,labelled,tier_0,stable
12,vb_V131,numeric,0.0024812623854424077,3,0.0,0.0,,,labelled,tier_0,stable
0,vb_V132,numeric,0.00229791585897503,2,0.0,0.0,,,labelled,tier_0,stable
1,vb_V132,numeric,0.0022094010328122305,2,0.0,0.0,,,labelled,tier_0,stable
2,vb_V132,numeric,0.0014971643799721762,2,0.0,0.0,,,labelled,tier_0,stable
3,vb_V132,numeric,0.003874190552347888,2,0.0,0.0,,,labelled,tier_0,stable
4,vb_V132,numeric,0.0038407475959393767,2,0.0,0.0,,,labelled,tier_0,stable
5,vb_V132,numeric,0.0001996236862428906,2,0.0,0.0,,,labelled,tier_0,stable
6,vb_V132,numeric,0.0014282325385949913,2,0.0,0.0,,,labelled,tier_0,stable
7,vb_V132,numeric,0.0001581108816305632,2,0.0,0.0,,,labelled,tier_0,stable
8,vb_V132,numeric,0.006219016314883865,2,0.0,0.0,,,labelled,tier_0,stable
9,vb_V132,numeric,0.000406978539681192,2,0.0,0.0,,,labelled,tier_0,stable
10,vb_V132,numeric,0.05311400566470768,2,0.0,0.0,,,labelled,tier_0,stable
11,vb_V132,numeric,0.0003501756345284083,2,0.0,0.0,,,labelled,tier_0,stable
12,vb_V132,numeric,0.0056150036294044985,2,0.0,0.0,,,labelled,tier_0,stable
0,vb_V133,numeric,0.005237439952203345,2,0.0,0.0,,,labelled,tier_0,stable
1,vb_V133,numeric,0.005228180107297387,2,0.0,0.0,,,labelled,tier_0,stable
2,vb_V133,numeric,0.0010892896898900117,2,0.0,0.0,,,labelled,tier_0,stable
3,vb_V133,numeric,0.0017785251965714056,2,0.0,0.0,,,labelled,tier_0,stable
4,vb_V133,numeric,0.0025528957601112664,2,0.0,0.0,,,labelled,tier_0,stable
5,vb_V133,numeric,5.4698859210729383e-05,2,0.0,0.0,,,labelled,tier_0,stable
6,vb_V133,numeric,0.0015893594031253947,2,0.0,0.0,,,labelled,tier_0,stable
7,vb_V133,numeric,6.934682508670875e-05,2,0.0,0.0,,,labelled,tier_0,stable
8,vb_V133,numeric,0.0032285747995500504,2,0.0,0.0,,,labelled,tier_0,stable
9,vb_V133,numeric,0.0006245043855943728,2,0.0,0.0,,,labelled,tier_0,stable
10,vb_V133,numeric,0.04201578372913186,2,0.0,0.0,,,labelled,tier_0,stable
11,vb_V133,numeric,0.0008407205825125437,2,0.0,0.0,,,labelled,tier_0,stable
12,vb_V133,numeric,0.00484333888357231,2,0.0,0.0,,,labelled,tier_0,stable
0,vb_V134,numeric,0.0018142398709657668,2,0.0,0.0,,,labelled,tier_0,stable
1,vb_V134,numeric,0.0023095989304410093,2,0.0,0.0,,,labelled,tier_0,stable
2,vb_V134,numeric,0.001050004392204345,2,0.0,0.0,,,labelled,tier_0,stable
3,vb_V134,numeric,0.0034493090047696077,2,0.0,0.0,,,labelled,tier_0,stable
4,vb_V134,numeric,0.004305580577943797,2,0.0,0.0,,,labelled,tier_0,stable
5,vb_V134,numeric,0.000284749366190439,2,0.0,0.0,,,labelled,tier_0,stable
6,vb_V134,numeric,0.0015461344134386418,2,0.0,0.0,,,labelled,tier_0,stable
7,vb_V134,numeric,0.00018096915800382948,2,0.0,0.0,,,labelled,tier_0,stable
8,vb_V134,numeric,0.0044230930685459245,2,0.0,0.0,,,labelled,tier_0,stable
9,vb_V134,numeric,0.0005104607368068975,2,0.0,0.0,,,labelled,tier_0,stable
10,vb_V134,numeric,0.04823312284828231,2,0.0,0.0,,,labelled,tier_0,stable
11,vb_V134,numeric,0.0004990278376945178,2,0.0,0.0,,,labelled,tier_0,stable
12,vb_V134,numeric,0.004782945781197118,2,0.0,0.0,,,labelled,tier_0,stable
0,vb_V135,numeric,0.00047698809181401876,2,0.0,0.0,,,labelled,tier_0,stable
1,vb_V135,numeric,0.00011841505466634426,2,0.0,0.0,,,labelled,tier_0,stable
2,vb_V135,numeric,0.00011304315202109628,2,0.0,0.0,,,labelled,tier_0,stable
3,vb_V135,numeric,5.206192268022637e-05,2,0.0,0.0,,,labelled,tier_0,stable
4,vb_V135,numeric,4.7674938616829955e-05,2,0.0,0.0,,,labelled,tier_0,stable
5,vb_V135,numeric,0.0008592214612878574,2,0.0,0.0,,,labelled,tier_0,stable
6,vb_V135,numeric,0.00033918125743561105,2,0.0,0.0,,,labelled,tier_0,stable
7,vb_V135,numeric,3.1151033341582384e-05,2,0.0,0.0,,,labelled,tier_0,stable
8,vb_V135,numeric,0.02324989677980399,2,0.0,0.0,,,labelled,tier_0,stable
9,vb_V135,numeric,0.001980193878886631,2,0.0,0.0,,,labelled,tier_0,stable
10,vb_V135,numeric,0.07818813470221754,2,0.0,0.0,,,labelled,tier_0,stable
11,vb_V135,numeric,0.0010556476236967863,2,0.0,0.0,,,labelled,tier_0,stable
12,vb_V135,numeric,0.004001860395024985,2,0.0,0.0,,,labelled,tier_0,stable
0,vb_V136,numeric,0.0021440584971691,2,0.0,0.0,,,labelled,tier_0,stable
1,vb_V136,numeric,0.00020885631355539182,2,0.0,0.0,,,labelled,tier_0,stable
2,vb_V136,numeric,0.00046980666836928534,2,0.0,0.0,,,labelled,tier_0,stable
3,vb_V136,numeric,0.0011496597036644292,2,0.0,0.0,,,labelled,tier_0,stable
4,vb_V136,numeric,0.0004042751366921661,2,0.0,0.0,,,labelled,tier_0,stable
5,vb_V136,numeric,0.003599156780522407,2,0.0,0.0,,,labelled,tier_0,stable
6,vb_V136,numeric,0.0016213248176511358,2,0.0,0.0,,,labelled,tier_0,stable
7,vb_V136,numeric,0.0011005281812170745,2,0.0,0.0,,,labelled,tier_0,stable
8,vb_V136,numeric,0.023327441100381978,2,0.0,0.0,,,labelled,tier_0,stable
9,vb_V136,numeric,0.005147625264237529,2,0.0,0.0,,,labelled,tier_0,stable
10,vb_V136,numeric,0.0764167419281569,2,0.0,0.0,,,labelled,tier_0,stable
11,vb_V136,numeric,0.00422289987796501,2,0.0,0.0,,,labelled,tier_0,stable
12,vb_V136,numeric,0.011606243711844863,2,0.0,0.0,,,labelled,tier_0,stable
0,vb_V138,numeric,0.0022345057535567816,2,0.0,0.0,,,labelled,tier_0,stable
1,vb_V138,numeric,0.003036933423780069,2,0.0,0.0,,,labelled,tier_0,stable
2,vb_V138,numeric,0.001619070467293626,2,0.0,0.0,,,labelled,tier_0,stable
3,vb_V138,numeric,0.0008555111624745705,2,0.0,0.0,,,labelled,tier_0,stable
4,vb_V138,numeric,0.000687295124176932,2,0.0,0.0,,,labelled,tier_0,stable
5,vb_V138,numeric,0.001710853653932628,2,0.0,0.0,,,labelled,tier_0,stable
6,vb_V138,numeric,0.0006330588233740592,2,0.0,0.0,,,labelled,tier_0,stable
7,vb_V138,numeric,0.0016142152269749573,2,0.0,0.0,,,labelled,tier_0,stable
8,vb_V138,numeric,0.0014454915682760238,2,0.0,0.0,,,labelled,tier_0,stable
9,vb_V138,numeric,0.0018082728685052654,2,0.0,0.0,,,labelled,tier_0,stable
10,vb_V138,numeric,0.0008532117768765521,2,0.0,0.0,,,labelled,tier_0,stable
11,vb_V138,numeric,0.000498609880094724,2,0.0,0.0,,,labelled,tier_0,stable
12,vb_V138,numeric,0.0013330429123176713,2,0.0,0.0,,,labelled,tier_0,stable
0,vb_V139,numeric,0.009816901537842725,2,0.0,0.0,,,labelled,tier_0,stable
1,vb_V139,numeric,0.011206195391621189,2,0.0,0.0,,,labelled,tier_0,stable
2,vb_V139,numeric,0.007245710496914652,2,0.0,0.0,,,labelled,tier_0,stable
3,vb_V139,numeric,0.008234161718211438,2,0.0,0.0,,,labelled,tier_0,stable
4,vb_V139,numeric,0.008834801514637041,2,0.0,0.0,,,labelled,tier_0,stable
5,vb_V139,numeric,0.002752641763280308,2,0.0,0.0,,,labelled,tier_0,stable
6,vb_V139,numeric,0.0051371837654818255,2,0.0,0.0,,,labelled,tier_0,stable
7,vb_V139,numeric,0.005579186455191861,2,0.0,0.0,,,labelled,tier_0,stable
8,vb_V139,numeric,4.981298429813202e-05,2,0.0,0.0,,,labelled,tier_0,stable
9,vb_V139,numeric,0.004973611303424264,2,0.0,0.0,,,labelled,tier_0,stable
10,vb_V139,numeric,0.007008316024195997,2,0.0,0.0,,,labelled,tier_0,stable
11,vb_V139,numeric,0.002104086308534131,2,0.0,0.0,,,labelled,tier_0,stable
12,vb_V139,numeric,0.0011225353517264427,2,0.0,0.0,,,labelled,tier_0,stable
0,vb_V141,numeric,0.0020152151484234895,2,0.0,0.0,,,labelled,tier_0,stable
1,vb_V141,numeric,0.003374442350356229,2,0.0,0.0,,,labelled,tier_0,stable
2,vb_V141,numeric,0.0025613238419525597,2,0.0,0.0,,,labelled,tier_0,stable
3,vb_V141,numeric,0.001992366592255746,2,0.0,0.0,,,labelled,tier_0,stable
4,vb_V141,numeric,0.000883862498683441,2,0.0,0.0,,,labelled,tier_0,stable
5,vb_V141,numeric,0.001008821820370801,2,0.0,0.0,,,labelled,tier_0,stable
6,vb_V141,numeric,0.001006814585205605,2,0.0,0.0,,,labelled,tier_0,stable
7,vb_V141,numeric,0.0009543657314387567,2,0.0,0.0,,,labelled,tier_0,stable
8,vb_V141,numeric,0.0013552067120481278,2,0.0,0.0,,,labelled,tier_0,stable
9,vb_V141,numeric,0.0007251482693398806,2,0.0,0.0,,,labelled,tier_0,stable
10,vb_V141,numeric,0.0015144128984778391,2,0.0,0.0,,,labelled,tier_0,stable
11,vb_V141,numeric,0.00014905328230120098,2,0.0,0.0,,,labelled,tier_0,stable
12,vb_V141,numeric,0.0013670493657799258,2,0.0,0.0,,,labelled,tier_0,stable
0,vb_V142,numeric,0.0019437921670788186,2,0.0,0.0,,,labelled,tier_0,stable
1,vb_V142,numeric,0.0033650419078971954,2,0.0,0.0,,,labelled,tier_0,stable
2,vb_V142,numeric,0.0027066181925503243,2,0.0,0.0,,,labelled,tier_0,stable
3,vb_V142,numeric,0.0021202164002312313,2,0.0,0.0,,,labelled,tier_0,stable
4,vb_V142,numeric,0.0009690279878477156,2,0.0,0.0,,,labelled,tier_0,stable
5,vb_V142,numeric,0.001099749558559258,2,0.0,0.0,,,labelled,tier_0,stable
6,vb_V142,numeric,0.0010356247226103788,2,0.0,0.0,,,labelled,tier_0,stable
7,vb_V142,numeric,0.0010428271181721956,2,0.0,0.0,,,labelled,tier_0,stable
8,vb_V142,numeric,0.0012130787414466192,2,0.0,0.0,,,labelled,tier_0,stable
9,vb_V142,numeric,0.0006847431954854161,2,0.0,0.0,,,labelled,tier_0,stable
10,vb_V142,numeric,0.00134801136525429,2,0.0,0.0,,,labelled,tier_0,stable
11,vb_V142,numeric,0.00015513849428626665,2,0.0,0.0,,,labelled,tier_0,stable
12,vb_V142,numeric,0.001472829353772759,2,0.0,0.0,,,labelled,tier_0,stable
0,vb_V143,numeric,0.050006622835804,2,0.0,0.0,,,labelled,tier_0,stable
1,vb_V143,numeric,0.060528485387305944,2,0.0,0.0,,,labelled,tier_0,stable
2,vb_V143,numeric,0.041778401368703706,2,0.0,0.0,,,labelled,tier_0,stable
3,vb_V143,numeric,0.035584687018303585,2,0.0,0.0,,,labelled,tier_0,stable
4,vb_V143,numeric,0.050386905440230195,2,0.0,0.0,,,labelled,tier_0,stable
5,vb_V143,numeric,0.03425976836207857,2,0.0,0.0,,,labelled,tier_0,stable
6,vb_V143,numeric,0.04503702032611777,2,0.0,0.0,,,labelled,tier_0,stable
7,vb_V143,numeric,0.030921143446807364,2,0.0,0.0,,,labelled,tier_0,stable
8,vb_V143,numeric,0.0013484503614225364,2,0.0,0.0,,,labelled,tier_0,stable
9,vb_V143,numeric,0.030356843655291316,2,0.0,0.0,,,labelled,tier_0,stable
10,vb_V143,numeric,0.016439445117483985,2,0.0,0.0,,,labelled,tier_0,stable
11,vb_V143,numeric,0.03167345333283628,2,0.0,0.0,,,labelled,tier_0,stable
12,vb_V143,numeric,0.02126909934807796,2,0.0,0.0,,,labelled,tier_0,stable
0,vb_V145,numeric,0.04459391160062118,2,0.0,0.0,,,labelled,tier_0,stable
1,vb_V145,numeric,0.043242702792677216,2,0.0,0.0,,,labelled,tier_0,stable
2,vb_V145,numeric,0.034254627433850764,2,0.0,0.0,,,labelled,tier_0,stable
3,vb_V145,numeric,0.0379959697746823,2,0.0,0.0,,,labelled,tier_0,stable
4,vb_V145,numeric,0.04412890102842461,2,0.0,0.0,,,labelled,tier_0,stable
5,vb_V145,numeric,0.01790940262879956,2,0.0,0.0,,,labelled,tier_0,stable
6,vb_V145,numeric,0.028403079176745834,2,0.0,0.0,,,labelled,tier_0,stable
7,vb_V145,numeric,0.021003792636606417,2,0.0,0.0,,,labelled,tier_0,stable
8,vb_V145,numeric,0.00038512789021771603,2,0.0,0.0,,,labelled,tier_0,stable
9,vb_V145,numeric,0.016810513943605034,2,0.0,0.0,,,labelled,tier_0,stable
10,vb_V145,numeric,0.0204138709128436,2,0.0,0.0,,,labelled,tier_0,stable
11,vb_V145,numeric,0.018070097825566768,2,0.0,0.0,,,labelled,tier_0,stable
12,vb_V145,numeric,0.0111247932739606,2,0.0,0.0,,,labelled,tier_0,stable
0,vb_V146,numeric,0.005351924688377083,2,0.0,0.0,,,labelled,tier_0,stable
1,vb_V146,numeric,0.007207753924760546,2,0.0,0.0,,,labelled,tier_0,stable
2,vb_V146,numeric,0.00465313251441077,2,0.0,0.0,,,labelled,tier_0,stable
3,vb_V146,numeric,0.005505893743724594,2,0.0,0.0,,,labelled,tier_0,stable
4,vb_V146,numeric,0.006283813374525357,2,0.0,0.0,,,labelled,tier_0,stable
5,vb_V146,numeric,0.0007428827324646941,2,0.0,0.0,,,labelled,tier_0,stable
6,vb_V146,numeric,0.001288233815000695,2,0.0,0.0,,,labelled,tier_0,stable
7,vb_V146,numeric,0.0026932502750197703,2,0.0,0.0,,,labelled,tier_0,stable
8,vb_V146,numeric,0.0007376786946420513,2,0.0,0.0,,,labelled,tier_0,stable
9,vb_V146,numeric,0.0006583927369468931,2,0.0,0.0,,,labelled,tier_0,stable
10,vb_V146,numeric,0.0020502987617149896,2,0.0,0.0,,,labelled,tier_0,stable
11,vb_V146,numeric,0.0004897817240468922,2,0.0,0.0,,,labelled,tier_0,stable
12,vb_V146,numeric,1.1610915009661031e-05,2,0.0,0.0,,,labelled,tier_0,stable
0,vb_V148,numeric,0.0005742448076390084,2,0.0,0.0,,,labelled,tier_0,stable
1,vb_V148,numeric,0.001464247657961023,2,0.0,0.0,,,labelled,tier_0,stable
2,vb_V148,numeric,0.002957777619778229,2,0.0,0.0,,,labelled,tier_0,stable
3,vb_V148,numeric,0.0008902266108663497,2,0.0,0.0,,,labelled,tier_0,stable
4,vb_V148,numeric,0.00574287551379569,2,0.0,0.0,,,labelled,tier_0,stable
5,vb_V148,numeric,0.0014734156482597554,2,0.0,0.0,,,labelled,tier_0,stable
6,vb_V148,numeric,0.0004582158474393326,2,0.0,0.0,,,labelled,tier_0,stable
7,vb_V148,numeric,8.663258223683878e-07,2,0.0,0.0,,,labelled,tier_0,stable
8,vb_V148,numeric,8.599220037564287e-06,2,0.0,0.0,,,labelled,tier_0,stable
9,vb_V148,numeric,6.19163800987442e-05,2,0.0,0.0,,,labelled,tier_0,stable
10,vb_V148,numeric,3.345777857953956e-07,2,0.0,0.0,,,labelled,tier_0,stable
11,vb_V148,numeric,0.0014695051462121041,2,0.0,0.0,,,labelled,tier_0,stable
12,vb_V148,numeric,0.0001977603575482977,2,0.0,0.0,,,labelled,tier_0,stable
0,vb_V158,numeric,0.0031073428084869566,2,0.0,0.0,,,labelled,tier_0,stable
1,vb_V158,numeric,0.006099542061152679,2,0.0,0.0,,,labelled,tier_0,stable
2,vb_V158,numeric,0.005770981016604793,2,0.0,0.0,,,labelled,tier_0,stable
3,vb_V158,numeric,0.0032436401109571904,2,0.0,0.0,,,labelled,tier_0,stable
4,vb_V158,numeric,0.004983430030056026,2,0.0,0.0,,,labelled,tier_0,stable
5,vb_V158,numeric,0.0019444943294222605,2,0.0,0.0,,,labelled,tier_0,stable
6,vb_V158,numeric,0.0031938035183060264,2,0.0,0.0,,,labelled,tier_0,stable
7,vb_V158,numeric,0.0018983138339710793,2,0.0,0.0,,,labelled,tier_0,stable
8,vb_V158,numeric,0.00011749304586065962,2,0.0,0.0,,,labelled,tier_0,stable
9,vb_V158,numeric,0.0021509906249603103,2,0.0,0.0,,,labelled,tier_0,stable
10,vb_V158,numeric,0.001385685949437386,2,0.0,0.0,,,labelled,tier_0,stable
11,vb_V158,numeric,2.1603849422833537e-05,2,0.0,0.0,,,labelled,tier_0,stable
12,vb_V158,numeric,7.706072915357757e-05,2,0.0,0.0,,,labelled,tier_0,stable
0,vb_V161,numeric,0.0020152151484234895,2,0.0,0.0,,,labelled,tier_0,stable
1,vb_V161,numeric,0.003374442350356229,2,0.0,0.0,,,labelled,tier_0,stable
2,vb_V161,numeric,0.0025613238419525597,2,0.0,0.0,,,labelled,tier_0,stable
3,vb_V161,numeric,0.001992366592255746,2,0.0,0.0,,,labelled,tier_0,stable
4,vb_V161,numeric,0.000883862498683441,2,0.0,0.0,,,labelled,tier_0,stable
5,vb_V161,numeric,0.001008821820370801,2,0.0,0.0,,,labelled,tier_0,stable
6,vb_V161,numeric,0.001006814585205605,2,0.0,0.0,,,labelled,tier_0,stable
7,vb_V161,numeric,0.0009543657314387567,2,0.0,0.0,,,labelled,tier_0,stable
8,vb_V161,numeric,0.0013552067120481278,2,0.0,0.0,,,labelled,tier_0,stable
9,vb_V161,numeric,0.0007251482693398806,2,0.0,0.0,,,labelled,tier_0,stable
10,vb_V161,numeric,0.0015144128984778391,2,0.0,0.0,,,labelled,tier_0,stable
11,vb_V161,numeric,0.00014905328230120098,2,0.0,0.0,,,labelled,tier_0,stable
12,vb_V161,numeric,0.0013670493657799258,2,0.0,0.0,,,labelled,tier_0,stable
0,vb_V164,numeric,0.050006622835804,2,0.0,0.0,,,labelled,tier_0,stable
1,vb_V164,numeric,0.060528485387305944,2,0.0,0.0,,,labelled,tier_0,stable
2,vb_V164,numeric,0.041778401368703706,2,0.0,0.0,,,labelled,tier_0,stable
3,vb_V164,numeric,0.035584687018303585,2,0.0,0.0,,,labelled,tier_0,stable
4,vb_V164,numeric,0.050386905440230195,2,0.0,0.0,,,labelled,tier_0,stable
5,vb_V164,numeric,0.03425976836207857,2,0.0,0.0,,,labelled,tier_0,stable
6,vb_V164,numeric,0.04503702032611777,2,0.0,0.0,,,labelled,tier_0,stable
7,vb_V164,numeric,0.030921143446807364,2,0.0,0.0,,,labelled,tier_0,stable
8,vb_V164,numeric,0.0013484503614225364,2,0.0,0.0,,,labelled,tier_0,stable
9,vb_V164,numeric,0.030356843655291316,2,0.0,0.0,,,labelled,tier_0,stable
10,vb_V164,numeric,0.016439445117483985,2,0.0,0.0,,,labelled,tier_0,stable
11,vb_V164,numeric,0.03167345333283628,2,0.0,0.0,,,labelled,tier_0,stable
12,vb_V164,numeric,0.02126909934807796,2,0.0,0.0,,,labelled,tier_0,stable
0,vb_V166,numeric,0.045867722189861605,2,0.0,0.0,,,labelled,tier_0,stable
1,vb_V166,numeric,0.047516795397298174,2,0.0,0.0,,,labelled,tier_0,stable
2,vb_V166,numeric,0.04125996355051696,2,0.0,0.0,,,labelled,tier_0,stable
3,vb_V166,numeric,0.04667850104534069,2,0.0,0.0,,,labelled,tier_0,stable
4,vb_V166,numeric,0.04939237409596194,2,0.0,0.0,,,labelled,tier_0,stable
5,vb_V166,numeric,0.020881026261454428,2,0.0,0.0,,,labelled,tier_0,stable
6,vb_V166,numeric,0.03208210480084185,2,0.0,0.0,,,labelled,tier_0,stable
7,vb_V166,numeric,0.024480896003897256,2,0.0,0.0,,,labelled,tier_0,stable
8,vb_V166,numeric,0.00023345139737458723,2,0.0,0.0,,,labelled,tier_0,stable
9,vb_V166,numeric,0.01730011557962982,2,0.0,0.0,,,labelled,tier_0,stable
10,vb_V166,numeric,0.020309511169268882,2,0.0,0.0,,,labelled,tier_0,stable
11,vb_V166,numeric,0.022273721013189984,2,0.0,0.0,,,labelled,tier_0,stable
12,vb_V166,numeric,0.013260849443719885,2,0.0,0.0,,,labelled,tier_0,stable
0,vb_V167,numeric,0.010753383909424354,2,0.0,0.0,,,labelled,tier_0,stable
1,vb_V167,numeric,0.014839233421172989,2,0.0,0.0,,,labelled,tier_0,stable
2,vb_V167,numeric,0.004810445599302082,2,0.0,0.0,,,labelled,tier_0,stable
3,vb_V167,numeric,0.009271865005221994,2,0.0,0.0,,,labelled,tier_0,stable
4,vb_V167,numeric,0.015501724204563359,2,0.0,0.0,,,labelled,tier_0,stable
5,vb_V167,numeric,0.0042537499175946195,2,0.0,0.0,,,labelled,tier_0,stable
6,vb_V167,numeric,0.007454907177413456,2,0.0,0.0,,,labelled,tier_0,stable
7,vb_V167,numeric,0.009275008485578063,2,0.0,0.0,,,labelled,tier_0,stable
8,vb_V167,numeric,0.01368310441172807,2,0.0,0.0,,,labelled,tier_0,stable
9,vb_V167,numeric,3.223528504835512e-05,2,0.0,0.0,,,labelled,tier_0,stable
10,vb_V167,numeric,0.03127420005332641,2,0.0,0.0,,,labelled,tier_0,stable
11,vb_V167,numeric,0.0021066787023050404,2,0.0,0.0,,,labelled,tier_0,stable
12,vb_V167,numeric,0.0016263166190403108,2,0.0,0.0,,,labelled,tier_0,stable
0,vb_V168,numeric,0.010062386760605073,2,0.0,0.0,,,labelled,tier_0,stable
1,vb_V168,numeric,0.014235036880498682,2,0.0,0.0,,,labelled,tier_0,stable
2,vb_V168,numeric,0.003914036405936594,2,0.0,0.0,,,labelled,tier_0,stable
3,vb_V168,numeric,0.005627681741291625,2,0.0,0.0,,,labelled,tier_0,stable
4,vb_V168,numeric,0.011340210467314338,2,0.0,0.0,,,labelled,tier_0,stable
5,vb_V168,numeric,0.0031871837795578416,2,0.0,0.0,,,labelled,tier_0,stable
6,vb_V168,numeric,0.005930972065714732,2,0.0,0.0,,,labelled,tier_0,stable
7,vb_V168,numeric,0.006426370081017462,2,0.0,0.0,,,labelled,tier_0,stable
8,vb_V168,numeric,0.013875385933588339,2,0.0,0.0,,,labelled,tier_0,stable
9,vb_V168,numeric,0.0002348210610557937,2,0.0,0.0,,,labelled,tier_0,stable
10,vb_V168,numeric,0.030910892173268825,2,0.0,0.0,,,labelled,tier_0,stable
11,vb_V168,numeric,0.0009505520681013239,2,0.0,0.0,,,labelled,tier_0,stable
12,vb_V168,numeric,0.0010602027016369446,2,0.0,0.0,,,labelled,tier_0,stable
0,vb_V172,numeric,0.008701391312428605,2,0.0,0.0,,,labelled,tier_0,stable
1,vb_V172,numeric,0.00824999380325959,2,0.0,0.0,,,labelled,tier_0,stable
2,vb_V172,numeric,0.002169569355255217,2,0.0,0.0,,,labelled,tier_0,stable
3,vb_V172,numeric,0.004960819230124193,2,0.0,0.0,,,labelled,tier_0,stable
4,vb_V172,numeric,0.00693819995770021,2,0.0,0.0,,,labelled,tier_0,stable
5,vb_V172,numeric,0.006357772349803672,2,0.0,0.0,,,labelled,tier_0,stable
6,vb_V172,numeric,0.006139982176529246,2,0.0,0.0,,,labelled,tier_0,stable
7,vb_V172,numeric,0.005217338774929623,2,0.0,0.0,,,labelled,tier_0,stable
8,vb_V172,numeric,0.008853377151454683,2,0.0,0.0,,,labelled,tier_0,stable
9,vb_V172,numeric,7.563533535798949e-06,2,0.0,0.0,,,labelled,tier_0,stable
10,vb_V172,numeric,0.01615897469321546,2,0.0,0.0,,,labelled,tier_0,stable
11,vb_V172,numeric,0.00681594885493279,2,0.0,0.0,,,labelled,tier_0,stable
12,vb_V172,numeric,0.005160435386095436,2,0.0,0.0,,,labelled,tier_0,stable
0,vb_V173,numeric,0.004487570190213028,2,0.0,0.0,,,labelled,tier_0,stable
1,vb_V173,numeric,0.005884696236312693,2,0.0,0.0,,,labelled,tier_0,stable
2,vb_V173,numeric,0.0037056639641322373,2,0.0,0.0,,,labelled,tier_0,stable
3,vb_V173,numeric,0.004362664715046378,2,0.0,0.0,,,labelled,tier_0,stable
4,vb_V173,numeric,0.006583953571403718,2,0.0,0.0,,,labelled,tier_0,stable
5,vb_V173,numeric,0.006041922979790606,2,0.0,0.0,,,labelled,tier_0,stable
6,vb_V173,numeric,0.007417572371408164,2,0.0,0.0,,,labelled,tier_0,stable
7,vb_V173,numeric,0.009246159850595244,2,0.0,0.0,,,labelled,tier_0,stable
8,vb_V173,numeric,0.0008970881979367106,2,0.0,0.0,,,labelled,tier_0,stable
9,vb_V173,numeric,0.0003962610179125294,2,0.0,0.0,,,labelled,tier_0,stable
10,vb_V173,numeric,0.004960984992505825,2,0.0,0.0,,,labelled,tier_0,stable
11,vb_V173,numeric,0.005992707997105165,2,0.0,0.0,,,labelled,tier_0,stable
12,vb_V173,numeric,0.004513144842825434,2,0.0,0.0,,,labelled,tier_0,stable
0,vb_V177,numeric,0.006389064596743095,2,0.0,0.0,,,labelled,tier_0,stable
1,vb_V177,numeric,0.008989234386845879,2,0.0,0.0,,,labelled,tier_0,stable
2,vb_V177,numeric,0.0019310854057351429,2,0.0,0.0,,,labelled,tier_0,stable
3,vb_V177,numeric,0.006249367196571318,2,0.0,0.0,,,labelled,tier_0,stable
4,vb_V177,numeric,0.008015105947183292,2,0.0,0.0,,,labelled,tier_0,stable
5,vb_V177,numeric,0.004296542753298812,2,0.0,0.0,,,labelled,tier_0,stable
6,vb_V177,numeric,0.003890585021309107,2,0.0,0.0,,,labelled,tier_0,stable
7,vb_V177,numeric,0.006262418742796044,2,0.0,0.0,,,labelled,tier_0,stable
8,vb_V177,numeric,0.01431572186076625,2,0.0,0.0,,,labelled,tier_0,stable
9,vb_V177,numeric,1.107039691546635e-06,2,0.0,0.0,,,labelled,tier_0,stable
10,vb_V177,numeric,0.05946403463111443,2,0.0,0.0,,,labelled,tier_0,stable
11,vb_V177,numeric,0.000854027502519446,2,0.0,0.0,,,labelled,tier_0,stable
12,vb_V177,numeric,0.0011438643337516358,2,0.0,0.0,,,labelled,tier_0,stable
0,vb_V181,numeric,0.005561212536453144,2,0.0,0.0,,,labelled,tier_0,stable
1,vb_V181,numeric,0.009203724688169638,2,0.0,0.0,,,labelled,tier_0,stable
2,vb_V181,numeric,0.0049288907969088505,2,0.0,0.0,,,labelled,tier_0,stable
3,vb_V181,numeric,0.004809993991215925,2,0.0,0.0,,,labelled,tier_0,stable
4,vb_V181,numeric,0.0060016569645954315,2,0.0,0.0,,,labelled,tier_0,stable
5,vb_V181,numeric,0.0005000269996313772,2,0.0,0.0,,,labelled,tier_0,stable
6,vb_V181,numeric,0.002990948337012404,2,0.0,0.0,,,labelled,tier_0,stable
7,vb_V181,numeric,0.0033161884475164044,2,0.0,0.0,,,labelled,tier_0,stable
8,vb_V181,numeric,0.023646194832236202,2,0.0,0.0,,,labelled,tier_0,stable
9,vb_V181,numeric,0.0002021705625740263,2,0.0,0.0,,,labelled,tier_0,stable
10,vb_V181,numeric,0.07212651103251136,2,0.0,0.0,,,labelled,tier_0,stable
11,vb_V181,numeric,0.0001586028453018862,2,0.0,0.0,,,labelled,tier_0,stable
12,vb_V181,numeric,0.0005584461241073404,2,0.0,0.0,,,labelled,tier_0,stable
0,vb_V182,numeric,0.0063609901989515796,2,0.0,0.0,,,labelled,tier_0,stable
1,vb_V182,numeric,0.009491579412185137,2,0.0,0.0,,,labelled,tier_0,stable
2,vb_V182,numeric,0.004520248652591228,2,0.0,0.0,,,labelled,tier_0,stable
3,vb_V182,numeric,0.003416438558203824,2,0.0,0.0,,,labelled,tier_0,stable
4,vb_V182,numeric,0.005719544567665267,2,0.0,0.0,,,labelled,tier_0,stable
5,vb_V182,numeric,0.0006151174333366268,2,0.0,0.0,,,labelled,tier_0,stable
6,vb_V182,numeric,0.0024535408342405045,2,0.0,0.0,,,labelled,tier_0,stable
7,vb_V182,numeric,0.0023085547664693762,2,0.0,0.0,,,labelled,tier_0,stable
8,vb_V182,numeric,0.0233611747782246,2,0.0,0.0,,,labelled,tier_0,stable
9,vb_V182,numeric,0.0005393473088389311,2,0.0,0.0,,,labelled,tier_0,stable
10,vb_V182,numeric,0.0691710645584911,2,0.0,0.0,,,labelled,tier_0,stable
11,vb_V182,numeric,1.5115362620690153e-09,2,0.0,0.0,,,labelled,tier_0,stable
12,vb_V182,numeric,1.3990094794963958e-07,2,0.0,0.0,,,labelled,tier_0,stable
0,vb_V183,numeric,0.006621474471701279,2,0.0,0.0,,,labelled,tier_0,stable
1,vb_V183,numeric,0.010685305923157395,2,0.0,0.0,,,labelled,tier_0,stable
2,vb_V183,numeric,0.004993218216086955,2,0.0,0.0,,,labelled,tier_0,stable
3,vb_V183,numeric,0.004495979411376788,2,0.0,0.0,,,labelled,tier_0,stable
4,vb_V183,numeric,0.006864559588136823,2,0.0,0.0,,,labelled,tier_0,stable
5,vb_V183,numeric,0.0005425450990126343,2,0.0,0.0,,,labelled,tier_0,stable
6,vb_V183,numeric,0.002716675862947228,2,0.0,0.0,,,labelled,tier_0,stable
7,vb_V183,numeric,0.0026177365718349586,2,0.0,0.0,,,labelled,tier_0,stable
8,vb_V183,numeric,0.02327668457397356,2,0.0,0.0,,,labelled,tier_0,stable
9,vb_V183,numeric,0.00030905366705022283,2,0.0,0.0,,,labelled,tier_0,stable
10,vb_V183,numeric,0.07110463925863751,2,0.0,0.0,,,labelled,tier_0,stable
11,vb_V183,numeric,4.322772399712979e-06,2,0.0,0.0,,,labelled,tier_0,stable
12,vb_V183,numeric,0.0003019556236954943,2,0.0,0.0,,,labelled,tier_0,stable
0,vb_V190,numeric,0.0013159733607099181,2,0.0,0.0,,,labelled,tier_0,stable
1,vb_V190,numeric,0.0035919163694349827,2,0.0,0.0,,,labelled,tier_0,stable
2,vb_V190,numeric,0.000701593001309933,2,0.0,0.0,,,labelled,tier_0,stable
3,vb_V190,numeric,0.00318141481637908,2,0.0,0.0,,,labelled,tier_0,stable
4,vb_V190,numeric,0.003469171585882856,2,0.0,0.0,,,labelled,tier_0,stable
5,vb_V190,numeric,0.0015755133620309174,2,0.0,0.0,,,labelled,tier_0,stable
6,vb_V190,numeric,0.00040639783529936897,2,0.0,0.0,,,labelled,tier_0,stable
7,vb_V190,numeric,0.0031757342228654058,2,0.0,0.0,,,labelled,tier_0,stable
8,vb_V190,numeric,0.0014656060853653287,2,0.0,0.0,,,labelled,tier_0,stable
9,vb_V190,numeric,0.0001362624976543012,2,0.0,0.0,,,labelled,tier_0,stable
10,vb_V190,numeric,0.00017024650099336136,2,0.0,0.0,,,labelled,tier_0,stable
11,vb_V190,numeric,0.00017704318373309487,2,0.0,0.0,,,labelled,tier_0,stable
12,vb_V190,numeric,9.286187051228336e-05,2,0.0,0.0,,,labelled,tier_0,stable
0,vb_V202,numeric,0.010753383909424354,2,0.0,0.0,,,labelled,tier_0,stable
1,vb_V202,numeric,0.014839233421172989,2,0.0,0.0,,,labelled,tier_0,stable
2,vb_V202,numeric,0.004810445599302082,2,0.0,0.0,,,labelled,tier_0,stable
3,vb_V202,numeric,0.009271865005221994,2,0.0,0.0,,,labelled,tier_0,stable
4,vb_V202,numeric,0.015501724204563359,2,0.0,0.0,,,labelled,tier_0,stable
5,vb_V202,numeric,0.0042537499175946195,2,0.0,0.0,,,labelled,tier_0,stable
6,vb_V202,numeric,0.007454907177413456,2,0.0,0.0,,,labelled,tier_0,stable
7,vb_V202,numeric,0.009275008485578063,2,0.0,0.0,,,labelled,tier_0,stable
8,vb_V202,numeric,0.01368310441172807,2,0.0,0.0,,,labelled,tier_0,stable
9,vb_V202,numeric,3.223528504835512e-05,2,0.0,0.0,,,labelled,tier_0,stable
10,vb_V202,numeric,0.03127420005332641,2,0.0,0.0,,,labelled,tier_0,stable
11,vb_V202,numeric,0.0021066787023050404,2,0.0,0.0,,,labelled,tier_0,stable
12,vb_V202,numeric,0.0016263166190403108,2,0.0,0.0,,,labelled,tier_0,stable
0,vb_V205,numeric,0.008701391312428605,2,0.0,0.0,,,labelled,tier_0,stable
1,vb_V205,numeric,0.00824999380325959,2,0.0,0.0,,,labelled,tier_0,stable
2,vb_V205,numeric,0.002169569355255217,2,0.0,0.0,,,labelled,tier_0,stable
3,vb_V205,numeric,0.004960819230124193,2,0.0,0.0,,,labelled,tier_0,stable
4,vb_V205,numeric,0.00693819995770021,2,0.0,0.0,,,labelled,tier_0,stable
5,vb_V205,numeric,0.006357772349803672,2,0.0,0.0,,,labelled,tier_0,stable
6,vb_V205,numeric,0.006139982176529246,2,0.0,0.0,,,labelled,tier_0,stable
7,vb_V205,numeric,0.005217338774929623,2,0.0,0.0,,,labelled,tier_0,stable
8,vb_V205,numeric,0.008853377151454683,2,0.0,0.0,,,labelled,tier_0,stable
9,vb_V205,numeric,7.563533535798949e-06,2,0.0,0.0,,,labelled,tier_0,stable
10,vb_V205,numeric,0.01615897469321546,2,0.0,0.0,,,labelled,tier_0,stable
11,vb_V205,numeric,0.00681594885493279,2,0.0,0.0,,,labelled,tier_0,stable
12,vb_V205,numeric,0.005160435386095436,2,0.0,0.0,,,labelled,tier_0,stable
0,vb_V206,numeric,0.004487570190213028,2,0.0,0.0,,,labelled,tier_0,stable
1,vb_V206,numeric,0.005884696236312693,2,0.0,0.0,,,labelled,tier_0,stable
2,vb_V206,numeric,0.0037056639641322373,2,0.0,0.0,,,labelled,tier_0,stable
3,vb_V206,numeric,0.004362664715046378,2,0.0,0.0,,,labelled,tier_0,stable
4,vb_V206,numeric,0.006583953571403718,2,0.0,0.0,,,labelled,tier_0,stable
5,vb_V206,numeric,0.006041922979790606,2,0.0,0.0,,,labelled,tier_0,stable
6,vb_V206,numeric,0.007417572371408164,2,0.0,0.0,,,labelled,tier_0,stable
7,vb_V206,numeric,0.009246159850595244,2,0.0,0.0,,,labelled,tier_0,stable
8,vb_V206,numeric,0.0008970881979367106,2,0.0,0.0,,,labelled,tier_0,stable
9,vb_V206,numeric,0.0003962610179125294,2,0.0,0.0,,,labelled,tier_0,stable
10,vb_V206,numeric,0.004960984992505825,2,0.0,0.0,,,labelled,tier_0,stable
11,vb_V206,numeric,0.005992707997105165,2,0.0,0.0,,,labelled,tier_0,stable
12,vb_V206,numeric,0.004513144842825434,2,0.0,0.0,,,labelled,tier_0,stable
0,vb_V211,numeric,0.006389064596743095,2,0.0,0.0,,,labelled,tier_0,stable
1,vb_V211,numeric,0.008989234386845879,2,0.0,0.0,,,labelled,tier_0,stable
2,vb_V211,numeric,0.0019310854057351429,2,0.0,0.0,,,labelled,tier_0,stable
3,vb_V211,numeric,0.006249367196571318,2,0.0,0.0,,,labelled,tier_0,stable
4,vb_V211,numeric,0.008015105947183292,2,0.0,0.0,,,labelled,tier_0,stable
5,vb_V211,numeric,0.004296542753298812,2,0.0,0.0,,,labelled,tier_0,stable
6,vb_V211,numeric,0.003890585021309107,2,0.0,0.0,,,labelled,tier_0,stable
7,vb_V211,numeric,0.006262418742796044,2,0.0,0.0,,,labelled,tier_0,stable
8,vb_V211,numeric,0.01431572186076625,2,0.0,0.0,,,labelled,tier_0,stable
9,vb_V211,numeric,1.107039691546635e-06,2,0.0,0.0,,,labelled,tier_0,stable
10,vb_V211,numeric,0.05946403463111443,2,0.0,0.0,,,labelled,tier_0,stable
11,vb_V211,numeric,0.000854027502519446,2,0.0,0.0,,,labelled,tier_0,stable
12,vb_V211,numeric,0.0011438643337516358,2,0.0,0.0,,,labelled,tier_0,stable
0,vb_V212,numeric,0.006153039647339681,2,0.0,0.0,,,labelled,tier_0,stable
1,vb_V212,numeric,0.008997839420686108,2,0.0,0.0,,,labelled,tier_0,stable
2,vb_V212,numeric,0.0019100017006664248,2,0.0,0.0,,,labelled,tier_0,stable
3,vb_V212,numeric,0.0058407481949382094,2,0.0,0.0,,,labelled,tier_0,stable
4,vb_V212,numeric,0.0065214967257123235,2,0.0,0.0,,,labelled,tier_0,stable
5,vb_V212,numeric,0.0036717077888677135,2,0.0,0.0,,,labelled,tier_0,stable
6,vb_V212,numeric,0.0034066022076388604,2,0.0,0.0,,,labelled,tier_0,stable
7,vb_V212,numeric,0.00515820004663862,2,0.0,0.0,,,labelled,tier_0,stable
8,vb_V212,numeric,0.014793482225936667,2,0.0,0.0,,,labelled,tier_0,stable
9,vb_V212,numeric,3.062752629386732e-05,2,0.0,0.0,,,labelled,tier_0,stable
10,vb_V212,numeric,0.05968712468622913,2,0.0,0.0,,,labelled,tier_0,stable
11,vb_V212,numeric,0.0006444225184504849,2,0.0,0.0,,,labelled,tier_0,stable
12,vb_V212,numeric,0.0005485398466634672,2,0.0,0.0,,,labelled,tier_0,stable
0,vb_V213,numeric,0.0067799931454177575,2,0.0,0.0,,,labelled,tier_0,stable
1,vb_V213,numeric,0.009222562880153641,2,0.0,0.0,,,labelled,tier_0,stable
2,vb_V213,numeric,0.002243224631883886,2,0.0,0.0,,,labelled,tier_0,stable
3,vb_V213,numeric,0.006102917364813955,2,0.0,0.0,,,labelled,tier_0,stable
4,vb_V213,numeric,0.007609033011243208,2,0.0,0.0,,,labelled,tier_0,stable
5,vb_V213,numeric,0.0034650032380140277,2,0.0,0.0,,,labelled,tier_0,stable
6,vb_V213,numeric,0.0031658245491393497,2,0.0,0.0,,,labelled,tier_0,stable
7,vb_V213,numeric,0.005199230141598565,2,0.0,0.0,,,labelled,tier_0,stable
8,vb_V213,numeric,0.015321636338640353,2,0.0,0.0,,,labelled,tier_0,stable
9,vb_V213,numeric,3.347242549742893e-05,2,0.0,0.0,,,labelled,tier_0,stable
10,vb_V213,numeric,0.061676207498314144,2,0.0,0.0,,,labelled,tier_0,stable
11,vb_V213,numeric,0.0006951461945205393,2,0.0,0.0,,,labelled,tier_0,stable
12,vb_V213,numeric,0.0007280337131996304,2,0.0,0.0,,,labelled,tier_0,stable
0,vb_V214,numeric,0.005561212536453144,2,0.0,0.0,,,labelled,tier_0,stable
1,vb_V214,numeric,0.009203724688169638,2,0.0,0.0,,,labelled,tier_0,stable
2,vb_V214,numeric,0.0049288907969088505,2,0.0,0.0,,,labelled,tier_0,stable
3,vb_V214,numeric,0.004809993991215925,2,0.0,0.0,,,labelled,tier_0,stable
4,vb_V214,numeric,0.0060016569645954315,2,0.0,0.0,,,labelled,tier_0,stable
5,vb_V214,numeric,0.0005000269996313772,2,0.0,0.0,,,labelled,tier_0,stable
6,vb_V214,numeric,0.002990948337012404,2,0.0,0.0,,,labelled,tier_0,stable
7,vb_V214,numeric,0.0033161884475164044,2,0.0,0.0,,,labelled,tier_0,stable
8,vb_V214,numeric,0.023646194832236202,2,0.0,0.0,,,labelled,tier_0,stable
9,vb_V214,numeric,0.0002021705625740263,2,0.0,0.0,,,labelled,tier_0,stable
10,vb_V214,numeric,0.07212651103251136,2,0.0,0.0,,,labelled,tier_0,stable
11,vb_V214,numeric,0.0001586028453018862,2,0.0,0.0,,,labelled,tier_0,stable
12,vb_V214,numeric,0.0005584461241073404,2,0.0,0.0,,,labelled,tier_0,stable
0,vb_V215,numeric,0.0063609901989515796,2,0.0,0.0,,,labelled,tier_0,stable
1,vb_V215,numeric,0.009491579412185137,2,0.0,0.0,,,labelled,tier_0,stable
2,vb_V215,numeric,0.004520248652591228,2,0.0,0.0,,,labelled,tier_0,stable
3,vb_V215,numeric,0.003416438558203824,2,0.0,0.0,,,labelled,tier_0,stable
4,vb_V215,numeric,0.005719544567665267,2,0.0,0.0,,,labelled,tier_0,stable
5,vb_V215,numeric,0.0006151174333366268,2,0.0,0.0,,,labelled,tier_0,stable
6,vb_V215,numeric,0.0024535408342405045,2,0.0,0.0,,,labelled,tier_0,stable
7,vb_V215,numeric,0.0023085547664693762,2,0.0,0.0,,,labelled,tier_0,stable
8,vb_V215,numeric,0.0233611747782246,2,0.0,0.0,,,labelled,tier_0,stable
9,vb_V215,numeric,0.0005393473088389311,2,0.0,0.0,,,labelled,tier_0,stable
10,vb_V215,numeric,0.0691710645584911,2,0.0,0.0,,,labelled,tier_0,stable
11,vb_V215,numeric,1.5115362620690153e-09,2,0.0,0.0,,,labelled,tier_0,stable
12,vb_V215,numeric,1.3990094794963958e-07,2,0.0,0.0,,,labelled,tier_0,stable
0,vb_V169,numeric,0.004892781069364965,2,0.0,0.0,,,labelled,tier_0,stable
1,vb_V169,numeric,0.005358630627144837,2,0.0,0.0,,,labelled,tier_0,stable
2,vb_V169,numeric,0.0006450264690977537,2,0.0,0.0,,,labelled,tier_0,stable
3,vb_V169,numeric,0.002708555907942677,2,0.0,0.0,,,labelled,tier_0,stable
4,vb_V169,numeric,0.004239935693389523,2,0.0,0.0,,,labelled,tier_0,stable
5,vb_V169,numeric,0.008444730615368053,2,0.0,0.0,,,labelled,tier_0,stable
6,vb_V169,numeric,0.004407495012069743,2,0.0,0.0,,,labelled,tier_0,stable
7,vb_V169,numeric,0.005358064335282102,2,0.0,0.0,,,labelled,tier_0,stable
8,vb_V169,numeric,0.001129801051303884,2,0.0,0.0,,,labelled,tier_0,stable
9,vb_V169,numeric,1.1912221476364687e-06,2,0.0,0.0,,,labelled,tier_0,stable
10,vb_V169,numeric,0.0028238076984615193,2,0.0,0.0,,,labelled,tier_0,stable
11,vb_V169,numeric,0.0032673819361203203,2,0.0,0.0,,,labelled,tier_0,stable
12,vb_V169,numeric,0.0017693247943534978,2,0.0,0.0,,,labelled,tier_0,stable
0,vb_V170,numeric,0.008491832681007092,2,0.0,0.0,,,labelled,tier_0,stable
1,vb_V170,numeric,0.011704958427999491,2,0.0,0.0,,,labelled,tier_0,stable
2,vb_V170,numeric,0.0033329161255053726,2,0.0,0.0,,,labelled,tier_0,stable
3,vb_V170,numeric,0.008693719938283464,2,0.0,0.0,,,labelled,tier_0,stable
4,vb_V170,numeric,0.01184650183039902,2,0.0,0.0,,,labelled,tier_0,stable
5,vb_V170,numeric,0.005374428101211902,2,0.0,0.0,,,labelled,tier_0,stable
6,vb_V170,numeric,0.005717332500887507,2,0.0,0.0,,,labelled,tier_0,stable
7,vb_V170,numeric,0.012486718749438543,2,0.0,0.0,,,labelled,tier_0,stable
8,vb_V170,numeric,0.00037130514759196577,2,0.0,0.0,,,labelled,tier_0,stable
9,vb_V170,numeric,0.0001927488171993017,2,0.0,0.0,,,labelled,tier_0,stable
10,vb_V170,numeric,0.007173455927661374,2,0.0,0.0,,,labelled,tier_0,stable
11,vb_V170,numeric,0.0032479872514049055,2,0.0,0.0,,,labelled,tier_0,stable
12,vb_V170,numeric,0.0019031639069087554,2,0.0,0.0,,,labelled,tier_0,stable
0,vb_V174,numeric,0.005878342303533511,2,0.0,0.0,,,labelled,tier_0,stable
1,vb_V174,numeric,0.0032834500147712747,2,0.0,0.0,,,labelled,tier_0,stable
2,vb_V174,numeric,0.0003389024233137249,2,0.0,0.0,,,labelled,tier_0,stable
3,vb_V174,numeric,0.0008128779064459273,2,0.0,0.0,,,labelled,tier_0,stable
4,vb_V174,numeric,0.0025955187226337833,2,0.0,0.0,,,labelled,tier_0,stable
5,vb_V174,numeric,0.0040270153876879565,2,0.0,0.0,,,labelled,tier_0,stable
6,vb_V174,numeric,0.0038125090605174387,2,0.0,0.0,,,labelled,tier_0,stable
7,vb_V174,numeric,0.001335056384406889,2,0.0,0.0,,,labelled,tier_0,stable
8,vb_V174,numeric,0.015652192240584444,2,0.0,0.0,,,labelled,tier_0,stable
9,vb_V174,numeric,0.0009074035930037455,2,0.0,0.0,,,labelled,tier_0,stable
10,vb_V174,numeric,0.07653176594799416,2,0.0,0.0,,,labelled,tier_0,stable
11,vb_V174,numeric,5.775268220962752e-05,2,0.0,0.0,,,labelled,tier_0,stable
12,vb_V174,numeric,0.0017221726986095837,2,0.0,0.0,,,labelled,tier_0,stable
0,vb_V175,numeric,0.005460968401493655,2,0.0,0.0,,,labelled,tier_0,stable
1,vb_V175,numeric,0.0032578419315901913,2,0.0,0.0,,,labelled,tier_0,stable
2,vb_V175,numeric,0.00045834532731080734,2,0.0,0.0,,,labelled,tier_0,stable
3,vb_V175,numeric,0.0009590369165892653,2,0.0,0.0,,,labelled,tier_0,stable
4,vb_V175,numeric,0.002901611532284888,2,0.0,0.0,,,labelled,tier_0,stable
5,vb_V175,numeric,0.004179256530228031,2,0.0,0.0,,,labelled,tier_0,stable
6,vb_V175,numeric,0.003442666950953367,2,0.0,0.0,,,labelled,tier_0,stable
7,vb_V175,numeric,0.0014041978742486993,2,0.0,0.0,,,labelled,tier_0,stable
8,vb_V175,numeric,0.014857856397636673,2,0.0,0.0,,,labelled,tier_0,stable
9,vb_V175,numeric,0.0008182122247242915,2,0.0,0.0,,,labelled,tier_0,stable
10,vb_V175,numeric,0.07605681472404731,2,0.0,0.0,,,labelled,tier_0,stable
11,vb_V175,numeric,8.125117869139215e-05,2,0.0,0.0,,,labelled,tier_0,stable
12,vb_V175,numeric,0.0013021190402636674,2,0.0,0.0,,,labelled,tier_0,stable
0,vb_V180,numeric,0.006823397503862648,2,0.0,0.0,,,labelled,tier_0,stable
1,vb_V180,numeric,0.006877133472331544,2,0.0,0.0,,,labelled,tier_0,stable
2,vb_V180,numeric,0.004384672400607016,2,0.0,0.0,,,labelled,tier_0,stable
3,vb_V180,numeric,0.0033604171662545133,2,0.0,0.0,,,labelled,tier_0,stable
4,vb_V180,numeric,0.00475832564079487,2,0.0,0.0,,,labelled,tier_0,stable
5,vb_V180,numeric,0.0006845696835802672,2,0.0,0.0,,,labelled,tier_0,stable
6,vb_V180,numeric,0.0021932372008106166,2,0.0,0.0,,,labelled,tier_0,stable
7,vb_V180,numeric,0.0021899659946514943,2,0.0,0.0,,,labelled,tier_0,stable
8,vb_V180,numeric,0.02277675783383287,2,0.0,0.0,,,labelled,tier_0,stable
9,vb_V180,numeric,0.0005473701118569128,2,0.0,0.0,,,labelled,tier_0,stable
10,vb_V180,numeric,0.06922569742866964,2,0.0,0.0,,,labelled,tier_0,stable
11,vb_V180,numeric,2.9672479939641165e-07,2,0.0,0.0,,,labelled,tier_0,stable
12,vb_V180,numeric,3.363284564755046e-06,2,0.0,0.0,,,labelled,tier_0,stable
0,vb_V184,numeric,0.0048678734748250855,2,0.0,0.0,,,labelled,tier_0,stable
1,vb_V184,numeric,0.00805070278374267,2,0.0,0.0,,,labelled,tier_0,stable
2,vb_V184,numeric,0.005531048467421561,2,0.0,0.0,,,labelled,tier_0,stable
3,vb_V184,numeric,0.004370817022996482,2,0.0,0.0,,,labelled,tier_0,stable
4,vb_V184,numeric,0.005486199258118014,2,0.0,0.0,,,labelled,tier_0,stable
5,vb_V184,numeric,0.0018840800019336082,2,0.0,0.0,,,labelled,tier_0,stable
6,vb_V184,numeric,0.0021966894165637487,2,0.0,0.0,,,labelled,tier_0,stable
7,vb_V184,numeric,0.005036039169289766,2,0.0,0.0,,,labelled,tier_0,stable
8,vb_V184,numeric,0.0013835909589700807,2,0.0,0.0,,,labelled,tier_0,stable
9,vb_V184,numeric,2.559549432053389e-05,2,0.0,0.0,,,labelled,tier_0,stable
10,vb_V184,numeric,0.0020928630588274203,2,0.0,0.0,,,labelled,tier_0,stable
11,vb_V184,numeric,0.00011229934756429479,2,0.0,0.0,,,labelled,tier_0,stable
12,vb_V184,numeric,3.761621508384101e-05,2,0.0,0.0,,,labelled,tier_0,stable
0,vb_V188,numeric,0.00021997065721607005,2,0.0,0.0,,,labelled,tier_0,stable
1,vb_V188,numeric,0.001070707779013225,2,0.0,0.0,,,labelled,tier_0,stable
2,vb_V188,numeric,2.2394858389423788e-06,2,0.0,0.0,,,labelled,tier_0,stable
3,vb_V188,numeric,0.0032284975196601555,2,0.0,0.0,,,labelled,tier_0,stable
4,vb_V188,numeric,0.0008405625606640404,2,0.0,0.0,,,labelled,tier_0,stable
5,vb_V188,numeric,0.0003747809703313988,2,0.0,0.0,,,labelled,tier_0,stable
6,vb_V188,numeric,4.592949219655347e-07,2,0.0,0.0,,,labelled,tier_0,stable
7,vb_V188,numeric,0.002930541837889672,2,0.0,0.0,,,labelled,tier_0,stable
8,vb_V188,numeric,0.0001948213814409752,2,0.0,0.0,,,labelled,tier_0,stable
9,vb_V188,numeric,2.5440866433079095e-05,2,0.0,0.0,,,labelled,tier_0,stable
10,vb_V188,numeric,9.071161582447872e-05,2,0.0,0.0,,,labelled,tier_0,stable
11,vb_V188,numeric,0.00022422387980289225,2,0.0,0.0,,,labelled,tier_0,stable
12,vb_V188,numeric,5.105139059955251e-05,2,0.0,0.0,,,labelled,tier_0,stable
0,vb_V189,numeric,0.00033999096242957313,2,0.0,0.0,,,labelled,tier_0,stable
1,vb_V189,numeric,0.00136500921621118,2,0.0,0.0,,,labelled,tier_0,stable
2,vb_V189,numeric,3.7773820139943926e-05,2,0.0,0.0,,,labelled,tier_0,stable
3,vb_V189,numeric,0.002386467102627999,2,0.0,0.0,,,labelled,tier_0,stable
4,vb_V189,numeric,0.0006757660369438185,2,0.0,0.0,,,labelled,tier_0,stable
5,vb_V189,numeric,0.00015585083915235025,2,0.0,0.0,,,labelled,tier_0,stable
6,vb_V189,numeric,1.1878576642679985e-06,2,0.0,0.0,,,labelled,tier_0,stable
7,vb_V189,numeric,0.0015666556064408217,2,0.0,0.0,,,labelled,tier_0,stable
8,vb_V189,numeric,0.0003986386194845928,2,0.0,0.0,,,labelled,tier_0,stable
9,vb_V189,numeric,0.00010180766587699368,2,0.0,0.0,,,labelled,tier_0,stable
10,vb_V189,numeric,1.8844196061343763e-05,2,0.0,0.0,,,labelled,tier_0,stable
11,vb_V189,numeric,0.0003869896569437488,2,0.0,0.0,,,labelled,tier_0,stable
12,vb_V189,numeric,4.4078875250717016e-05,2,0.0,0.0,,,labelled,tier_0,stable
0,vb_V194,numeric,6.0853681757340396e-05,2,0.0,0.0,,,labelled,tier_0,stable
1,vb_V194,numeric,0.0003460516793795668,2,0.0,0.0,,,labelled,tier_0,stable
2,vb_V194,numeric,0.0044663343342535985,2,0.0,0.0,,,labelled,tier_0,stable
3,vb_V194,numeric,2.1477912847011252e-05,2,0.0,0.0,,,labelled,tier_0,stable
4,vb_V194,numeric,5.707273507822126e-05,2,0.0,0.0,,,labelled,tier_0,stable
5,vb_V194,numeric,0.0005172069250026992,2,0.0,0.0,,,labelled,tier_0,stable
6,vb_V194,numeric,0.002241334237167319,2,0.0,0.0,,,labelled,tier_0,stable
7,vb_V194,numeric,0.0003229344662800637,2,0.0,0.0,,,labelled,tier_0,stable
8,vb_V194,numeric,0.0017205362600214115,2,0.0,0.0,,,labelled,tier_0,stable
9,vb_V194,numeric,0.00018721717997603448,2,0.0,0.0,,,labelled,tier_0,stable
10,vb_V194,numeric,0.00022349372600855732,2,0.0,0.0,,,labelled,tier_0,stable
11,vb_V194,numeric,0.0018515166269176759,2,0.0,0.0,,,labelled,tier_0,stable
12,vb_V194,numeric,0.0009738730279406557,2,0.0,0.0,,,labelled,tier_0,stable
0,vb_V198,numeric,0.0005708190550847209,2,0.0,0.0,,,labelled,tier_0,stable
1,vb_V198,numeric,0.00034933075969939466,2,0.0,0.0,,,labelled,tier_0,stable
2,vb_V198,numeric,0.002139819095187786,2,0.0,0.0,,,labelled,tier_0,stable
3,vb_V198,numeric,0.0035199454116574087,2,0.0,0.0,,,labelled,tier_0,stable
4,vb_V198,numeric,0.0060010832772794025,2,0.0,0.0,,,labelled,tier_0,stable
5,vb_V198,numeric,0.0008043773872996277,2,0.0,0.0,,,labelled,tier_0,stable
6,vb_V198,numeric,0.0008642598750753728,2,0.0,0.0,,,labelled,tier_0,stable
7,vb_V198,numeric,0.0026964298194177582,2,0.0,0.0,,,labelled,tier_0,stable
8,vb_V198,numeric,0.0001294077818388126,2,0.0,0.0,,,labelled,tier_0,stable
9,vb_V198,numeric,0.0023858409807634476,2,0.0,0.0,,,labelled,tier_0,stable
10,vb_V198,numeric,0.0006317256594013461,2,0.0,0.0,,,labelled,tier_0,stable
11,vb_V198,numeric,9.200013882400452e-05,2,0.0,0.0,,,labelled,tier_0,stable
12,vb_V198,numeric,0.00022003841987460864,2,0.0,0.0,,,labelled,tier_0,stable
0,vb_V200,numeric,0.0006209522088700094,2,0.0,0.0,,,labelled,tier_0,stable
1,vb_V200,numeric,0.0042344631411862154,2,0.0,0.0,,,labelled,tier_0,stable
2,vb_V200,numeric,0.0011499520931381006,2,0.0,0.0,,,labelled,tier_0,stable
3,vb_V200,numeric,0.004598091865342468,2,0.0,0.0,,,labelled,tier_0,stable
4,vb_V200,numeric,0.003659871288228548,2,0.0,0.0,,,labelled,tier_0,stable
5,vb_V200,numeric,0.0028888508347646147,2,0.0,0.0,,,labelled,tier_0,stable
6,vb_V200,numeric,0.0010244287470322327,2,0.0,0.0,,,labelled,tier_0,stable
7,vb_V200,numeric,0.006493538162403255,2,0.0,0.0,,,labelled,tier_0,stable
8,vb_V200,numeric,0.00039924908370531743,2,0.0,0.0,,,labelled,tier_0,stable
9,vb_V200,numeric,3.182934217467263e-07,2,0.0,0.0,,,labelled,tier_0,stable
10,vb_V200,numeric,0.0010723368824487052,2,0.0,0.0,,,labelled,tier_0,stable
11,vb_V200,numeric,0.00028530841903926847,2,0.0,0.0,,,labelled,tier_0,stable
12,vb_V200,numeric,6.606678832904295e-05,2,0.0,0.0,,,labelled,tier_0,stable
0,vb_V208,numeric,0.005878342303533511,2,0.0,0.0,,,labelled,tier_0,stable
1,vb_V208,numeric,0.0032834500147712747,2,0.0,0.0,,,labelled,tier_0,stable
2,vb_V208,numeric,0.0003389024233137249,2,0.0,0.0,,,labelled,tier_0,stable
3,vb_V208,numeric,0.0008128779064459273,2,0.0,0.0,,,labelled,tier_0,stable
4,vb_V208,numeric,0.0025955187226337833,2,0.0,0.0,,,labelled,tier_0,stable
5,vb_V208,numeric,0.0040270153876879565,2,0.0,0.0,,,labelled,tier_0,stable
6,vb_V208,numeric,0.0038125090605174387,2,0.0,0.0,,,labelled,tier_0,stable
7,vb_V208,numeric,0.001335056384406889,2,0.0,0.0,,,labelled,tier_0,stable
8,vb_V208,numeric,0.015652192240584444,2,0.0,0.0,,,labelled,tier_0,stable
9,vb_V208,numeric,0.0009074035930037455,2,0.0,0.0,,,labelled,tier_0,stable
10,vb_V208,numeric,0.07653176594799416,2,0.0,0.0,,,labelled,tier_0,stable
11,vb_V208,numeric,5.775268220962752e-05,2,0.0,0.0,,,labelled,tier_0,stable
12,vb_V208,numeric,0.0017221726986095837,2,0.0,0.0,,,labelled,tier_0,stable
0,vb_V209,numeric,0.006634883517767239,2,0.0,0.0,,,labelled,tier_0,stable
1,vb_V209,numeric,0.0036186566502944503,2,0.0,0.0,,,labelled,tier_0,stable
2,vb_V209,numeric,0.00045478651463810095,2,0.0,0.0,,,labelled,tier_0,stable
3,vb_V209,numeric,0.0005028297283900665,2,0.0,0.0,,,labelled,tier_0,stable
4,vb_V209,numeric,0.002066829939815873,2,0.0,0.0,,,labelled,tier_0,stable
5,vb_V209,numeric,0.0026369313132147123,2,0.0,0.0,,,labelled,tier_0,stable
6,vb_V209,numeric,0.003317971630452028,2,0.0,0.0,,,labelled,tier_0,stable
7,vb_V209,numeric,0.0017876337676872931,2,0.0,0.0,,,labelled,tier_0,stable
8,vb_V209,numeric,0.0135356987744613,2,0.0,0.0,,,labelled,tier_0,stable
9,vb_V209,numeric,0.0005262588527954969,2,0.0,0.0,,,labelled,tier_0,stable
10,vb_V209,numeric,0.07182756497094775,2,0.0,0.0,,,labelled,tier_0,stable
11,vb_V209,numeric,0.0002173407471395733,2,0.0,0.0,,,labelled,tier_0,stable
12,vb_V209,numeric,0.0016184557010782282,2,0.0,0.0,,,labelled,tier_0,stable
0,vb_V217,numeric,0.00815726531454078,2,0.0,0.0,,,labelled,tier_0,stable
1,vb_V217,numeric,0.012689588443042443,2,0.0,0.0,,,labelled,tier_0,stable
2,vb_V217,numeric,0.006217148449194017,2,0.0,0.0,,,labelled,tier_0,stable
3,vb_V217,numeric,0.013473743651473368,2,0.0,0.0,,,labelled,tier_0,stable
4,vb_V217,numeric,0.015964632816543388,2,0.0,0.0,,,labelled,tier_0,stable
5,vb_V217,numeric,0.00409528088166543,2,0.0,0.0,,,labelled,tier_0,stable
6,vb_V217,numeric,0.006773650806499056,2,0.0,0.0,,,labelled,tier_0,stable
7,vb_V217,numeric,0.009649812506190968,2,0.0,0.0,,,labelled,tier_0,stable
8,vb_V217,numeric,0.01352945038514136,2,0.0,0.0,,,labelled,tier_0,stable
9,vb_V217,numeric,0.00016822880637766216,2,0.0,0.0,,,labelled,tier_0,stable
10,vb_V217,numeric,0.0060364562402679825,2,0.0,0.0,,,labelled,tier_0,stable
11,vb_V217,numeric,0.0015649339986072905,2,0.0,0.0,,,labelled,tier_0,stable
12,vb_V217,numeric,0.0010561613896895871,2,0.0,0.0,,,labelled,tier_0,stable
0,vb_V218,numeric,0.011539347688877332,2,0.0,0.0,,,labelled,tier_0,stable
1,vb_V218,numeric,0.015644798209559548,2,0.0,0.0,,,labelled,tier_0,stable
2,vb_V218,numeric,0.007235415867130979,2,0.0,0.0,,,labelled,tier_0,stable
3,vb_V218,numeric,0.012930841233489284,2,0.0,0.0,,,labelled,tier_0,stable
4,vb_V218,numeric,0.016971235828894694,2,0.0,0.0,,,labelled,tier_0,stable
5,vb_V218,numeric,0.004257163090495168,2,0.0,0.0,,,labelled,tier_0,stable
6,vb_V218,numeric,0.0076599173525222245,2,0.0,0.0,,,labelled,tier_0,stable
7,vb_V218,numeric,0.011145748920851722,2,0.0,0.0,,,labelled,tier_0,stable
8,vb_V218,numeric,0.009579917555426073,2,0.0,0.0,,,labelled,tier_0,stable
9,vb_V218,numeric,0.0003159614856746448,2,0.0,0.0,,,labelled,tier_0,stable
10,vb_V218,numeric,0.005755089804556499,2,0.0,0.0,,,labelled,tier_0,stable
11,vb_V218,numeric,0.0013991091877100282,2,0.0,0.0,,,labelled,tier_0,stable
12,vb_V218,numeric,0.0012471675317738806,2,0.0,0.0,,,labelled,tier_0,stable
0,vb_V219,numeric,0.009481029431408498,2,0.0,0.0,,,labelled,tier_0,stable
1,vb_V219,numeric,0.0147274264498048,2,0.0,0.0,,,labelled,tier_0,stable
2,vb_V219,numeric,0.006720286723765253,2,0.0,0.0,,,labelled,tier_0,stable
3,vb_V219,numeric,0.012997978296950548,2,0.0,0.0,,,labelled,tier_0,stable
4,vb_V219,numeric,0.016640744508961334,2,0.0,0.0,,,labelled,tier_0,stable
5,vb_V219,numeric,0.003906984865217755,2,0.0,0.0,,,labelled,tier_0,stable
6,vb_V219,numeric,0.0066600721487191684,2,0.0,0.0,,,labelled,tier_0,stable
7,vb_V219,numeric,0.01024341045265521,2,0.0,0.0,,,labelled,tier_0,stable
8,vb_V219,numeric,0.011400880171877964,2,0.0,0.0,,,labelled,tier_0,stable
9,vb_V219,numeric,0.0001815716673069469,2,0.0,0.0,,,labelled,tier_0,stable
10,vb_V219,numeric,0.006035018749846078,2,0.0,0.0,,,labelled,tier_0,stable
11,vb_V219,numeric,0.001566286589099647,2,0.0,0.0,,,labelled,tier_0,stable
12,vb_V219,numeric,0.0008501572134614981,2,0.0,0.0,,,labelled,tier_0,stable
0,vb_V223,numeric,0.003923231879758551,2,0.0,0.0,,,labelled,tier_0,stable
1,vb_V223,numeric,0.006370515767001162,2,0.0,0.0,,,labelled,tier_0,stable
2,vb_V223,numeric,0.0029964615478995636,2,0.0,0.0,,,labelled,tier_0,stable
3,vb_V223,numeric,0.0077087380232994706,2,0.0,0.0,,,labelled,tier_0,stable
4,vb_V223,numeric,0.008284829759556193,2,0.0,0.0,,,labelled,tier_0,stable
5,vb_V223,numeric,0.0057059262503959315,2,0.0,0.0,,,labelled,tier_0,stable
6,vb_V223,numeric,0.004534760077197041,2,0.0,0.0,,,labelled,tier_0,stable
7,vb_V223,numeric,0.005309079432056681,2,0.0,0.0,,,labelled,tier_0,stable
8,vb_V223,numeric,0.010427881918695751,2,0.0,0.0,,,labelled,tier_0,stable
9,vb_V223,numeric,0.00011795347297861863,2,0.0,0.0,,,labelled,tier_0,stable
10,vb_V223,numeric,0.00440612993629376,2,0.0,0.0,,,labelled,tier_0,stable
11,vb_V223,numeric,0.006480701619011997,2,0.0,0.0,,,labelled,tier_0,stable
12,vb_V223,numeric,0.003982982759832477,2,0.0,0.0,,,labelled,tier_0,stable
0,vb_V226,numeric,0.003716697052201841,2,0.0,0.0,,,labelled,tier_0,stable
1,vb_V226,numeric,0.008372197675503408,2,0.0,0.0,,,labelled,tier_0,stable
2,vb_V226,numeric,0.004432800634036489,2,0.0,0.0,,,labelled,tier_0,stable
3,vb_V226,numeric,0.004702235164158286,2,0.0,0.0,,,labelled,tier_0,stable
4,vb_V226,numeric,0.005184890149604898,2,0.0,0.0,,,labelled,tier_0,stable
5,vb_V226,numeric,0.00011507816841012998,2,0.0,0.0,,,labelled,tier_0,stable
6,vb_V226,numeric,0.0013032075700705286,2,0.0,0.0,,,labelled,tier_0,stable
7,vb_V226,numeric,0.0028326028002373387,2,0.0,0.0,,,labelled,tier_0,stable
8,vb_V226,numeric,0.026956034076197944,2,0.0,0.0,,,labelled,tier_0,stable
9,vb_V226,numeric,0.0007843513700059578,2,0.0,0.0,,,labelled,tier_0,stable
10,vb_V226,numeric,0.005672364694470477,2,0.0,0.0,,,labelled,tier_0,stable
11,vb_V226,numeric,0.00017106062326229738,2,0.0,0.0,,,labelled,tier_0,stable
12,vb_V226,numeric,3.6276307403332854e-06,2,0.0,0.0,,,labelled,tier_0,stable
0,vb_V228,numeric,0.0029799428308255015,2,0.0,0.0,,,labelled,tier_0,stable
1,vb_V228,numeric,0.0041343546108260285,2,0.0,0.0,,,labelled,tier_0,stable
2,vb_V228,numeric,0.0019429598854998223,2,0.0,0.0,,,labelled,tier_0,stable
3,vb_V228,numeric,0.005654715898561084,2,0.0,0.0,,,labelled,tier_0,stable
4,vb_V228,numeric,0.006952880405923154,2,0.0,0.0,,,labelled,tier_0,stable
5,vb_V228,numeric,0.001959980256460533,2,0.0,0.0,,,labelled,tier_0,stable
6,vb_V228,numeric,0.0018147703664060657,2,0.0,0.0,,,labelled,tier_0,stable
7,vb_V228,numeric,0.00423713890147641,2,0.0,0.0,,,labelled,tier_0,stable
8,vb_V228,numeric,0.014253220088430014,2,0.0,0.0,,,labelled,tier_0,stable
9,vb_V228,numeric,0.00022794072922968317,2,0.0,0.0,,,labelled,tier_0,stable
10,vb_V228,numeric,0.0017196346754283116,2,0.0,0.0,,,labelled,tier_0,stable
11,vb_V228,numeric,7.5822290759964315e-06,2,0.0,0.0,,,labelled,tier_0,stable
12,vb_V228,numeric,5.531509466718216e-05,2,0.0,0.0,,,labelled,tier_0,stable
0,vb_V232,numeric,0.004012850770964428,2,0.0,0.0,,,labelled,tier_0,stable
1,vb_V232,numeric,0.007046062492317475,2,0.0,0.0,,,labelled,tier_0,stable
2,vb_V232,numeric,0.002121421283944975,2,0.0,0.0,,,labelled,tier_0,stable
3,vb_V232,numeric,0.008656582797012626,2,0.0,0.0,,,labelled,tier_0,stable
4,vb_V232,numeric,0.007153239366646522,2,0.0,0.0,,,labelled,tier_0,stable
5,vb_V232,numeric,0.003772575182441766,2,0.0,0.0,,,labelled,tier_0,stable
6,vb_V232,numeric,0.003079947829605781,2,0.0,0.0,,,labelled,tier_0,stable
7,vb_V232,numeric,0.004542877938968468,2,0.0,0.0,,,labelled,tier_0,stable
8,vb_V232,numeric,0.01555137585189007,2,0.0,0.0,,,labelled,tier_0,stable
9,vb_V232,numeric,0.00031518327710627534,2,0.0,0.0,,,labelled,tier_0,stable
10,vb_V232,numeric,0.0015843651402332858,2,0.0,0.0,,,labelled,tier_0,stable
11,vb_V232,numeric,0.00016456543794120636,2,0.0,0.0,,,labelled,tier_0,stable
12,vb_V232,numeric,0.0011204719074637984,2,0.0,0.0,,,labelled,tier_0,stable
0,vb_V233,numeric,0.0037446969755722237,2,0.0,0.0,,,labelled,tier_0,stable
1,vb_V233,numeric,0.0068332956842240035,2,0.0,0.0,,,labelled,tier_0,stable
2,vb_V233,numeric,0.00213858177069477,2,0.0,0.0,,,labelled,tier_0,stable
3,vb_V233,numeric,0.008396741888714034,2,0.0,0.0,,,labelled,tier_0,stable
4,vb_V233,numeric,0.0071014691645872405,2,0.0,0.0,,,labelled,tier_0,stable
5,vb_V233,numeric,0.0033682806296858343,2,0.0,0.0,,,labelled,tier_0,stable
6,vb_V233,numeric,0.0027483080711445214,2,0.0,0.0,,,labelled,tier_0,stable
7,vb_V233,numeric,0.004743331660499647,2,0.0,0.0,,,labelled,tier_0,stable
8,vb_V233,numeric,0.016773610064451057,2,0.0,0.0,,,labelled,tier_0,stable
9,vb_V233,numeric,0.00027016609126976623,2,0.0,0.0,,,labelled,tier_0,stable
10,vb_V233,numeric,0.0018947634714413578,2,0.0,0.0,,,labelled,tier_0,stable
11,vb_V233,numeric,0.0001615585948469489,2,0.0,0.0,,,labelled,tier_0,stable
12,vb_V233,numeric,0.0008936436911980073,2,0.0,0.0,,,labelled,tier_0,stable
0,vb_V235,numeric,0.0049131194441430215,2,0.0,0.0,,,labelled,tier_0,stable
1,vb_V235,numeric,0.008972812564098497,2,0.0,0.0,,,labelled,tier_0,stable
2,vb_V235,numeric,0.004620269821850206,2,0.0,0.0,,,labelled,tier_0,stable
3,vb_V235,numeric,0.004871216160371351,2,0.0,0.0,,,labelled,tier_0,stable
4,vb_V235,numeric,0.00582394657682072,2,0.0,0.0,,,labelled,tier_0,stable
5,vb_V235,numeric,0.0004031508045696268,2,0.0,0.0,,,labelled,tier_0,stable
6,vb_V235,numeric,0.0018746643222513175,2,0.0,0.0,,,labelled,tier_0,stable
7,vb_V235,numeric,0.003586334563491809,2,0.0,0.0,,,labelled,tier_0,stable
8,vb_V235,numeric,0.025721985056954146,2,0.0,0.0,,,labelled,tier_0,stable
9,vb_V235,numeric,6.357841941373005e-07,2,0.0,0.0,,,labelled,tier_0,stable
10,vb_V235,numeric,0.0032232460983835703,2,0.0,0.0,,,labelled,tier_0,stable
11,vb_V235,numeric,0.00033694592771811306,2,0.0,0.0,,,labelled,tier_0,stable
12,vb_V235,numeric,0.00021451636454104087,2,0.0,0.0,,,labelled,tier_0,stable
0,vb_V236,numeric,0.006456087480303788,2,0.0,0.0,,,labelled,tier_0,stable
1,vb_V236,numeric,0.011914228108946115,2,0.0,0.0,,,labelled,tier_0,stable
2,vb_V236,numeric,0.005052689413308725,2,0.0,0.0,,,labelled,tier_0,stable
3,vb_V236,numeric,0.005711373745143508,2,0.0,0.0,,,labelled,tier_0,stable
4,vb_V236,numeric,0.0075151449018888055,2,0.0,0.0,,,labelled,tier_0,stable
5,vb_V236,numeric,0.0006560182404606961,2,0.0,0.0,,,labelled,tier_0,stable
6,vb_V236,numeric,0.0008868568268457033,2,0.0,0.0,,,labelled,tier_0,stable
7,vb_V236,numeric,0.003774718368301974,2,0.0,0.0,,,labelled,tier_0,stable
8,vb_V236,numeric,0.022283875573308003,2,0.0,0.0,,,labelled,tier_0,stable
9,vb_V236,numeric,2.315540413743173e-05,2,0.0,0.0,,,labelled,tier_0,stable
10,vb_V236,numeric,0.0035134436044317804,2,0.0,0.0,,,labelled,tier_0,stable
11,vb_V236,numeric,0.0003499216200528106,2,0.0,0.0,,,labelled,tier_0,stable
12,vb_V236,numeric,3.8876875415193974e-05,2,0.0,0.0,,,labelled,tier_0,stable
0,vb_V237,numeric,0.0052932240546317766,2,0.0,0.0,,,labelled,tier_0,stable
1,vb_V237,numeric,0.010434151236564122,2,0.0,0.0,,,labelled,tier_0,stable
2,vb_V237,numeric,0.005207568588324317,2,0.0,0.0,,,labelled,tier_0,stable
3,vb_V237,numeric,0.005798419435610679,2,0.0,0.0,,,labelled,tier_0,stable
4,vb_V237,numeric,0.0063514337342198465,2,0.0,0.0,,,labelled,tier_0,stable
5,vb_V237,numeric,0.0004977363666840928,2,0.0,0.0,,,labelled,tier_0,stable
6,vb_V237,numeric,0.0014424888872664676,2,0.0,0.0,,,labelled,tier_0,stable
7,vb_V237,numeric,0.0034336166251589407,2,0.0,0.0,,,labelled,tier_0,stable
8,vb_V237,numeric,0.02446944939489004,2,0.0,0.0,,,labelled,tier_0,stable
9,vb_V237,numeric,9.818187076374718e-06,2,0.0,0.0,,,labelled,tier_0,stable
10,vb_V237,numeric,0.0035458861130817604,2,0.0,0.0,,,labelled,tier_0,stable
11,vb_V237,numeric,0.00035045030460368606,2,0.0,0.0,,,labelled,tier_0,stable
12,vb_V237,numeric,0.00010422553110796375,2,0.0,0.0,,,labelled,tier_0,stable
0,vb_V240,numeric,0.0010570054731848504,2,0.0,0.0,,,labelled,tier_0,stable
1,vb_V240,numeric,1.9110709259210338e-05,2,0.0,0.0,,,labelled,tier_0,stable
2,vb_V240,numeric,0.00012492918411149127,2,0.0,0.0,,,labelled,tier_0,stable
3,vb_V240,numeric,0.00011877964898533751,2,0.0,0.0,,,labelled,tier_0,stable
4,vb_V240,numeric,0.0001133497598993247,2,0.0,0.0,,,labelled,tier_0,stable
5,vb_V240,numeric,0.0010570054731848504,2,0.0,0.0,,,labelled,tier_0,stable
6,vb_V240,numeric,4.927654226392614e-06,2,0.0,0.0,,,labelled,tier_0,stable
7,vb_V240,numeric,0.0010570054731848504,2,0.0,0.0,,,labelled,tier_0,stable
8,vb_V240,numeric,2.6384547237055397e-05,2,0.0,0.0,,,labelled,tier_0,stable
9,vb_V240,numeric,0.0010570054731848504,2,0.0,0.0,,,labelled,tier_0,stable
10,vb_V240,numeric,0.00036769079045436277,2,0.0,0.0,,,labelled,tier_0,stable
11,vb_V240,numeric,0.0010570054731848504,2,0.0,0.0,,,labelled,tier_0,stable
12,vb_V240,numeric,9.880444830972404e-05,2,0.0,0.0,,,labelled,tier_0,stable
0,vb_V241,numeric,0.00026358700409593195,2,0.0,0.0,,,labelled,tier_0,stable
1,vb_V241,numeric,9.106578183857593e-07,2,0.0,0.0,,,labelled,tier_0,stable
2,vb_V241,numeric,0.00026358700409593195,2,0.0,0.0,,,labelled,tier_0,stable
3,vb_V241,numeric,0.00026358700409593195,2,0.0,0.0,,,labelled,tier_0,stable
4,vb_V241,numeric,0.00026358700409593195,2,0.0,0.0,,,labelled,tier_0,stable
5,vb_V241,numeric,0.00026358700409593195,2,0.0,0.0,,,labelled,tier_0,stable
6,vb_V241,numeric,0.00021732218526075313,2,0.0,0.0,,,labelled,tier_0,stable
7,vb_V241,numeric,0.00026358700409593195,2,0.0,0.0,,,labelled,tier_0,stable
8,vb_V241,numeric,0.00026358700409593195,2,0.0,0.0,,,labelled,tier_0,stable
9,vb_V241,numeric,0.00026358700409593195,2,0.0,0.0,,,labelled,tier_0,stable
10,vb_V241,numeric,0.00026358700409593195,2,0.0,0.0,,,labelled,tier_0,stable
11,vb_V241,numeric,0.00026358700409593195,2,0.0,0.0,,,labelled,tier_0,stable
12,vb_V241,numeric,0.00012423344331453036,2,0.0,0.0,,,labelled,tier_0,stable
0,vb_V242,numeric,7.721752159179877e-05,2,0.0,0.0,,,labelled,tier_0,stable
1,vb_V242,numeric,0.0013735276716186622,2,0.0,0.0,,,labelled,tier_0,stable
2,vb_V242,numeric,0.0005434070215796157,2,0.0,0.0,,,labelled,tier_0,stable
3,vb_V242,numeric,0.006684766513387741,2,0.0,0.0,,,labelled,tier_0,stable
4,vb_V242,numeric,0.003994713796026685,2,0.0,0.0,,,labelled,tier_0,stable
5,vb_V242,numeric,0.0008413768059137279,2,0.0,0.0,,,labelled,tier_0,stable
6,vb_V242,numeric,8.714095564040573e-06,2,0.0,0.0,,,labelled,tier_0,stable
7,vb_V242,numeric,0.002984767570440972,2,0.0,0.0,,,labelled,tier_0,stable
8,vb_V242,numeric,2.807730917452827e-05,2,0.0,0.0,,,labelled,tier_0,stable
9,vb_V242,numeric,0.00024285310687183683,2,0.0,0.0,,,labelled,tier_0,stable
10,vb_V242,numeric,0.0005784371181799286,2,0.0,0.0,,,labelled,tier_0,stable
11,vb_V242,numeric,1.0278304535134446e-05,2,0.0,0.0,,,labelled,tier_0,stable
12,vb_V242,numeric,0.00011566762397257801,2,0.0,0.0,,,labelled,tier_0,stable
0,vb_V246,numeric,0.0004249034363011998,2,0.0,0.0,,,labelled,tier_0,stable
1,vb_V246,numeric,0.001962236805590897,2,0.0,0.0,,,labelled,tier_0,stable
2,vb_V246,numeric,0.0008486780344886317,2,0.0,0.0,,,labelled,tier_0,stable
3,vb_V246,numeric,0.004320906263137024,2,0.0,0.0,,,labelled,tier_0,stable
4,vb_V246,numeric,0.003837043263125797,2,0.0,0.0,,,labelled,tier_0,stable
5,vb_V246,numeric,0.0016457163073413867,2,0.0,0.0,,,labelled,tier_0,stable
6,vb_V246,numeric,0.00020486605624673698,2,0.0,0.0,,,labelled,tier_0,stable
7,vb_V246,numeric,0.002563577859992796,2,0.0,0.0,,,labelled,tier_0,stable
8,vb_V246,numeric,0.001497070543026671,2,0.0,0.0,,,labelled,tier_0,stable
9,vb_V246,numeric,1.586483812725704e-05,2,0.0,0.0,,,labelled,tier_0,stable
10,vb_V246,numeric,0.0003930261663468219,2,0.0,0.0,,,labelled,tier_0,stable
11,vb_V246,numeric,8.822567901066794e-07,2,0.0,0.0,,,labelled,tier_0,stable
12,vb_V246,numeric,5.839131687716837e-06,2,0.0,0.0,,,labelled,tier_0,stable
0,vb_V247,numeric,0.0007565116888153395,2,0.0,0.0,,,labelled,tier_0,stable
1,vb_V247,numeric,0.000457225323739163,2,0.0,0.0,,,labelled,tier_0,stable
2,vb_V247,numeric,0.005997958017608129,2,0.0,0.0,,,labelled,tier_0,stable
3,vb_V247,numeric,0.00010915691950872533,2,0.0,0.0,,,labelled,tier_0,stable
4,vb_V247,numeric,0.00013616650885626838,2,0.0,0.0,,,labelled,tier_0,stable
5,vb_V247,numeric,0.000492091293617351,2,0.0,0.0,,,labelled,tier_0,stable
6,vb_V247,numeric,0.0002877318169299625,2,0.0,0.0,,,labelled,tier_0,stable
7,vb_V247,numeric,0.000879742456963195,2,0.0,0.0,,,labelled,tier_0,stable
8,vb_V247,numeric,0.0019522410784270868,2,0.0,0.0,,,labelled,tier_0,stable
9,vb_V247,numeric,0.0011674194857165176,2,0.0,0.0,,,labelled,tier_0,stable
10,vb_V247,numeric,0.0012457375108758596,2,0.0,0.0,,,labelled,tier_0,stable
11,vb_V247,numeric,5.107419909297256e-05,2,0.0,0.0,,,labelled,tier_0,stable
12,vb_V247,numeric,2.221791233992225e-05,2,0.0,0.0,,,labelled,tier_0,stable
0,vb_V249,numeric,0.0005111421734961564,2,0.0,0.0,,,labelled,tier_0,stable
1,vb_V249,numeric,9.142739553483705e-05,2,0.0,0.0,,,labelled,tier_0,stable
2,vb_V249,numeric,0.0048693501817814455,2,0.0,0.0,,,labelled,tier_0,stable
3,vb_V249,numeric,0.00042662300597618867,2,0.0,0.0,,,labelled,tier_0,stable
4,vb_V249,numeric,0.0003110074512535358,2,0.0,0.0,,,labelled,tier_0,stable
5,vb_V249,numeric,0.0004388391506920731,2,0.0,0.0,,,labelled,tier_0,stable
6,vb_V249,numeric,0.0002748095598865193,2,0.0,0.0,,,labelled,tier_0,stable
7,vb_V249,numeric,0.0017198370240653492,2,0.0,0.0,,,labelled,tier_0,stable
8,vb_V249,numeric,0.001571894710481684,2,0.0,0.0,,,labelled,tier_0,stable
9,vb_V249,numeric,0.002141155692227049,2,0.0,0.0,,,labelled,tier_0,stable
10,vb_V249,numeric,0.0012489050649338342,2,0.0,0.0,,,labelled,tier_0,stable
11,vb_V249,numeric,4.962911367341489e-07,2,0.0,0.0,,,labelled,tier_0,stable
12,vb_V249,numeric,5.950485124407942e-05,2,0.0,0.0,,,labelled,tier_0,stable
0,vb_V252,numeric,0.0027976304116209983,2,0.0,0.0,,,labelled,tier_0,stable
1,vb_V252,numeric,0.0008859589338986014,2,0.0,0.0,,,labelled,tier_0,stable
2,vb_V252,numeric,0.0036254220935363845,2,0.0,0.0,,,labelled,tier_0,stable
3,vb_V252,numeric,0.005071890495413023,2,0.0,0.0,,,labelled,tier_0,stable
4,vb_V252,numeric,0.00525090093590537,2,0.0,0.0,,,labelled,tier_0,stable
5,vb_V252,numeric,0.0030658013550457675,2,0.0,0.0,,,labelled,tier_0,stable
6,vb_V252,numeric,0.001233179100413085,2,0.0,0.0,,,labelled,tier_0,stable
7,vb_V252,numeric,0.0031920250864558943,2,0.0,0.0,,,labelled,tier_0,stable
8,vb_V252,numeric,0.0003763081650824424,2,0.0,0.0,,,labelled,tier_0,stable
9,vb_V252,numeric,0.0035154133241783268,2,0.0,0.0,,,labelled,tier_0,stable
10,vb_V252,numeric,0.002719803378714855,2,0.0,0.0,,,labelled,tier_0,stable
11,vb_V252,numeric,0.0001588746975313779,2,0.0,0.0,,,labelled,tier_0,stable
12,vb_V252,numeric,4.438123658942478e-05,2,0.0,0.0,,,labelled,tier_0,stable
0,vb_V257,numeric,0.0010834201373747495,2,0.0,0.0,,,labelled,tier_0,stable
1,vb_V257,numeric,0.003782062787107573,2,0.0,0.0,,,labelled,tier_0,stable
2,vb_V257,numeric,0.002314851280311446,2,0.0,0.0,,,labelled,tier_0,stable
3,vb_V257,numeric,0.006683142671954941,2,0.0,0.0,,,labelled,tier_0,stable
4,vb_V257,numeric,0.006123088721908707,2,0.0,0.0,,,labelled,tier_0,stable
5,vb_V257,numeric,0.0033965216595039124,2,0.0,0.0,,,labelled,tier_0,stable
6,vb_V257,numeric,0.0011350009116439421,2,0.0,0.0,,,labelled,tier_0,stable
7,vb_V257,numeric,0.0034640588214318703,2,0.0,0.0,,,labelled,tier_0,stable
8,vb_V257,numeric,0.015075293131305413,2,0.0,0.0,,,labelled,tier_0,stable
9,vb_V257,numeric,0.000481416413833464,2,0.0,0.0,,,labelled,tier_0,stable
10,vb_V257,numeric,0.0015530702936605908,2,0.0,0.0,,,labelled,tier_0,stable
11,vb_V257,numeric,7.114960201476134e-05,2,0.0,0.0,,,labelled,tier_0,stable
12,vb_V257,numeric,9.478024427954922e-05,2,0.0,0.0,,,labelled,tier_0,stable
0,vb_V258,numeric,0.002064361221371253,2,0.0,0.0,,,labelled,tier_0,stable
1,vb_V258,numeric,0.005791832517573017,2,0.0,0.0,,,labelled,tier_0,stable
2,vb_V258,numeric,0.002973280497377025,2,0.0,0.0,,,labelled,tier_0,stable
3,vb_V258,numeric,0.009000641825669838,2,0.0,0.0,,,labelled,tier_0,stable
4,vb_V258,numeric,0.0074587820471269965,2,0.0,0.0,,,labelled,tier_0,stable
5,vb_V258,numeric,0.0029558113252976443,2,0.0,0.0,,,labelled,tier_0,stable
6,vb_V258,numeric,0.0015276687524563139,2,0.0,0.0,,,labelled,tier_0,stable
7,vb_V258,numeric,0.0042619491047545185,2,0.0,0.0,,,labelled,tier_0,stable
8,vb_V258,numeric,0.01873701910485114,2,0.0,0.0,,,labelled,tier_0,stable
9,vb_V258,numeric,0.0009630098007870337,2,0.0,0.0,,,labelled,tier_0,stable
10,vb_V258,numeric,0.0017592504757834924,2,0.0,0.0,,,labelled,tier_0,stable
11,vb_V258,numeric,0.0002646279176726422,2,0.0,0.0,,,labelled,tier_0,stable
12,vb_V258,numeric,0.000229445128500423,2,0.0,0.0,,,labelled,tier_0,stable
0,vb_V260,numeric,0.0006240792089552287,2,0.0,0.0,,,labelled,tier_0,stable
1,vb_V260,numeric,0.002406179602061986,2,0.0,0.0,,,labelled,tier_0,stable
2,vb_V260,numeric,0.0008770372603458523,2,0.0,0.0,,,labelled,tier_0,stable
3,vb_V260,numeric,0.005619282993140949,2,0.0,0.0,,,labelled,tier_0,stable
4,vb_V260,numeric,0.004526868430520849,2,0.0,0.0,,,labelled,tier_0,stable
5,vb_V260,numeric,0.003350911215749691,2,0.0,0.0,,,labelled,tier_0,stable
6,vb_V260,numeric,0.00034465594427850844,2,0.0,0.0,,,labelled,tier_0,stable
7,vb_V260,numeric,0.0005062551712628508,2,0.0,0.0,,,labelled,tier_0,stable
8,vb_V260,numeric,0.025990037298423103,2,0.0,0.0,,,labelled,tier_0,stable
9,vb_V260,numeric,0.0007436851221035166,2,0.0,0.0,,,labelled,tier_0,stable
10,vb_V260,numeric,0.0016377708274166183,2,0.0,0.0,,,labelled,tier_0,stable
11,vb_V260,numeric,0.0007406069541274882,2,0.0,0.0,,,labelled,tier_0,stable
12,vb_V260,numeric,2.8540827929983487e-05,2,0.0,0.0,,,labelled,tier_0,stable
0,vb_V261,numeric,0.0030460632992650757,2,0.0,0.0,,,labelled,tier_0,stable
1,vb_V261,numeric,0.0024978333559670545,2,0.0,0.0,,,labelled,tier_0,stable
2,vb_V261,numeric,0.0027904549887878506,2,0.0,0.0,,,labelled,tier_0,stable
3,vb_V261,numeric,0.008387490018851234,2,0.0,0.0,,,labelled,tier_0,stable
4,vb_V261,numeric,0.004386071463497378,2,0.0,0.0,,,labelled,tier_0,stable
5,vb_V261,numeric,0.0012690130465365212,2,0.0,0.0,,,labelled,tier_0,stable
6,vb_V261,numeric,0.002085805545552702,2,0.0,0.0,,,labelled,tier_0,stable
7,vb_V261,numeric,0.0027707918648185105,2,0.0,0.0,,,labelled,tier_0,stable
8,vb_V261,numeric,0.019091480789576433,2,0.0,0.0,,,labelled,tier_0,stable
9,vb_V261,numeric,0.002558941888282961,2,0.0,0.0,,,labelled,tier_0,stable
10,vb_V261,numeric,0.002312754601194571,2,0.0,0.0,,,labelled,tier_0,stable
11,vb_V261,numeric,0.0009954448300144073,2,0.0,0.0,,,labelled,tier_0,stable
12,vb_V261,numeric,0.00035306903630196373,2,0.0,0.0,,,labelled,tier_0,stable
0,vb_V262,numeric,0.001231109858230213,2,0.0,0.0,,,labelled,tier_0,stable
1,vb_V262,numeric,0.0019898517716977625,2,0.0,0.0,,,labelled,tier_0,stable
2,vb_V262,numeric,0.0017447106479402967,2,0.0,0.0,,,labelled,tier_0,stable
3,vb_V262,numeric,0.008655751369696664,2,0.0,0.0,,,labelled,tier_0,stable
4,vb_V262,numeric,0.00345730301196435,2,0.0,0.0,,,labelled,tier_0,stable
5,vb_V262,numeric,0.0008427537801238396,2,0.0,0.0,,,labelled,tier_0,stable
6,vb_V262,numeric,0.0008500478089932638,2,0.0,0.0,,,labelled,tier_0,stable
7,vb_V262,numeric,0.0023145489955598273,2,0.0,0.0,,,labelled,tier_0,stable
8,vb_V262,numeric,0.02610667740213107,2,0.0,0.0,,,labelled,tier_0,stable
9,vb_V262,numeric,0.002484735770906571,2,0.0,0.0,,,labelled,tier_0,stable
10,vb_V262,numeric,0.002236228050452668,2,0.0,0.0,,,labelled,tier_0,stable
11,vb_V262,numeric,0.001163065439617278,2,0.0,0.0,,,labelled,tier_0,stable
12,vb_V262,numeric,0.0001018233322966328,2,0.0,0.0,,,labelled,tier_0,stable
0,vb_V263,numeric,0.00815726531454078,2,0.0,0.0,,,labelled,tier_0,stable
1,vb_V263,numeric,0.012689588443042443,2,0.0,0.0,,,labelled,tier_0,stable
2,vb_V263,numeric,0.006217148449194017,2,0.0,0.0,,,labelled,tier_0,stable
3,vb_V263,numeric,0.013473743651473368,2,0.0,0.0,,,labelled,tier_0,stable
4,vb_V263,numeric,0.015964632816543388,2,0.0,0.0,,,labelled,tier_0,stable
5,vb_V263,numeric,0.00409528088166543,2,0.0,0.0,,,labelled,tier_0,stable
6,vb_V263,numeric,0.006773650806499056,2,0.0,0.0,,,labelled,tier_0,stable
7,vb_V263,numeric,0.009649812506190968,2,0.0,0.0,,,labelled,tier_0,stable
8,vb_V263,numeric,0.01352945038514136,2,0.0,0.0,,,labelled,tier_0,stable
9,vb_V263,numeric,0.00016822880637766216,2,0.0,0.0,,,labelled,tier_0,stable
10,vb_V263,numeric,0.0060364562402679825,2,0.0,0.0,,,labelled,tier_0,stable
11,vb_V263,numeric,0.0015649339986072905,2,0.0,0.0,,,labelled,tier_0,stable
12,vb_V263,numeric,0.0010561613896895871,2,0.0,0.0,,,labelled,tier_0,stable
0,vb_V264,numeric,0.011539347688877332,2,0.0,0.0,,,labelled,tier_0,stable
1,vb_V264,numeric,0.015644798209559548,2,0.0,0.0,,,labelled,tier_0,stable
2,vb_V264,numeric,0.007235415867130979,2,0.0,0.0,,,labelled,tier_0,stable
3,vb_V264,numeric,0.012930841233489284,2,0.0,0.0,,,labelled,tier_0,stable
4,vb_V264,numeric,0.016971235828894694,2,0.0,0.0,,,labelled,tier_0,stable
5,vb_V264,numeric,0.004257163090495168,2,0.0,0.0,,,labelled,tier_0,stable
6,vb_V264,numeric,0.0076599173525222245,2,0.0,0.0,,,labelled,tier_0,stable
7,vb_V264,numeric,0.011145748920851722,2,0.0,0.0,,,labelled,tier_0,stable
8,vb_V264,numeric,0.009579917555426073,2,0.0,0.0,,,labelled,tier_0,stable
9,vb_V264,numeric,0.0003159614856746448,2,0.0,0.0,,,labelled,tier_0,stable
10,vb_V264,numeric,0.005755089804556499,2,0.0,0.0,,,labelled,tier_0,stable
11,vb_V264,numeric,0.0013991091877100282,2,0.0,0.0,,,labelled,tier_0,stable
12,vb_V264,numeric,0.0012471675317738806,2,0.0,0.0,,,labelled,tier_0,stable
0,vb_V265,numeric,0.009481029431408498,2,0.0,0.0,,,labelled,tier_0,stable
1,vb_V265,numeric,0.0147274264498048,2,0.0,0.0,,,labelled,tier_0,stable
2,vb_V265,numeric,0.006720286723765253,2,0.0,0.0,,,labelled,tier_0,stable
3,vb_V265,numeric,0.012997978296950548,2,0.0,0.0,,,labelled,tier_0,stable
4,vb_V265,numeric,0.016640744508961334,2,0.0,0.0,,,labelled,tier_0,stable
5,vb_V265,numeric,0.003906984865217755,2,0.0,0.0,,,labelled,tier_0,stable
6,vb_V265,numeric,0.0066600721487191684,2,0.0,0.0,,,labelled,tier_0,stable
7,vb_V265,numeric,0.01024341045265521,2,0.0,0.0,,,labelled,tier_0,stable
8,vb_V265,numeric,0.011400880171877964,2,0.0,0.0,,,labelled,tier_0,stable
9,vb_V265,numeric,0.0001815716673069469,2,0.0,0.0,,,labelled,tier_0,stable
10,vb_V265,numeric,0.006035018749846078,2,0.0,0.0,,,labelled,tier_0,stable
11,vb_V265,numeric,0.001566286589099647,2,0.0,0.0,,,labelled,tier_0,stable
12,vb_V265,numeric,0.0008501572134614981,2,0.0,0.0,,,labelled,tier_0,stable
0,vb_V266,numeric,0.003923231879758551,2,0.0,0.0,,,labelled,tier_0,stable
1,vb_V266,numeric,0.006370515767001162,2,0.0,0.0,,,labelled,tier_0,stable
2,vb_V266,numeric,0.0029964615478995636,2,0.0,0.0,,,labelled,tier_0,stable
3,vb_V266,numeric,0.0077087380232994706,2,0.0,0.0,,,labelled,tier_0,stable
4,vb_V266,numeric,0.008284829759556193,2,0.0,0.0,,,labelled,tier_0,stable
5,vb_V266,numeric,0.0057059262503959315,2,0.0,0.0,,,labelled,tier_0,stable
6,vb_V266,numeric,0.004534760077197041,2,0.0,0.0,,,labelled,tier_0,stable
7,vb_V266,numeric,0.005309079432056681,2,0.0,0.0,,,labelled,tier_0,stable
8,vb_V266,numeric,0.010427881918695751,2,0.0,0.0,,,labelled,tier_0,stable
9,vb_V266,numeric,0.00011795347297861863,2,0.0,0.0,,,labelled,tier_0,stable
10,vb_V266,numeric,0.00440612993629376,2,0.0,0.0,,,labelled,tier_0,stable
11,vb_V266,numeric,0.006480701619011997,2,0.0,0.0,,,labelled,tier_0,stable
12,vb_V266,numeric,0.003982982759832477,2,0.0,0.0,,,labelled,tier_0,stable
0,vb_V268,numeric,0.004326174810070461,2,0.0,0.0,,,labelled,tier_0,stable
1,vb_V268,numeric,0.007969576318594209,2,0.0,0.0,,,labelled,tier_0,stable
2,vb_V268,numeric,0.003252410700857738,2,0.0,0.0,,,labelled,tier_0,stable
3,vb_V268,numeric,0.0058793405300709145,2,0.0,0.0,,,labelled,tier_0,stable
4,vb_V268,numeric,0.00959920992521711,2,0.0,0.0,,,labelled,tier_0,stable
5,vb_V268,numeric,0.004496936246358182,2,0.0,0.0,,,labelled,tier_0,stable
6,vb_V268,numeric,0.0033507686539405346,2,0.0,0.0,,,labelled,tier_0,stable
7,vb_V268,numeric,0.006090483817394636,2,0.0,0.0,,,labelled,tier_0,stable
8,vb_V268,numeric,0.01073607848458884,2,0.0,0.0,,,labelled,tier_0,stable
9,vb_V268,numeric,8.133237827329891e-05,2,0.0,0.0,,,labelled,tier_0,stable
10,vb_V268,numeric,0.0031958395861634644,2,0.0,0.0,,,labelled,tier_0,stable
11,vb_V268,numeric,0.004321789540906509,2,0.0,0.0,,,labelled,tier_0,stable
12,vb_V268,numeric,0.004528384841985186,2,0.0,0.0,,,labelled,tier_0,stable
0,vb_V273,numeric,0.003426866595731528,2,0.0,0.0,,,labelled,tier_0,stable
1,vb_V273,numeric,0.005824056302748465,2,0.0,0.0,,,labelled,tier_0,stable
2,vb_V273,numeric,0.001908940118739887,2,0.0,0.0,,,labelled,tier_0,stable
3,vb_V273,numeric,0.007561415562248861,2,0.0,0.0,,,labelled,tier_0,stable
4,vb_V273,numeric,0.006706536099073313,2,0.0,0.0,,,labelled,tier_0,stable
5,vb_V273,numeric,0.0033199347506368835,2,0.0,0.0,,,labelled,tier_0,stable
6,vb_V273,numeric,0.003060376727346168,2,0.0,0.0,,,labelled,tier_0,stable
7,vb_V273,numeric,0.004561610882924306,2,0.0,0.0,,,labelled,tier_0,stable
8,vb_V273,numeric,0.01606032220144293,2,0.0,0.0,,,labelled,tier_0,stable
9,vb_V273,numeric,0.0001486320172582787,2,0.0,0.0,,,labelled,tier_0,stable
10,vb_V273,numeric,0.0018202366425013215,2,0.0,0.0,,,labelled,tier_0,stable
11,vb_V273,numeric,8.661000012375238e-05,2,0.0,0.0,,,labelled,tier_0,stable
12,vb_V273,numeric,0.0007199972453586354,2,0.0,0.0,,,labelled,tier_0,stable
0,vb_V275,numeric,0.0037446969755722237,2,0.0,0.0,,,labelled,tier_0,stable
1,vb_V275,numeric,0.0068332956842240035,2,0.0,0.0,,,labelled,tier_0,stable
2,vb_V275,numeric,0.00213858177069477,2,0.0,0.0,,,labelled,tier_0,stable
3,vb_V275,numeric,0.008396741888714034,2,0.0,0.0,,,labelled,tier_0,stable
4,vb_V275,numeric,0.0071014691645872405,2,0.0,0.0,,,labelled,tier_0,stable
5,vb_V275,numeric,0.0033682806296858343,2,0.0,0.0,,,labelled,tier_0,stable
6,vb_V275,numeric,0.0027483080711445214,2,0.0,0.0,,,labelled,tier_0,stable
7,vb_V275,numeric,0.004743331660499647,2,0.0,0.0,,,labelled,tier_0,stable
8,vb_V275,numeric,0.016773610064451057,2,0.0,0.0,,,labelled,tier_0,stable
9,vb_V275,numeric,0.00027016609126976623,2,0.0,0.0,,,labelled,tier_0,stable
10,vb_V275,numeric,0.0018947634714413578,2,0.0,0.0,,,labelled,tier_0,stable
11,vb_V275,numeric,0.0001615585948469489,2,0.0,0.0,,,labelled,tier_0,stable
12,vb_V275,numeric,0.0008936436911980073,2,0.0,0.0,,,labelled,tier_0,stable
0,vb_V276,numeric,0.0049131194441430215,2,0.0,0.0,,,labelled,tier_0,stable
1,vb_V276,numeric,0.008972812564098497,2,0.0,0.0,,,labelled,tier_0,stable
2,vb_V276,numeric,0.004620269821850206,2,0.0,0.0,,,labelled,tier_0,stable
3,vb_V276,numeric,0.004871216160371351,2,0.0,0.0,,,labelled,tier_0,stable
4,vb_V276,numeric,0.00582394657682072,2,0.0,0.0,,,labelled,tier_0,stable
5,vb_V276,numeric,0.0004031508045696268,2,0.0,0.0,,,labelled,tier_0,stable
6,vb_V276,numeric,0.0018746643222513175,2,0.0,0.0,,,labelled,tier_0,stable
7,vb_V276,numeric,0.003586334563491809,2,0.0,0.0,,,labelled,tier_0,stable
8,vb_V276,numeric,0.025721985056954146,2,0.0,0.0,,,labelled,tier_0,stable
9,vb_V276,numeric,6.357841941373005e-07,2,0.0,0.0,,,labelled,tier_0,stable
10,vb_V276,numeric,0.0032232460983835703,2,0.0,0.0,,,labelled,tier_0,stable
11,vb_V276,numeric,0.00033694592771811306,2,0.0,0.0,,,labelled,tier_0,stable
12,vb_V276,numeric,0.00021451636454104087,2,0.0,0.0,,,labelled,tier_0,stable
0,vb_V277,numeric,0.006456087480303788,2,0.0,0.0,,,labelled,tier_0,stable
1,vb_V277,numeric,0.011914228108946115,2,0.0,0.0,,,labelled,tier_0,stable
2,vb_V277,numeric,0.005052689413308725,2,0.0,0.0,,,labelled,tier_0,stable
3,vb_V277,numeric,0.005711373745143508,2,0.0,0.0,,,labelled,tier_0,stable
4,vb_V277,numeric,0.0075151449018888055,2,0.0,0.0,,,labelled,tier_0,stable
5,vb_V277,numeric,0.0006560182404606961,2,0.0,0.0,,,labelled,tier_0,stable
6,vb_V277,numeric,0.0008868568268457033,2,0.0,0.0,,,labelled,tier_0,stable
7,vb_V277,numeric,0.003774718368301974,2,0.0,0.0,,,labelled,tier_0,stable
8,vb_V277,numeric,0.022283875573308003,2,0.0,0.0,,,labelled,tier_0,stable
9,vb_V277,numeric,2.315540413743173e-05,2,0.0,0.0,,,labelled,tier_0,stable
10,vb_V277,numeric,0.0035134436044317804,2,0.0,0.0,,,labelled,tier_0,stable
11,vb_V277,numeric,0.0003499216200528106,2,0.0,0.0,,,labelled,tier_0,stable
12,vb_V277,numeric,3.8876875415193974e-05,2,0.0,0.0,,,labelled,tier_0,stable
0,vb_V220,numeric,0.003687593258319034,2,0.0,0.0,,,labelled,tier_0,stable
1,vb_V220,numeric,0.005974946661112198,2,0.0,0.0,,,labelled,tier_0,stable
2,vb_V220,numeric,0.001968633451204608,2,0.0,0.0,,,labelled,tier_0,stable
3,vb_V220,numeric,0.005865151480140119,2,0.0,0.0,,,labelled,tier_0,stable
4,vb_V220,numeric,0.0070198395682299995,2,0.0,0.0,,,labelled,tier_0,stable
5,vb_V220,numeric,0.005670792926143627,2,0.0,0.0,,,labelled,tier_0,stable
6,vb_V220,numeric,0.004744139877958983,2,0.0,0.0,,,labelled,tier_0,stable
7,vb_V220,numeric,0.007280727018192137,2,0.0,0.0,,,labelled,tier_0,stable
8,vb_V220,numeric,0.00029756688802602845,2,0.0,0.0,,,labelled,tier_0,stable
9,vb_V220,numeric,0.0001314740163456959,2,0.0,0.0,,,labelled,tier_0,stable
10,vb_V220,numeric,0.0035466986935219873,2,0.0,0.0,,,labelled,tier_0,stable
11,vb_V220,numeric,0.005222924888396821,2,0.0,0.0,,,labelled,tier_0,stable
12,vb_V220,numeric,0.0030432585611186993,2,0.0,0.0,,,labelled,tier_0,stable
0,vb_V221,numeric,0.011588168758200727,2,0.0,0.0,,,labelled,tier_0,stable
1,vb_V221,numeric,0.013935611233362262,2,0.0,0.0,,,labelled,tier_0,stable
2,vb_V221,numeric,0.007919410679075489,2,0.0,0.0,,,labelled,tier_0,stable
3,vb_V221,numeric,0.01207274120863971,2,0.0,0.0,,,labelled,tier_0,stable
4,vb_V221,numeric,0.014923399119937468,2,0.0,0.0,,,labelled,tier_0,stable
5,vb_V221,numeric,0.004417216636937311,2,0.0,0.0,,,labelled,tier_0,stable
6,vb_V221,numeric,0.009305323165282191,2,0.0,0.0,,,labelled,tier_0,stable
7,vb_V221,numeric,0.01235315079349134,2,0.0,0.0,,,labelled,tier_0,stable
8,vb_V221,numeric,9.461707917776858e-05,2,0.0,0.0,,,labelled,tier_0,stable
9,vb_V221,numeric,0.0011857256287194787,2,0.0,0.0,,,labelled,tier_0,stable
10,vb_V221,numeric,0.006353454904753051,2,0.0,0.0,,,labelled,tier_0,stable
11,vb_V221,numeric,0.00351294024774385,2,0.0,0.0,,,labelled,tier_0,stable
12,vb_V221,numeric,0.0012686416378443082,2,0.0,0.0,,,labelled,tier_0,stable
0,vb_V227,numeric,0.00542327863931524,2,0.0,0.0,,,labelled,tier_0,stable
1,vb_V227,numeric,0.008992877289543455,2,0.0,0.0,,,labelled,tier_0,stable
2,vb_V227,numeric,0.003900832094462554,2,0.0,0.0,,,labelled,tier_0,stable
3,vb_V227,numeric,0.005768903283512483,2,0.0,0.0,,,labelled,tier_0,stable
4,vb_V227,numeric,0.011268902061618217,2,0.0,0.0,,,labelled,tier_0,stable
5,vb_V227,numeric,0.007766963740027702,2,0.0,0.0,,,labelled,tier_0,stable
6,vb_V227,numeric,0.004066862804247606,2,0.0,0.0,,,labelled,tier_0,stable
7,vb_V227,numeric,0.007494284201056155,2,0.0,0.0,,,labelled,tier_0,stable
8,vb_V227,numeric,0.0001797102242648576,2,0.0,0.0,,,labelled,tier_0,stable
9,vb_V227,numeric,0.0002526535576604689,2,0.0,0.0,,,labelled,tier_0,stable
10,vb_V227,numeric,0.0030614467017333596,2,0.0,0.0,,,labelled,tier_0,stable
11,vb_V227,numeric,0.0029628741882713225,2,0.0,0.0,,,labelled,tier_0,stable
12,vb_V227,numeric,0.003918747300284713,2,0.0,0.0,,,labelled,tier_0,stable
0,vb_V234,numeric,0.007917579010406819,2,0.0,0.0,,,labelled,tier_0,stable
1,vb_V234,numeric,0.014063325748661069,2,0.0,0.0,,,labelled,tier_0,stable
2,vb_V234,numeric,0.0057414424440851725,2,0.0,0.0,,,labelled,tier_0,stable
3,vb_V234,numeric,0.007578448327378381,2,0.0,0.0,,,labelled,tier_0,stable
4,vb_V234,numeric,0.008486271766286146,2,0.0,0.0,,,labelled,tier_0,stable
5,vb_V234,numeric,0.0016185537822822826,2,0.0,0.0,,,labelled,tier_0,stable
6,vb_V234,numeric,0.0021568380895959417,2,0.0,0.0,,,labelled,tier_0,stable
7,vb_V234,numeric,0.003151549865384321,2,0.0,0.0,,,labelled,tier_0,stable
8,vb_V234,numeric,0.020555203987179037,2,0.0,0.0,,,labelled,tier_0,stable
9,vb_V234,numeric,4.436648022184759e-05,2,0.0,0.0,,,labelled,tier_0,stable
10,vb_V234,numeric,0.05303879718839709,2,0.0,0.0,,,labelled,tier_0,stable
11,vb_V234,numeric,0.000770103791806745,2,0.0,0.0,,,labelled,tier_0,stable
12,vb_V234,numeric,7.156177536508257e-05,2,0.0,0.0,,,labelled,tier_0,stable
0,vb_V238,numeric,0.006205548099604398,2,0.0,0.0,,,labelled,tier_0,stable
1,vb_V238,numeric,0.009444904457346453,2,0.0,0.0,,,labelled,tier_0,stable
2,vb_V238,numeric,0.005943639366744139,2,0.0,0.0,,,labelled,tier_0,stable
3,vb_V238,numeric,0.006484319927765331,2,0.0,0.0,,,labelled,tier_0,stable
4,vb_V238,numeric,0.004945866282434688,2,0.0,0.0,,,labelled,tier_0,stable
5,vb_V238,numeric,0.0012309941027754167,2,0.0,0.0,,,labelled,tier_0,stable
6,vb_V238,numeric,0.0016501770806572407,2,0.0,0.0,,,labelled,tier_0,stable
7,vb_V238,numeric,0.006563830224516346,2,0.0,0.0,,,labelled,tier_0,stable
8,vb_V238,numeric,0.0013472195306673525,2,0.0,0.0,,,labelled,tier_0,stable
9,vb_V238,numeric,0.00012710206905305717,2,0.0,0.0,,,labelled,tier_0,stable
10,vb_V238,numeric,0.0043081135538260915,2,0.0,0.0,,,labelled,tier_0,stable
11,vb_V238,numeric,0.0005388471252019023,2,0.0,0.0,,,labelled,tier_0,stable
12,vb_V238,numeric,1.4627653230694324e-05,2,0.0,0.0,,,labelled,tier_0,stable
0,vb_V250,numeric,0.0006041460018755829,2,0.0,0.0,,,labelled,tier_0,stable
1,vb_V250,numeric,3.764959127109078e-05,2,0.0,0.0,,,labelled,tier_0,stable
2,vb_V250,numeric,0.0018491248273141627,2,0.0,0.0,,,labelled,tier_0,stable
3,vb_V250,numeric,6.54184334289419e-05,2,0.0,0.0,,,labelled,tier_0,stable
4,vb_V250,numeric,0.0002624396286169491,2,0.0,0.0,,,labelled,tier_0,stable
5,vb_V250,numeric,0.0007974459677738192,2,0.0,0.0,,,labelled,tier_0,stable
6,vb_V250,numeric,0.0006877520910949783,2,0.0,0.0,,,labelled,tier_0,stable
7,vb_V250,numeric,0.0010940068995569222,2,0.0,0.0,,,labelled,tier_0,stable
8,vb_V250,numeric,0.00233510214959244,2,0.0,0.0,,,labelled,tier_0,stable
9,vb_V250,numeric,0.00016204200109507847,2,0.0,0.0,,,labelled,tier_0,stable
10,vb_V250,numeric,0.00045141108748482156,2,0.0,0.0,,,labelled,tier_0,stable
11,vb_V250,numeric,0.0005408878294344648,2,0.0,0.0,,,labelled,tier_0,stable
12,vb_V250,numeric,7.397109385050117e-05,2,0.0,0.0,,,labelled,tier_0,stable
0,vb_V255,numeric,0.0020011813779651577,2,0.0,0.0,,,labelled,tier_0,stable
1,vb_V255,numeric,0.0005225791630314251,2,0.0,0.0,,,labelled,tier_0,stable
2,vb_V255,numeric,0.0019206108039371429,2,0.0,0.0,,,labelled,tier_0,stable
3,vb_V255,numeric,0.0019514086139470208,2,0.0,0.0,,,labelled,tier_0,stable
4,vb_V255,numeric,0.004368995656300554,2,0.0,0.0,,,labelled,tier_0,stable
5,vb_V255,numeric,0.0023057797284749093,2,0.0,0.0,,,labelled,tier_0,stable
6,vb_V255,numeric,0.002430404986701048,2,0.0,0.0,,,labelled,tier_0,stable
7,vb_V255,numeric,0.00373749352296756,2,0.0,0.0,,,labelled,tier_0,stable
8,vb_V255,numeric,0.00014280653260660597,2,0.0,0.0,,,labelled,tier_0,stable
9,vb_V255,numeric,0.0012685961709259707,2,0.0,0.0,,,labelled,tier_0,stable
10,vb_V255,numeric,0.002123672341835145,2,0.0,0.0,,,labelled,tier_0,stable
11,vb_V255,numeric,9.821694343215028e-06,2,0.0,0.0,,,labelled,tier_0,stable
12,vb_V255,numeric,0.0011363777368223595,2,0.0,0.0,,,labelled,tier_0,stable
0,vb_V270,numeric,0.005352692482942794,2,0.0,0.0,,,labelled,tier_0,stable
1,vb_V270,numeric,0.008767196315642305,2,0.0,0.0,,,labelled,tier_0,stable
2,vb_V270,numeric,0.0036679081169113336,2,0.0,0.0,,,labelled,tier_0,stable
3,vb_V270,numeric,0.005681115208631051,2,0.0,0.0,,,labelled,tier_0,stable
4,vb_V270,numeric,0.01089973897929653,2,0.0,0.0,,,labelled,tier_0,stable
5,vb_V270,numeric,0.007564154681683391,2,0.0,0.0,,,labelled,tier_0,stable
6,vb_V270,numeric,0.004045732120920052,2,0.0,0.0,,,labelled,tier_0,stable
7,vb_V270,numeric,0.007510432365549329,2,0.0,0.0,,,labelled,tier_0,stable
8,vb_V270,numeric,0.00017316243315880004,2,0.0,0.0,,,labelled,tier_0,stable
9,vb_V270,numeric,0.0002060896879421989,2,0.0,0.0,,,labelled,tier_0,stable
10,vb_V270,numeric,0.0030256521035100944,2,0.0,0.0,,,labelled,tier_0,stable
11,vb_V270,numeric,0.003700158674748629,2,0.0,0.0,,,labelled,tier_0,stable
12,vb_V270,numeric,0.0041561221261481,2,0.0,0.0,,,labelled,tier_0,stable
0,vb_V279,numeric,0.0011423415486276059,3,0.0,0.0,,,labelled,tier_0,stable
1,vb_V279,numeric,0.0005550610407378401,3,0.0,0.0,,,labelled,tier_0,stable
2,vb_V279,numeric,0.0012603676938890938,3,0.0,0.0,,,labelled,tier_0,stable
3,vb_V279,numeric,0.0014436413021612618,3,0.0,0.0,,,labelled,tier_0,stable
4,vb_V279,numeric,0.0013306234480636968,3,0.0,0.0,,,labelled,tier_0,stable
5,vb_V279,numeric,0.0014470751890195764,3,0.0,0.0,,,labelled,tier_0,stable
6,vb_V279,numeric,0.000439806832898017,3,0.0,0.0,,,labelled,tier_0,stable
7,vb_V279,numeric,7.950385657112783e-05,3,0.0,0.0,,,labelled,tier_0,stable
8,vb_V279,numeric,0.015939863790263766,3,0.0,0.0,,,labelled,tier_0,stable
9,vb_V279,numeric,0.003941175634706942,3,0.0,0.0,,,labelled,tier_0,stable
10,vb_V279,numeric,0.05842413897128278,3,0.0,0.0,,,labelled,tier_0,stable
11,vb_V279,numeric,0.002162713915668934,3,0.0,0.0,,,labelled,tier_0,stable
12,vb_V279,numeric,0.010327542761620763,3,0.0,0.0,,,labelled,tier_0,stable
0,vb_V280,numeric,0.0017045553342874046,4,0.0,0.0,,,labelled,tier_0,stable
1,vb_V280,numeric,0.0059428342854298995,4,0.0,0.0,,,labelled,tier_0,stable
2,vb_V280,numeric,0.004288374258650477,4,0.0,0.0,,,labelled,tier_0,stable
3,vb_V280,numeric,0.0028039355138706154,4,0.0,0.0,,,labelled,tier_0,stable
4,vb_V280,numeric,0.0030248473499223496,4,0.0,0.0,,,labelled,tier_0,stable
5,vb_V280,numeric,0.0063565496778813235,4,0.0,0.0,,,labelled,tier_0,stable
6,vb_V280,numeric,0.0016887945412070622,4,0.0,0.0,,,labelled,tier_0,stable
7,vb_V280,numeric,0.00858593242797294,4,0.0,0.0,,,labelled,tier_0,stable
8,vb_V280,numeric,0.017768234057598035,4,0.0,0.0,,,labelled,tier_0,stable
9,vb_V280,numeric,0.012009989838847358,4,0.0,0.0,,,labelled,tier_0,stable
10,vb_V280,numeric,0.07384625883388601,4,0.0,0.0,,,labelled,tier_0,stable
11,vb_V280,numeric,0.0131052517055445,4,0.0,0.0,,,labelled,tier_0,stable
12,vb_V280,numeric,0.013957654452036991,4,0.0,0.0,,,labelled,tier_0,stable
0,vb_V284,numeric,1.9285883574811908e-05,2,0.0,0.0,,,labelled,tier_0,stable
1,vb_V284,numeric,0.00017387006480184338,2,0.0,0.0,,,labelled,tier_0,stable
2,vb_V284,numeric,0.0005206627687741984,2,0.0,0.0,,,labelled,tier_0,stable
3,vb_V284,numeric,4.278596875396795e-06,2,0.0,0.0,,,labelled,tier_0,stable
4,vb_V284,numeric,5.9283445966432486e-05,2,0.0,0.0,,,labelled,tier_0,stable
5,vb_V284,numeric,0.000691310359367091,2,0.0,0.0,,,labelled,tier_0,stable
6,vb_V284,numeric,3.4832630690483306e-05,2,0.0,0.0,,,labelled,tier_0,stable
7,vb_V284,numeric,9.954500930350262e-06,2,0.0,0.0,,,labelled,tier_0,stable
8,vb_V284,numeric,0.0061951847143303885,2,0.0,0.0,,,labelled,tier_0,stable
9,vb_V284,numeric,0.0017690476633113231,2,0.0,0.0,,,labelled,tier_0,stable
10,vb_V284,numeric,0.009367323659595672,2,0.0,0.0,,,labelled,tier_0,stable
11,vb_V284,numeric,2.6373460805549366e-06,2,0.0,0.0,,,labelled,tier_0,stable
12,vb_V284,numeric,0.00023861114675298719,2,0.0,0.0,,,labelled,tier_0,stable
0,vb_V285,numeric,0.013673314954618185,5,0.0,0.0,,,labelled,tier_0,stable
1,vb_V285,numeric,0.01929766307435361,5,0.0,0.0,,,labelled,tier_0,stable
2,vb_V285,numeric,0.020059009490832586,5,0.0,0.0,,,labelled,tier_0,stable
3,vb_V285,numeric,0.026922424484619213,5,0.0,0.0,,,labelled,tier_0,stable
4,vb_V285,numeric,0.018504606576134675,5,0.0,0.0,,,labelled,tier_0,stable
5,vb_V285,numeric,0.017510937747277598,5,0.0,0.0,,,labelled,tier_0,stable
6,vb_V285,numeric,0.019913870536373907,5,0.0,0.0,,,labelled,tier_0,stable
7,vb_V285,numeric,0.019895647234074002,5,0.0,0.0,,,labelled,tier_0,stable
8,vb_V285,numeric,0.017815486937707854,5,0.0,0.0,,,labelled,tier_0,stable
9,vb_V285,numeric,0.02547834748524898,5,0.0,0.0,,,labelled,tier_0,stable
10,vb_V285,numeric,0.09716274310986803,5,0.0,0.0,,,labelled,tier_0,stable
11,vb_V285,numeric,0.03240264352181114,5,0.0,0.0,,,labelled,tier_0,stable
12,vb_V285,numeric,0.018690719636275256,5,0.0,0.0,,,labelled,tier_0,stable
0,vb_V286,numeric,5.492292413111642e-05,2,0.0,0.0,,,labelled,tier_0,stable
1,vb_V286,numeric,1.0500590741302477e-06,2,0.0,0.0,,,labelled,tier_0,stable
2,vb_V286,numeric,6.61620066639034e-05,2,0.0,0.0,,,labelled,tier_0,stable
3,vb_V286,numeric,0.0001622312347762475,2,0.0,0.0,,,labelled,tier_0,stable
4,vb_V286,numeric,0.0009626886115023922,2,0.0,0.0,,,labelled,tier_0,stable
5,vb_V286,numeric,0.00011476209302932824,2,0.0,0.0,,,labelled,tier_0,stable
6,vb_V286,numeric,1.3757716971532676e-06,2,0.0,0.0,,,labelled,tier_0,stable
7,vb_V286,numeric,0.0013382522803997074,2,0.0,0.0,,,labelled,tier_0,stable
8,vb_V286,numeric,3.9900158723909674e-06,2,0.0,0.0,,,labelled,tier_0,stable
9,vb_V286,numeric,2.9675063760589486e-05,2,0.0,0.0,,,labelled,tier_0,stable
10,vb_V286,numeric,0.0015943820455353592,2,0.0,0.0,,,labelled,tier_0,stable
11,vb_V286,numeric,0.0008949675699240336,2,0.0,0.0,,,labelled,tier_0,stable
12,vb_V286,numeric,0.0016567390452594925,2,0.0,0.0,,,labelled,tier_0,stable
0,vb_V287,numeric,0.0006963943391475576,3,0.0,0.0,,,labelled,tier_0,stable
1,vb_V287,numeric,0.007683715619635822,3,0.0,0.0,,,labelled,tier_0,stable
2,vb_V287,numeric,0.004107119005007929,3,0.0,0.0,,,labelled,tier_0,stable
3,vb_V287,numeric,0.0045882999499057275,3,0.0,0.0,,,labelled,tier_0,stable
4,vb_V287,numeric,0.005265996589516461,3,0.0,0.0,,,labelled,tier_0,stable
5,vb_V287,numeric,0.007354626237801639,3,0.0,0.0,,,labelled,tier_0,stable
6,vb_V287,numeric,0.0014503392753432605,3,0.0,0.0,,,labelled,tier_0,stable
7,vb_V287,numeric,0.010451676587296725,3,0.0,0.0,,,labelled,tier_0,stable
8,vb_V287,numeric,0.015198073742719483,3,0.0,0.0,,,labelled,tier_0,stable
9,vb_V287,numeric,0.010468078686832461,3,0.0,0.0,,,labelled,tier_0,stable
10,vb_V287,numeric,0.0820709000550656,3,0.0,0.0,,,labelled,tier_0,stable
11,vb_V287,numeric,0.009645198364085138,3,0.0,0.0,,,labelled,tier_0,stable
12,vb_V287,numeric,0.0019248576421068758,3,0.0,0.0,,,labelled,tier_0,stable
0,vb_V290,numeric,5.1016304959546576e-06,2,0.0,0.0,,,labelled,tier_0,stable
1,vb_V290,numeric,0.0012528042286017017,2,0.0,0.0,,,labelled,tier_0,stable
2,vb_V290,numeric,0.000627519817173688,2,0.0,0.0,,,labelled,tier_0,stable
3,vb_V290,numeric,7.5562299066507115e-06,2,0.0,0.0,,,labelled,tier_0,stable
4,vb_V290,numeric,9.938205066456716e-05,2,0.0,0.0,,,labelled,tier_0,stable
5,vb_V290,numeric,0.0006016256569097928,2,0.0,0.0,,,labelled,tier_0,stable
6,vb_V290,numeric,5.9622679618949164e-05,2,0.0,0.0,,,labelled,tier_0,stable
7,vb_V290,numeric,0.0006198758439250303,2,0.0,0.0,,,labelled,tier_0,stable
8,vb_V290,numeric,0.016440074909701674,2,0.0,0.0,,,labelled,tier_0,stable
9,vb_V290,numeric,0.0013604129229054952,2,0.0,0.0,,,labelled,tier_0,stable
10,vb_V290,numeric,5.228501142270421e-05,2,0.0,0.0,,,labelled,tier_0,stable
11,vb_V290,numeric,0.0007818432092364003,2,0.0,0.0,,,labelled,tier_0,stable
12,vb_V290,numeric,0.005345573398276493,2,0.0,0.0,,,labelled,tier_0,stable
0,vb_V291,numeric,0.005780812073410043,3,0.0,0.0,,,labelled,tier_0,stable
1,vb_V291,numeric,0.03491071983702803,3,0.0,0.0,,,labelled,tier_0,stable
2,vb_V291,numeric,0.010490911457299777,3,0.0,0.0,,,labelled,tier_0,stable
3,vb_V291,numeric,0.003173528571294693,3,0.0,0.0,,,labelled,tier_0,stable
4,vb_V291,numeric,0.0021648413995700847,3,0.0,0.0,,,labelled,tier_0,stable
5,vb_V291,numeric,0.0007645908759014523,3,0.0,0.0,,,labelled,tier_0,stable
6,vb_V291,numeric,0.00013682155412441136,3,0.0,0.0,,,labelled,tier_0,stable
7,vb_V291,numeric,0.0030280021777103518,3,0.0,0.0,,,labelled,tier_0,stable
8,vb_V291,numeric,0.0025859661535925244,3,0.0,0.0,,,labelled,tier_0,stable
9,vb_V291,numeric,0.0012516640140313056,3,0.0,0.0,,,labelled,tier_0,stable
10,vb_V291,numeric,0.031178763683841364,3,0.0,0.0,,,labelled,tier_0,stable
11,vb_V291,numeric,0.003051916350496733,3,0.0,0.0,,,labelled,tier_0,stable
12,vb_V291,numeric,0.003988684568470567,3,0.0,0.0,,,labelled,tier_0,stable
0,vb_V293,numeric,0.00430149211028092,2,0.0,0.0,,,labelled,tier_0,stable
1,vb_V293,numeric,0.0018132550368357258,2,0.0,0.0,,,labelled,tier_0,stable
2,vb_V293,numeric,0.000739519236260678,2,0.0,0.0,,,labelled,tier_0,stable
3,vb_V293,numeric,0.003206550806259458,2,0.0,0.0,,,labelled,tier_0,stable
4,vb_V293,numeric,0.0026645402699413496,2,0.0,0.0,,,labelled,tier_0,stable
5,vb_V293,numeric,2.8274520690560734e-05,2,0.0,0.0,,,labelled,tier_0,stable
6,vb_V293,numeric,0.0011165389078491748,2,0.0,0.0,,,labelled,tier_0,stable
7,vb_V293,numeric,0.00013424175896942155,2,0.0,0.0,,,labelled,tier_0,stable
8,vb_V293,numeric,0.007842043720577003,2,0.0,0.0,,,labelled,tier_0,stable
9,vb_V293,numeric,0.0008501673387228644,2,0.0,0.0,,,labelled,tier_0,stable
10,vb_V293,numeric,0.04273847108551173,2,0.0,0.0,,,labelled,tier_0,stable
11,vb_V293,numeric,0.0007185071107804538,2,0.0,0.0,,,labelled,tier_0,stable
12,vb_V293,numeric,0.007797266685200393,2,0.0,0.0,,,labelled,tier_0,stable
0,vb_V297,numeric,0.0002999997358750082,2,0.0,0.0,,,labelled,tier_0,stable
1,vb_V297,numeric,1.3183787913374032e-05,2,0.0,0.0,,,labelled,tier_0,stable
2,vb_V297,numeric,0.0002996291562598893,2,0.0,0.0,,,labelled,tier_0,stable
3,vb_V297,numeric,2.7717606049790924e-05,2,0.0,0.0,,,labelled,tier_0,stable
4,vb_V297,numeric,1.3840793842574224e-08,2,0.0,0.0,,,labelled,tier_0,stable
5,vb_V297,numeric,0.001308992266002649,2,0.0,0.0,,,labelled,tier_0,stable
6,vb_V297,numeric,0.0004885487764603533,2,0.0,0.0,,,labelled,tier_0,stable
7,vb_V297,numeric,0.00011342212647272137,2,0.0,0.0,,,labelled,tier_0,stable
8,vb_V297,numeric,0.020949050067412524,2,0.0,0.0,,,labelled,tier_0,stable
9,vb_V297,numeric,0.002715247436928159,2,0.0,0.0,,,labelled,tier_0,stable
10,vb_V297,numeric,0.08217326777902316,2,0.0,0.0,,,labelled,tier_0,stable
11,vb_V297,numeric,0.0010793270800485224,2,0.0,0.0,,,labelled,tier_0,stable
12,vb_V297,numeric,0.003886478572715175,2,0.0,0.0,,,labelled,tier_0,stable
0,vb_V298,numeric,0.001956252594748452,2,0.0,0.0,,,labelled,tier_0,stable
1,vb_V298,numeric,0.0011613247783034586,2,0.0,0.0,,,labelled,tier_0,stable
2,vb_V298,numeric,0.0010651913741810738,2,0.0,0.0,,,labelled,tier_0,stable
3,vb_V298,numeric,0.0006100426219833618,2,0.0,0.0,,,labelled,tier_0,stable
4,vb_V298,numeric,0.0004895992903497286,2,0.0,0.0,,,labelled,tier_0,stable
5,vb_V298,numeric,0.004159216111955488,2,0.0,0.0,,,labelled,tier_0,stable
6,vb_V298,numeric,0.0012914073408331755,2,0.0,0.0,,,labelled,tier_0,stable
7,vb_V298,numeric,0.0011690469864017235,2,0.0,0.0,,,labelled,tier_0,stable
8,vb_V298,numeric,0.01888606885501342,2,0.0,0.0,,,labelled,tier_0,stable
9,vb_V298,numeric,0.004381829141155806,2,0.0,0.0,,,labelled,tier_0,stable
10,vb_V298,numeric,0.07497042308749786,2,0.0,0.0,,,labelled,tier_0,stable
11,vb_V298,numeric,0.004137008520189638,2,0.0,0.0,,,labelled,tier_0,stable
12,vb_V298,numeric,0.009184288210780496,2,0.0,0.0,,,labelled,tier_0,stable
0,vb_V299,numeric,0.0003571583200387979,2,0.0,0.0,,,labelled,tier_0,stable
1,vb_V299,numeric,9.157981037924773e-06,2,0.0,0.0,,,labelled,tier_0,stable
2,vb_V299,numeric,9.569216198596069e-05,2,0.0,0.0,,,labelled,tier_0,stable
3,vb_V299,numeric,1.850625340096821e-07,2,0.0,0.0,,,labelled,tier_0,stable
4,vb_V299,numeric,3.021955792193884e-05,2,0.0,0.0,,,labelled,tier_0,stable
5,vb_V299,numeric,0.0020244238042290107,2,0.0,0.0,,,labelled,tier_0,stable
6,vb_V299,numeric,0.0007646062267383963,2,0.0,0.0,,,labelled,tier_0,stable
7,vb_V299,numeric,0.0003267297910511558,2,0.0,0.0,,,labelled,tier_0,stable
8,vb_V299,numeric,0.017717480916342312,2,0.0,0.0,,,labelled,tier_0,stable
9,vb_V299,numeric,0.0028475784114134132,2,0.0,0.0,,,labelled,tier_0,stable
10,vb_V299,numeric,0.07942804437727952,2,0.0,0.0,,,labelled,tier_0,stable
11,vb_V299,numeric,0.002184821170915314,2,0.0,0.0,,,labelled,tier_0,stable
12,vb_V299,numeric,0.006990389142912664,2,0.0,0.0,,,labelled,tier_0,stable
0,vb_V302,numeric,0.08587437415426011,3,0.0,0.0,,,labelled,tier_0,stable
1,vb_V302,numeric,0.0903225384471534,3,0.0,0.0,,,labelled,tier_0,stable
2,vb_V302,numeric,0.06502316044564199,3,0.0,0.0,,,labelled,tier_0,stable
3,vb_V302,numeric,0.06009282861677933,3,0.0,0.0,,,labelled,tier_0,stable
4,vb_V302,numeric,0.09290909370366904,3,0.0,0.0,,,labelled,tier_0,stable
5,vb_V302,numeric,0.06723339824190624,3,0.0,0.0,,,labelled,tier_0,stable
6,vb_V302,numeric,0.09074284905419153,3,0.0,0.0,,,labelled,tier_0,stable
7,vb_V302,numeric,0.058745837268474384,3,0.0,0.0,,,labelled,tier_0,stable
8,vb_V302,numeric,0.03319574069915976,3,0.0,0.0,,,labelled,tier_0,stable
9,vb_V302,numeric,0.03680836864800426,3,0.0,0.0,,,labelled,tier_0,stable
10,vb_V302,numeric,0.15166552067933736,3,0.0,0.0,,,labelled,tier_0,moderate
11,vb_V302,numeric,0.06016637252730952,3,0.0,0.0,,,labelled,tier_0,stable
12,vb_V302,numeric,0.06860228001795975,3,0.0,0.0,,,labelled,tier_0,stable
0,vb_V305,numeric,2.2324690417690634e-05,2,0.0,0.0,,,labelled,tier_0,stable
1,vb_V305,numeric,2.2324690417690634e-05,2,0.0,0.0,,,labelled,tier_0,stable
2,vb_V305,numeric,0.00012511285343862365,2,0.0,0.0,,,labelled,tier_0,stable
3,vb_V305,numeric,2.2324690417690634e-05,2,0.0,0.0,,,labelled,tier_0,stable
4,vb_V305,numeric,2.2324690417690634e-05,2,0.0,0.0,,,labelled,tier_0,stable
5,vb_V305,numeric,2.2324690417690634e-05,2,0.0,0.0,,,labelled,tier_0,stable
6,vb_V305,numeric,2.2324690417690634e-05,2,0.0,0.0,,,labelled,tier_0,stable
7,vb_V305,numeric,2.2324690417690634e-05,2,0.0,0.0,,,labelled,tier_0,stable
8,vb_V305,numeric,2.2324690417690634e-05,2,0.0,0.0,,,labelled,tier_0,stable
9,vb_V305,numeric,2.2324690417690634e-05,2,0.0,0.0,,,labelled,tier_0,stable
10,vb_V305,numeric,2.2324690417690634e-05,2,0.0,0.0,,,labelled,tier_0,stable
11,vb_V305,numeric,2.2324690417690634e-05,2,0.0,0.0,,,labelled,tier_0,stable
12,vb_V305,numeric,2.2324690417690634e-05,2,0.0,0.0,,,labelled,tier_0,stable
0,vb_V306,numeric,0.0003292280845988876,3,0.0,0.0,,,labelled,tier_0,stable
1,vb_V306,numeric,0.00021820916566839504,3,0.0,0.0,,,labelled,tier_0,stable
2,vb_V306,numeric,0.0009505873921551741,3,0.0,0.0,,,labelled,tier_0,stable
3,vb_V306,numeric,0.002074365398174194,3,0.0,0.0,,,labelled,tier_0,stable
4,vb_V306,numeric,0.001097291886747813,3,0.0,0.0,,,labelled,tier_0,stable
5,vb_V306,numeric,0.0013151202026854757,3,0.0,0.0,,,labelled,tier_0,stable
6,vb_V306,numeric,0.0002489980674293938,3,0.0,0.0,,,labelled,tier_0,stable
7,vb_V306,numeric,3.9215932581231114e-05,3,0.0,0.0,,,labelled,tier_0,stable
8,vb_V306,numeric,0.01119745079059202,3,0.0,0.0,,,labelled,tier_0,stable
9,vb_V306,numeric,0.0038748733926844254,3,0.0,0.0,,,labelled,tier_0,stable
10,vb_V306,numeric,0.047209066408443356,3,0.0,0.0,,,labelled,tier_0,stable
11,vb_V306,numeric,0.002233040549554284,3,0.0,0.0,,,labelled,tier_0,stable
12,vb_V306,numeric,0.011979919540159069,3,0.0,0.0,,,labelled,tier_0,stable
0,vb_V307,numeric,0.010168500180961102,6,0.0,0.0,,,labelled,tier_0,stable
1,vb_V307,numeric,0.014900477438212177,6,0.0,0.0,,,labelled,tier_0,stable
2,vb_V307,numeric,0.017213101565102973,6,0.0,0.0,,,labelled,tier_0,stable
3,vb_V307,numeric,0.020919111741331257,6,0.0,0.0,,,labelled,tier_0,stable
4,vb_V307,numeric,0.013925948230756302,6,0.0,0.0,,,labelled,tier_0,stable
5,vb_V307,numeric,0.019448967370285133,6,0.0,0.0,,,labelled,tier_0,stable
6,vb_V307,numeric,0.017728543933186416,6,0.0,0.0,,,labelled,tier_0,stable
7,vb_V307,numeric,0.018286002320087303,6,0.0,0.0,,,labelled,tier_0,stable
8,vb_V307,numeric,0.020261274152484535,6,0.0,0.0,,,labelled,tier_0,stable
9,vb_V307,numeric,0.027025895317849047,6,0.0,0.0,,,labelled,tier_0,stable
10,vb_V307,numeric,0.08940626647993195,6,0.0,0.0,,,labelled,tier_0,stable
11,vb_V307,numeric,0.03486642331350501,6,0.0,0.0,,,labelled,tier_0,stable
12,vb_V307,numeric,0.03860201655174235,6,0.0,0.0,,,labelled,tier_0,stable
0,vb_V308,numeric,0.0004022997928050467,4,0.0,0.0,,,labelled,tier_0,stable
1,vb_V308,numeric,0.005576709179844341,4,0.0,0.0,,,labelled,tier_0,stable
2,vb_V308,numeric,0.004394644743593033,4,0.0,0.0,,,labelled,tier_0,stable
3,vb_V308,numeric,0.0038983968578414105,4,0.0,0.0,,,labelled,tier_0,stable
4,vb_V308,numeric,0.002907493639528703,4,0.0,0.0,,,labelled,tier_0,stable
5,vb_V308,numeric,0.006450082373531778,4,0.0,0.0,,,labelled,tier_0,stable
6,vb_V308,numeric,0.0009283062634724154,4,0.0,0.0,,,labelled,tier_0,stable
7,vb_V308,numeric,0.008662435471836665,4,0.0,0.0,,,labelled,tier_0,stable
8,vb_V308,numeric,0.014820576920002854,4,0.0,0.0,,,labelled,tier_0,stable
9,vb_V308,numeric,0.01193312193281856,4,0.0,0.0,,,labelled,tier_0,stable
10,vb_V308,numeric,0.0692283875450053,4,0.0,0.0,,,labelled,tier_0,stable
11,vb_V308,numeric,0.012663074271299812,4,0.0,0.0,,,labelled,tier_0,stable
12,vb_V308,numeric,0.01842018271054391,4,0.0,0.0,,,labelled,tier_0,stable
0,vb_V309,numeric,1.9285883574811908e-05,2,0.0,0.0,,,labelled,tier_0,stable
1,vb_V309,numeric,0.00017387006480184338,2,0.0,0.0,,,labelled,tier_0,stable
2,vb_V309,numeric,0.0005206627687741984,2,0.0,0.0,,,labelled,tier_0,stable
3,vb_V309,numeric,4.278596875396795e-06,2,0.0,0.0,,,labelled,tier_0,stable
4,vb_V309,numeric,5.9283445966432486e-05,2,0.0,0.0,,,labelled,tier_0,stable
5,vb_V309,numeric,0.000691310359367091,2,0.0,0.0,,,labelled,tier_0,stable
6,vb_V309,numeric,3.4832630690483306e-05,2,0.0,0.0,,,labelled,tier_0,stable
7,vb_V309,numeric,9.954500930350262e-06,2,0.0,0.0,,,labelled,tier_0,stable
8,vb_V309,numeric,0.0061951847143303885,2,0.0,0.0,,,labelled,tier_0,stable
9,vb_V309,numeric,0.0017690476633113231,2,0.0,0.0,,,labelled,tier_0,stable
10,vb_V309,numeric,0.009367323659595672,2,0.0,0.0,,,labelled,tier_0,stable
11,vb_V309,numeric,2.6373460805549366e-06,2,0.0,0.0,,,labelled,tier_0,stable
12,vb_V309,numeric,0.00023861114675298719,2,0.0,0.0,,,labelled,tier_0,stable
0,vb_V310,numeric,0.013561680154577423,5,0.0,0.0,,,labelled,tier_0,stable
1,vb_V310,numeric,0.020237600784329988,5,0.0,0.0,,,labelled,tier_0,stable
2,vb_V310,numeric,0.02114172003613468,5,0.0,0.0,,,labelled,tier_0,stable
3,vb_V310,numeric,0.026980424072445282,5,0.0,0.0,,,labelled,tier_0,stable
4,vb_V310,numeric,0.01808211805777318,5,0.0,0.0,,,labelled,tier_0,stable
5,vb_V310,numeric,0.019138800141175298,5,0.0,0.0,,,labelled,tier_0,stable
6,vb_V310,numeric,0.018524868232507066,5,0.0,0.0,,,labelled,tier_0,stable
7,vb_V310,numeric,0.019364425418384543,5,0.0,0.0,,,labelled,tier_0,stable
8,vb_V310,numeric,0.017451028826237808,5,0.0,0.0,,,labelled,tier_0,stable
9,vb_V310,numeric,0.02540274593100965,5,0.0,0.0,,,labelled,tier_0,stable
10,vb_V310,numeric,0.09190691593139921,5,0.0,0.0,,,labelled,tier_0,stable
11,vb_V310,numeric,0.031507307115398835,5,0.0,0.0,,,labelled,tier_0,stable
12,vb_V310,numeric,0.021273951904323112,5,0.0,0.0,,,labelled,tier_0,stable
0,vb_V312,numeric,0.0016451497579096452,3,0.0,0.0,,,labelled,tier_0,stable
1,vb_V312,numeric,0.008117510279222882,3,0.0,0.0,,,labelled,tier_0,stable
2,vb_V312,numeric,0.004112013238069074,3,0.0,0.0,,,labelled,tier_0,stable
3,vb_V312,numeric,0.004398513667819419,3,0.0,0.0,,,labelled,tier_0,stable
4,vb_V312,numeric,0.005311783391567522,3,0.0,0.0,,,labelled,tier_0,stable
5,vb_V312,numeric,0.007228810867908575,3,0.0,0.0,,,labelled,tier_0,stable
6,vb_V312,numeric,0.0009013807139734565,3,0.0,0.0,,,labelled,tier_0,stable
7,vb_V312,numeric,0.010394697037172706,3,0.0,0.0,,,labelled,tier_0,stable
8,vb_V312,numeric,0.012323454408849476,3,0.0,0.0,,,labelled,tier_0,stable
9,vb_V312,numeric,0.01088968093689161,3,0.0,0.0,,,labelled,tier_0,stable
10,vb_V312,numeric,0.06794030956462693,3,0.0,0.0,,,labelled,tier_0,stable
11,vb_V312,numeric,0.00908031760615062,3,0.0,0.0,,,labelled,tier_0,stable
12,vb_V312,numeric,0.001928218710029099,3,0.0,0.0,,,labelled,tier_0,stable
0,vb_V316,numeric,0.00430149211028092,2,0.0,0.0,,,labelled,tier_0,stable
1,vb_V316,numeric,0.0018132550368357258,2,0.0,0.0,,,labelled,tier_0,stable
2,vb_V316,numeric,0.000739519236260678,2,0.0,0.0,,,labelled,tier_0,stable
3,vb_V316,numeric,0.003206550806259458,2,0.0,0.0,,,labelled,tier_0,stable
4,vb_V316,numeric,0.0026645402699413496,2,0.0,0.0,,,labelled,tier_0,stable
5,vb_V316,numeric,2.8274520690560734e-05,2,0.0,0.0,,,labelled,tier_0,stable
6,vb_V316,numeric,0.0011165389078491748,2,0.0,0.0,,,labelled,tier_0,stable
7,vb_V316,numeric,0.00013424175896942155,2,0.0,0.0,,,labelled,tier_0,stable
8,vb_V316,numeric,0.007842043720577003,2,0.0,0.0,,,labelled,tier_0,stable
9,vb_V316,numeric,0.0008501673387228644,2,0.0,0.0,,,labelled,tier_0,stable
10,vb_V316,numeric,0.04273847108551173,2,0.0,0.0,,,labelled,tier_0,stable
11,vb_V316,numeric,0.0007185071107804538,2,0.0,0.0,,,labelled,tier_0,stable
12,vb_V316,numeric,0.007797266685200393,2,0.0,0.0,,,labelled,tier_0,stable
0,vb_V318,numeric,0.003440333325106217,2,0.0,0.0,,,labelled,tier_0,stable
1,vb_V318,numeric,0.0008692037050992063,2,0.0,0.0,,,labelled,tier_0,stable
2,vb_V318,numeric,0.0005183666878291906,2,0.0,0.0,,,labelled,tier_0,stable
3,vb_V318,numeric,0.003922400694085636,2,0.0,0.0,,,labelled,tier_0,stable
4,vb_V318,numeric,0.002862620567110315,2,0.0,0.0,,,labelled,tier_0,stable
5,vb_V318,numeric,8.716204429008054e-05,2,0.0,0.0,,,labelled,tier_0,stable
6,vb_V318,numeric,0.0017646630119519699,2,0.0,0.0,,,labelled,tier_0,stable
7,vb_V318,numeric,0.00025995439768582347,2,0.0,0.0,,,labelled,tier_0,stable
8,vb_V318,numeric,0.005422314567380746,2,0.0,0.0,,,labelled,tier_0,stable
9,vb_V318,numeric,0.001048397148536569,2,0.0,0.0,,,labelled,tier_0,stable
10,vb_V318,numeric,0.03807942148628755,2,0.0,0.0,,,labelled,tier_0,stable
11,vb_V318,numeric,0.0006359659130329711,2,0.0,0.0,,,labelled,tier_0,stable
12,vb_V318,numeric,0.00705768820036166,2,0.0,0.0,,,labelled,tier_0,stable
0,vb_V319,numeric,0.0002999997358750082,2,0.0,0.0,,,labelled,tier_0,stable
1,vb_V319,numeric,1.3183787913374032e-05,2,0.0,0.0,,,labelled,tier_0,stable
2,vb_V319,numeric,0.0002996291562598893,2,0.0,0.0,,,labelled,tier_0,stable
3,vb_V319,numeric,2.7717606049790924e-05,2,0.0,0.0,,,labelled,tier_0,stable
4,vb_V319,numeric,1.3840793842574224e-08,2,0.0,0.0,,,labelled,tier_0,stable
5,vb_V319,numeric,0.001308992266002649,2,0.0,0.0,,,labelled,tier_0,stable
6,vb_V319,numeric,0.0004885487764603533,2,0.0,0.0,,,labelled,tier_0,stable
7,vb_V319,numeric,0.00011342212647272137,2,0.0,0.0,,,labelled,tier_0,stable
8,vb_V319,numeric,0.020949050067412524,2,0.0,0.0,,,labelled,tier_0,stable
9,vb_V319,numeric,0.002715247436928159,2,0.0,0.0,,,labelled,tier_0,stable
10,vb_V319,numeric,0.08217326777902316,2,0.0,0.0,,,labelled,tier_0,stable
11,vb_V319,numeric,0.0010793270800485224,2,0.0,0.0,,,labelled,tier_0,stable
12,vb_V319,numeric,0.003886478572715175,2,0.0,0.0,,,labelled,tier_0,stable
0,vb_V281,numeric,0.00033082900580797274,2,0.0,0.0,,,labelled,tier_0,stable
1,vb_V281,numeric,0.00012192367944429887,2,0.0,0.0,,,labelled,tier_0,stable
2,vb_V281,numeric,8.330285389069071e-06,2,0.0,0.0,,,labelled,tier_0,stable
3,vb_V281,numeric,0.0011473772803883059,2,0.0,0.0,,,labelled,tier_0,stable
4,vb_V281,numeric,0.0006824001748535734,2,0.0,0.0,,,labelled,tier_0,stable
5,vb_V281,numeric,3.807470179641967e-05,2,0.0,0.0,,,labelled,tier_0,stable
6,vb_V281,numeric,2.1504551715450624e-05,2,0.0,0.0,,,labelled,tier_0,stable
7,vb_V281,numeric,2.4463601152784656e-07,2,0.0,0.0,,,labelled,tier_0,stable
8,vb_V281,numeric,3.3524592168700834e-05,2,0.0,0.0,,,labelled,tier_0,stable
9,vb_V281,numeric,9.287324296055581e-05,2,0.0,0.0,,,labelled,tier_0,stable
10,vb_V281,numeric,0.0008579034712816926,2,0.0,0.0,,,labelled,tier_0,stable
11,vb_V281,numeric,0.00047893738300538286,2,0.0,0.0,,,labelled,tier_0,stable
12,vb_V281,numeric,0.00012008066374910123,2,0.0,0.0,,,labelled,tier_0,stable
0,vb_V282,numeric,0.02768512402307648,4,0.0,0.0,,,labelled,tier_0,stable
1,vb_V282,numeric,0.01780988115577792,4,0.0,0.0,,,labelled,tier_0,stable
2,vb_V282,numeric,0.01940208019321398,4,0.0,0.0,,,labelled,tier_0,stable
3,vb_V282,numeric,0.0307354896563741,4,0.0,0.0,,,labelled,tier_0,stable
4,vb_V282,numeric,0.023490253805026406,4,0.0,0.0,,,labelled,tier_0,stable
5,vb_V282,numeric,0.019566438596603567,4,0.0,0.0,,,labelled,tier_0,stable
6,vb_V282,numeric,0.04738377265726263,4,0.0,0.0,,,labelled,tier_0,stable
7,vb_V282,numeric,0.023623829680096752,4,0.0,0.0,,,labelled,tier_0,stable
8,vb_V282,numeric,0.00480623679575326,4,0.0,0.0,,,labelled,tier_0,stable
9,vb_V282,numeric,0.013333488250542107,4,0.0,0.0,,,labelled,tier_0,stable
10,vb_V282,numeric,0.008500432146191386,4,0.0,0.0,,,labelled,tier_0,stable
11,vb_V282,numeric,0.02157501476432074,4,0.0,0.0,,,labelled,tier_0,stable
12,vb_V282,numeric,0.0249898240034817,4,0.0,0.0,,,labelled,tier_0,stable
0,vb_V283,numeric,0.029006062847420657,4,0.0,0.0,,,labelled,tier_0,stable
1,vb_V283,numeric,0.018268037294087398,4,0.0,0.0,,,labelled,tier_0,stable
2,vb_V283,numeric,0.019140130149137506,4,0.0,0.0,,,labelled,tier_0,stable
3,vb_V283,numeric,0.029528930792061436,4,0.0,0.0,,,labelled,tier_0,stable
4,vb_V283,numeric,0.0226171699512915,4,0.0,0.0,,,labelled,tier_0,stable
5,vb_V283,numeric,0.02098514666519429,4,0.0,0.0,,,labelled,tier_0,stable
6,vb_V283,numeric,0.04896503485815428,4,0.0,0.0,,,labelled,tier_0,stable
7,vb_V283,numeric,0.02741039522436536,4,0.0,0.0,,,labelled,tier_0,stable
8,vb_V283,numeric,0.005083925269087501,4,0.0,0.0,,,labelled,tier_0,stable
9,vb_V283,numeric,0.02048870743374083,4,0.0,0.0,,,labelled,tier_0,stable
10,vb_V283,numeric,0.00956739450964434,4,0.0,0.0,,,labelled,tier_0,stable
11,vb_V283,numeric,0.031935032335698624,4,0.0,0.0,,,labelled,tier_0,stable
12,vb_V283,numeric,0.03570228613381034,4,0.0,0.0,,,labelled,tier_0,stable
0,vb_V288,numeric,0.0024195773047724135,3,0.0,0.0,,,labelled,tier_0,stable
1,vb_V288,numeric,0.004576012498674904,3,0.0,0.0,,,labelled,tier_0,stable
2,vb_V288,numeric,0.004203572162000658,3,0.0,0.0,,,labelled,tier_0,stable
3,vb_V288,numeric,0.0006156298282537804,3,0.0,0.0,,,labelled,tier_0,stable
4,vb_V288,numeric,0.001422292280853265,3,0.0,0.0,,,labelled,tier_0,stable
5,vb_V288,numeric,0.0012430148260877876,3,0.0,0.0,,,labelled,tier_0,stable
6,vb_V288,numeric,0.001352482247995329,3,0.0,0.0,,,labelled,tier_0,stable
7,vb_V288,numeric,0.002060796928206745,3,0.0,0.0,,,labelled,tier_0,stable
8,vb_V288,numeric,0.008367368167095001,3,0.0,0.0,,,labelled,tier_0,stable
9,vb_V288,numeric,0.006328953563737192,3,0.0,0.0,,,labelled,tier_0,stable
10,vb_V288,numeric,0.037662178743716045,3,0.0,0.0,,,labelled,tier_0,stable
11,vb_V288,numeric,0.0053315550928626,3,0.0,0.0,,,labelled,tier_0,stable
12,vb_V288,numeric,0.004308558214604125,3,0.0,0.0,,,labelled,tier_0,stable
0,vb_V289,numeric,0.0028106533648035786,3,0.0,0.0,,,labelled,tier_0,stable
1,vb_V289,numeric,0.004573746287179771,3,0.0,0.0,,,labelled,tier_0,stable
2,vb_V289,numeric,0.0034117137804676474,3,0.0,0.0,,,labelled,tier_0,stable
3,vb_V289,numeric,0.0006228906172960719,3,0.0,0.0,,,labelled,tier_0,stable
4,vb_V289,numeric,0.0010781096669077467,3,0.0,0.0,,,labelled,tier_0,stable
5,vb_V289,numeric,0.0019436057911568997,3,0.0,0.0,,,labelled,tier_0,stable
6,vb_V289,numeric,0.0022470295133380116,3,0.0,0.0,,,labelled,tier_0,stable
7,vb_V289,numeric,0.0012181648310882383,3,0.0,0.0,,,labelled,tier_0,stable
8,vb_V289,numeric,0.009707077172786335,3,0.0,0.0,,,labelled,tier_0,stable
9,vb_V289,numeric,0.005485815432921175,3,0.0,0.0,,,labelled,tier_0,stable
10,vb_V289,numeric,0.041950328287269086,3,0.0,0.0,,,labelled,tier_0,stable
11,vb_V289,numeric,0.0047256417677178555,3,0.0,0.0,,,labelled,tier_0,stable
12,vb_V289,numeric,0.004479390550952665,3,0.0,0.0,,,labelled,tier_0,stable
0,vb_V296,numeric,0.0026779253914157243,2,0.0,0.0,,,labelled,tier_0,stable
1,vb_V296,numeric,0.001431434571106217,2,0.0,0.0,,,labelled,tier_0,stable
2,vb_V296,numeric,0.0023337262872293926,2,0.0,0.0,,,labelled,tier_0,stable
3,vb_V296,numeric,0.0012151345021924314,2,0.0,0.0,,,labelled,tier_0,stable
4,vb_V296,numeric,0.000847495790553072,2,0.0,0.0,,,labelled,tier_0,stable
5,vb_V296,numeric,0.004212851274780541,2,0.0,0.0,,,labelled,tier_0,stable
6,vb_V296,numeric,0.0022407684768262393,2,0.0,0.0,,,labelled,tier_0,stable
7,vb_V296,numeric,0.0020980025463753493,2,0.0,0.0,,,labelled,tier_0,stable
8,vb_V296,numeric,0.01913688671835104,2,0.0,0.0,,,labelled,tier_0,stable
9,vb_V296,numeric,0.00403081046565181,2,0.0,0.0,,,labelled,tier_0,stable
10,vb_V296,numeric,0.07243368118759935,2,0.0,0.0,,,labelled,tier_0,stable
11,vb_V296,numeric,0.005210264302473719,2,0.0,0.0,,,labelled,tier_0,stable
12,vb_V296,numeric,0.010244585268329555,2,0.0,0.0,,,labelled,tier_0,stable
0,vb_V300,numeric,0.00038436977109414206,2,0.0,0.0,,,labelled,tier_0,stable
1,vb_V300,numeric,0.0006690023549682383,2,0.0,0.0,,,labelled,tier_0,stable
2,vb_V300,numeric,0.00011620486629550984,2,0.0,0.0,,,labelled,tier_0,stable
3,vb_V300,numeric,0.0001877033585351108,2,0.0,0.0,,,labelled,tier_0,stable
4,vb_V300,numeric,0.0022053410793603,2,0.0,0.0,,,labelled,tier_0,stable
5,vb_V300,numeric,0.00021057197358878248,2,0.0,0.0,,,labelled,tier_0,stable
6,vb_V300,numeric,4.740314780731101e-07,2,0.0,0.0,,,labelled,tier_0,stable
7,vb_V300,numeric,9.789573465891255e-06,2,0.0,0.0,,,labelled,tier_0,stable
8,vb_V300,numeric,0.0008840220986786416,2,0.0,0.0,,,labelled,tier_0,stable
9,vb_V300,numeric,0.0009328491547982841,2,0.0,0.0,,,labelled,tier_0,stable
10,vb_V300,numeric,0.0009370204516457941,2,0.0,0.0,,,labelled,tier_0,stable
11,vb_V300,numeric,0.0007552730183139055,2,0.0,0.0,,,labelled,tier_0,stable
12,vb_V300,numeric,0.0012934763314971928,2,0.0,0.0,,,labelled,tier_0,stable
0,vb_V313,numeric,0.004088945519468682,3,0.0,0.0,,,labelled,tier_0,stable
1,vb_V313,numeric,0.005730241016933532,3,0.0,0.0,,,labelled,tier_0,stable
2,vb_V313,numeric,0.003467654344357945,3,0.0,0.0,,,labelled,tier_0,stable
3,vb_V313,numeric,0.0008144768700716122,3,0.0,0.0,,,labelled,tier_0,stable
4,vb_V313,numeric,0.0023140772785746402,3,0.0,0.0,,,labelled,tier_0,stable
5,vb_V313,numeric,0.002845019200724072,3,0.0,0.0,,,labelled,tier_0,stable
6,vb_V313,numeric,0.0015093970013116483,3,0.0,0.0,,,labelled,tier_0,stable
7,vb_V313,numeric,0.00134470259208021,3,0.0,0.0,,,labelled,tier_0,stable
8,vb_V313,numeric,0.009877617345802595,3,0.0,0.0,,,labelled,tier_0,stable
9,vb_V313,numeric,0.005906170758631245,3,0.0,0.0,,,labelled,tier_0,stable
10,vb_V313,numeric,0.04977392331338398,3,0.0,0.0,,,labelled,tier_0,stable
11,vb_V313,numeric,0.005178570420133312,3,0.0,0.0,,,labelled,tier_0,stable
12,vb_V313,numeric,0.0077621332254205954,3,0.0,0.0,,,labelled,tier_0,stable
0,vb_V314,numeric,0.007629646801077836,3,0.0,0.0,,,labelled,tier_0,stable
1,vb_V314,numeric,0.008300856037638601,3,0.0,0.0,,,labelled,tier_0,stable
2,vb_V314,numeric,0.007147646639110054,3,0.0,0.0,,,labelled,tier_0,stable
3,vb_V314,numeric,0.003559322566029075,3,0.0,0.0,,,labelled,tier_0,stable
4,vb_V314,numeric,0.0037307049105040164,3,0.0,0.0,,,labelled,tier_0,stable
5,vb_V314,numeric,0.003018070489293573,3,0.0,0.0,,,labelled,tier_0,stable
6,vb_V314,numeric,0.002724689458590515,3,0.0,0.0,,,labelled,tier_0,stable
7,vb_V314,numeric,0.0025674896677189783,3,0.0,0.0,,,labelled,tier_0,stable
8,vb_V314,numeric,0.010797479202447691,3,0.0,0.0,,,labelled,tier_0,stable
9,vb_V314,numeric,0.0058936213859899075,3,0.0,0.0,,,labelled,tier_0,stable
10,vb_V314,numeric,0.05155933127707058,3,0.0,0.0,,,labelled,tier_0,stable
11,vb_V314,numeric,0.005321650886684209,3,0.0,0.0,,,labelled,tier_0,stable
12,vb_V314,numeric,0.0077909281756656165,3,0.0,0.0,,,labelled,tier_0,stable
0,vb_V322,numeric,0.011260476438149453,2,0.0,0.0,,,labelled,tier_0,stable
1,vb_V322,numeric,0.014535177651775052,2,0.0,0.0,,,labelled,tier_0,stable
2,vb_V322,numeric,0.007671993895092225,2,0.0,0.0,,,labelled,tier_0,stable
3,vb_V322,numeric,0.010602961729671572,2,0.0,0.0,,,labelled,tier_0,stable
4,vb_V322,numeric,0.012363786721042939,2,0.0,0.0,,,labelled,tier_0,stable
5,vb_V322,numeric,0.0021419274166964383,2,0.0,0.0,,,labelled,tier_0,stable
6,vb_V322,numeric,0.008258436133645554,2,0.0,0.0,,,labelled,tier_0,stable
7,vb_V322,numeric,0.006533233258684703,2,0.0,0.0,,,labelled,tier_0,stable
8,vb_V322,numeric,0.012657256032649517,2,0.0,0.0,,,labelled,tier_0,stable
9,vb_V322,numeric,0.002060671850187254,2,0.0,0.0,,,labelled,tier_0,stable
10,vb_V322,numeric,0.04940447562447357,2,0.0,0.0,,,labelled,tier_0,stable
11,vb_V322,numeric,0.002692712574445803,2,0.0,0.0,,,labelled,tier_0,stable
12,vb_V322,numeric,0.0011039129902108437,2,0.0,0.0,,,labelled,tier_0,stable
0,vb_V323,numeric,0.013655547667902104,2,0.0,0.0,,,labelled,tier_0,stable
1,vb_V323,numeric,0.01395820500072616,2,0.0,0.0,,,labelled,tier_0,stable
2,vb_V323,numeric,0.007387927323748387,2,0.0,0.0,,,labelled,tier_0,stable
3,vb_V323,numeric,0.007388053945014406,2,0.0,0.0,,,labelled,tier_0,stable
4,vb_V323,numeric,0.010578782144887737,2,0.0,0.0,,,labelled,tier_0,stable
5,vb_V323,numeric,0.0018436211497999222,2,0.0,0.0,,,labelled,tier_0,stable
6,vb_V323,numeric,0.006734198246046651,2,0.0,0.0,,,labelled,tier_0,stable
7,vb_V323,numeric,0.005130108971579265,2,0.0,0.0,,,labelled,tier_0,stable
8,vb_V323,numeric,0.009188616144763136,2,0.0,0.0,,,labelled,tier_0,stable
9,vb_V323,numeric,0.0014182342968666675,2,0.0,0.0,,,labelled,tier_0,stable
10,vb_V323,numeric,0.04072216825412211,2,0.0,0.0,,,labelled,tier_0,stable
11,vb_V323,numeric,0.0017806880815522978,2,0.0,0.0,,,labelled,tier_0,stable
12,vb_V323,numeric,0.0008650448066697988,2,0.0,0.0,,,labelled,tier_0,stable
0,vb_V324,numeric,0.011476642951653933,2,0.0,0.0,,,labelled,tier_0,stable
1,vb_V324,numeric,0.014324278206847913,2,0.0,0.0,,,labelled,tier_0,stable
2,vb_V324,numeric,0.006617213683691221,2,0.0,0.0,,,labelled,tier_0,stable
3,vb_V324,numeric,0.007925688046798506,2,0.0,0.0,,,labelled,tier_0,stable
4,vb_V324,numeric,0.010621963803505009,2,0.0,0.0,,,labelled,tier_0,stable
5,vb_V324,numeric,0.001885293568776195,2,0.0,0.0,,,labelled,tier_0,stable
6,vb_V324,numeric,0.006371889119326229,2,0.0,0.0,,,labelled,tier_0,stable
7,vb_V324,numeric,0.00458826572999508,2,0.0,0.0,,,labelled,tier_0,stable
8,vb_V324,numeric,0.010451561352384963,2,0.0,0.0,,,labelled,tier_0,stable
9,vb_V324,numeric,0.0016640206586828882,2,0.0,0.0,,,labelled,tier_0,stable
10,vb_V324,numeric,0.044162136342800834,2,0.0,0.0,,,labelled,tier_0,stable
11,vb_V324,numeric,0.0016114524237968526,2,0.0,0.0,,,labelled,tier_0,stable
12,vb_V324,numeric,0.0006934606088924565,2,0.0,0.0,,,labelled,tier_0,stable
0,vb_V325,numeric,0.004182471362886595,2,0.0,0.0,,,labelled,tier_0,stable
1,vb_V325,numeric,0.004076272199319895,2,0.0,0.0,,,labelled,tier_0,stable
2,vb_V325,numeric,0.0019076119338469503,2,0.0,0.0,,,labelled,tier_0,stable
3,vb_V325,numeric,0.0016391648568820651,2,0.0,0.0,,,labelled,tier_0,stable
4,vb_V325,numeric,0.0026818796202522288,2,0.0,0.0,,,labelled,tier_0,stable
5,vb_V325,numeric,0.0030308514490238595,2,0.0,0.0,,,labelled,tier_0,stable
6,vb_V325,numeric,0.0026158173145241167,2,0.0,0.0,,,labelled,tier_0,stable
7,vb_V325,numeric,0.002357577749733983,2,0.0,0.0,,,labelled,tier_0,stable
8,vb_V325,numeric,0.027420834522957856,2,0.0,0.0,,,labelled,tier_0,stable
9,vb_V325,numeric,0.0005728627011405942,2,0.0,0.0,,,labelled,tier_0,stable
10,vb_V325,numeric,0.04032451842021474,2,0.0,0.0,,,labelled,tier_0,stable
11,vb_V325,numeric,0.0020135825002537753,2,0.0,0.0,,,labelled,tier_0,stable
12,vb_V325,numeric,0.0017934771192864099,2,0.0,0.0,,,labelled,tier_0,stable
0,vb_V326,numeric,0.003988495688924658,2,0.0,0.0,,,labelled,tier_0,stable
1,vb_V326,numeric,0.0034516337037965683,2,0.0,0.0,,,labelled,tier_0,stable
2,vb_V326,numeric,0.0014483449606003125,2,0.0,0.0,,,labelled,tier_0,stable
3,vb_V326,numeric,0.0003730735111940605,2,0.0,0.0,,,labelled,tier_0,stable
4,vb_V326,numeric,0.0023028953121096794,2,0.0,0.0,,,labelled,tier_0,stable
5,vb_V326,numeric,0.0009609118970346366,2,0.0,0.0,,,labelled,tier_0,stable
6,vb_V326,numeric,0.0013860238608160045,2,0.0,0.0,,,labelled,tier_0,stable
7,vb_V326,numeric,0.0009749428264318015,2,0.0,0.0,,,labelled,tier_0,stable
8,vb_V326,numeric,0.018558316160906124,2,0.0,0.0,,,labelled,tier_0,stable
9,vb_V326,numeric,0.0001272315933621351,2,0.0,0.0,,,labelled,tier_0,stable
10,vb_V326,numeric,0.09904952586768788,2,0.0,0.0,,,labelled,tier_0,stable
11,vb_V326,numeric,4.467349368756224e-08,2,0.0,0.0,,,labelled,tier_0,stable
12,vb_V326,numeric,0.0006360526802059154,2,0.0,0.0,,,labelled,tier_0,stable
0,vb_V327,numeric,0.0032552927455305565,2,0.0,0.0,,,labelled,tier_0,stable
1,vb_V327,numeric,0.003289749251412555,2,0.0,0.0,,,labelled,tier_0,stable
2,vb_V327,numeric,0.0009764101853928928,2,0.0,0.0,,,labelled,tier_0,stable
3,vb_V327,numeric,0.00020657319546923624,2,0.0,0.0,,,labelled,tier_0,stable
4,vb_V327,numeric,0.0014539678894686396,2,0.0,0.0,,,labelled,tier_0,stable
5,vb_V327,numeric,0.0009178447136894248,2,0.0,0.0,,,labelled,tier_0,stable
6,vb_V327,numeric,0.0009299693622832642,2,0.0,0.0,,,labelled,tier_0,stable
7,vb_V327,numeric,0.00058229381469105,2,0.0,0.0,,,labelled,tier_0,stable
8,vb_V327,numeric,0.023083675720062202,2,0.0,0.0,,,labelled,tier_0,stable
9,vb_V327,numeric,9.346445070647754e-05,2,0.0,0.0,,,labelled,tier_0,stable
10,vb_V327,numeric,0.1160570526870275,2,0.0,0.0,,,labelled,tier_0,moderate
11,vb_V327,numeric,2.5374914440881447e-05,2,0.0,0.0,,,labelled,tier_0,stable
12,vb_V327,numeric,0.0010224187107939233,2,0.0,0.0,,,labelled,tier_0,stable
0,vb_V328,numeric,0.004346106853550202,2,0.0,0.0,,,labelled,tier_0,stable
1,vb_V328,numeric,0.006999866776435561,2,0.0,0.0,,,labelled,tier_0,stable
2,vb_V328,numeric,0.0033534974373050637,2,0.0,0.0,,,labelled,tier_0,stable
3,vb_V328,numeric,0.007834097317647703,2,0.0,0.0,,,labelled,tier_0,stable
4,vb_V328,numeric,0.005746941069047965,2,0.0,0.0,,,labelled,tier_0,stable
5,vb_V328,numeric,0.00012264368078883972,2,0.0,0.0,,,labelled,tier_0,stable
6,vb_V328,numeric,0.002141517325386938,2,0.0,0.0,,,labelled,tier_0,stable
7,vb_V328,numeric,0.001437354643946781,2,0.0,0.0,,,labelled,tier_0,stable
8,vb_V328,numeric,0.030579256094022306,2,0.0,0.0,,,labelled,tier_0,stable
9,vb_V328,numeric,3.2672963920482244e-07,2,0.0,0.0,,,labelled,tier_0,stable
10,vb_V328,numeric,0.09605874768343196,2,0.0,0.0,,,labelled,tier_0,stable
11,vb_V328,numeric,0.00045728350394313934,2,0.0,0.0,,,labelled,tier_0,stable
12,vb_V328,numeric,0.0001316056106991623,2,0.0,0.0,,,labelled,tier_0,stable
0,vb_V329,numeric,0.004788874982229577,2,0.0,0.0,,,labelled,tier_0,stable
1,vb_V329,numeric,0.006615592485455495,2,0.0,0.0,,,labelled,tier_0,stable
2,vb_V329,numeric,0.0029127120092643745,2,0.0,0.0,,,labelled,tier_0,stable
3,vb_V329,numeric,0.0048760806712473195,2,0.0,0.0,,,labelled,tier_0,stable
4,vb_V329,numeric,0.005153835200434714,2,0.0,0.0,,,labelled,tier_0,stable
5,vb_V329,numeric,9.780397658009451e-05,2,0.0,0.0,,,labelled,tier_0,stable
6,vb_V329,numeric,0.0015302552416622632,2,0.0,0.0,,,labelled,tier_0,stable
7,vb_V329,numeric,0.0007945188355446996,2,0.0,0.0,,,labelled,tier_0,stable
8,vb_V329,numeric,0.030065184667676704,2,0.0,0.0,,,labelled,tier_0,stable
9,vb_V329,numeric,7.651199598763233e-05,2,0.0,0.0,,,labelled,tier_0,stable
10,vb_V329,numeric,0.09087305403086648,2,0.0,0.0,,,labelled,tier_0,stable
11,vb_V329,numeric,4.824085627427222e-05,2,0.0,0.0,,,labelled,tier_0,stable
12,vb_V329,numeric,3.0301701761953165e-06,2,0.0,0.0,,,labelled,tier_0,stable
0,vb_V331,numeric,0.011260476438149453,2,0.0,0.0,,,labelled,tier_0,stable
1,vb_V331,numeric,0.014535177651775052,2,0.0,0.0,,,labelled,tier_0,stable
2,vb_V331,numeric,0.007671993895092225,2,0.0,0.0,,,labelled,tier_0,stable
3,vb_V331,numeric,0.010602961729671572,2,0.0,0.0,,,labelled,tier_0,stable
4,vb_V331,numeric,0.012363786721042939,2,0.0,0.0,,,labelled,tier_0,stable
5,vb_V331,numeric,0.0021419274166964383,2,0.0,0.0,,,labelled,tier_0,stable
6,vb_V331,numeric,0.008258436133645554,2,0.0,0.0,,,labelled,tier_0,stable
7,vb_V331,numeric,0.006533233258684703,2,0.0,0.0,,,labelled,tier_0,stable
8,vb_V331,numeric,0.012657256032649517,2,0.0,0.0,,,labelled,tier_0,stable
9,vb_V331,numeric,0.002060671850187254,2,0.0,0.0,,,labelled,tier_0,stable
10,vb_V331,numeric,0.04940447562447357,2,0.0,0.0,,,labelled,tier_0,stable
11,vb_V331,numeric,0.002692712574445803,2,0.0,0.0,,,labelled,tier_0,stable
12,vb_V331,numeric,0.0011039129902108437,2,0.0,0.0,,,labelled,tier_0,stable
0,vb_V332,numeric,0.013655547667902104,2,0.0,0.0,,,labelled,tier_0,stable
1,vb_V332,numeric,0.01395820500072616,2,0.0,0.0,,,labelled,tier_0,stable
2,vb_V332,numeric,0.007387927323748387,2,0.0,0.0,,,labelled,tier_0,stable
3,vb_V332,numeric,0.007388053945014406,2,0.0,0.0,,,labelled,tier_0,stable
4,vb_V332,numeric,0.010578782144887737,2,0.0,0.0,,,labelled,tier_0,stable
5,vb_V332,numeric,0.0018436211497999222,2,0.0,0.0,,,labelled,tier_0,stable
6,vb_V332,numeric,0.006734198246046651,2,0.0,0.0,,,labelled,tier_0,stable
7,vb_V332,numeric,0.005130108971579265,2,0.0,0.0,,,labelled,tier_0,stable
8,vb_V332,numeric,0.009188616144763136,2,0.0,0.0,,,labelled,tier_0,stable
9,vb_V332,numeric,0.0014182342968666675,2,0.0,0.0,,,labelled,tier_0,stable
10,vb_V332,numeric,0.04072216825412211,2,0.0,0.0,,,labelled,tier_0,stable
11,vb_V332,numeric,0.0017806880815522978,2,0.0,0.0,,,labelled,tier_0,stable
12,vb_V332,numeric,0.0008650448066697988,2,0.0,0.0,,,labelled,tier_0,stable
0,vb_V334,numeric,0.004182471362886595,2,0.0,0.0,,,labelled,tier_0,stable
1,vb_V334,numeric,0.004076272199319895,2,0.0,0.0,,,labelled,tier_0,stable
2,vb_V334,numeric,0.0019076119338469503,2,0.0,0.0,,,labelled,tier_0,stable
3,vb_V334,numeric,0.0016391648568820651,2,0.0,0.0,,,labelled,tier_0,stable
4,vb_V334,numeric,0.0026818796202522288,2,0.0,0.0,,,labelled,tier_0,stable
5,vb_V334,numeric,0.0030308514490238595,2,0.0,0.0,,,labelled,tier_0,stable
6,vb_V334,numeric,0.0026158173145241167,2,0.0,0.0,,,labelled,tier_0,stable
7,vb_V334,numeric,0.002357577749733983,2,0.0,0.0,,,labelled,tier_0,stable
8,vb_V334,numeric,0.027420834522957856,2,0.0,0.0,,,labelled,tier_0,stable
9,vb_V334,numeric,0.0005728627011405942,2,0.0,0.0,,,labelled,tier_0,stable
10,vb_V334,numeric,0.04032451842021474,2,0.0,0.0,,,labelled,tier_0,stable
11,vb_V334,numeric,0.0020135825002537753,2,0.0,0.0,,,labelled,tier_0,stable
12,vb_V334,numeric,0.0017934771192864099,2,0.0,0.0,,,labelled,tier_0,stable
0,vb_V337,numeric,0.004346106853550202,2,0.0,0.0,,,labelled,tier_0,stable
1,vb_V337,numeric,0.006999866776435561,2,0.0,0.0,,,labelled,tier_0,stable
2,vb_V337,numeric,0.0033534974373050637,2,0.0,0.0,,,labelled,tier_0,stable
3,vb_V337,numeric,0.007834097317647703,2,0.0,0.0,,,labelled,tier_0,stable
4,vb_V337,numeric,0.005746941069047965,2,0.0,0.0,,,labelled,tier_0,stable
5,vb_V337,numeric,0.00012264368078883972,2,0.0,0.0,,,labelled,tier_0,stable
6,vb_V337,numeric,0.002141517325386938,2,0.0,0.0,,,labelled,tier_0,stable
7,vb_V337,numeric,0.001437354643946781,2,0.0,0.0,,,labelled,tier_0,stable
8,vb_V337,numeric,0.030579256094022306,2,0.0,0.0,,,labelled,tier_0,stable
9,vb_V337,numeric,3.2672963920482244e-07,2,0.0,0.0,,,labelled,tier_0,stable
10,vb_V337,numeric,0.09605874768343196,2,0.0,0.0,,,labelled,tier_0,stable
11,vb_V337,numeric,0.00045728350394313934,2,0.0,0.0,,,labelled,tier_0,stable
12,vb_V337,numeric,0.0001316056106991623,2,0.0,0.0,,,labelled,tier_0,stable
0,vb_V338,numeric,0.004788874982229577,2,0.0,0.0,,,labelled,tier_0,stable
1,vb_V338,numeric,0.006615592485455495,2,0.0,0.0,,,labelled,tier_0,stable
2,vb_V338,numeric,0.0029127120092643745,2,0.0,0.0,,,labelled,tier_0,stable
3,vb_V338,numeric,0.0048760806712473195,2,0.0,0.0,,,labelled,tier_0,stable
4,vb_V338,numeric,0.005153835200434714,2,0.0,0.0,,,labelled,tier_0,stable
5,vb_V338,numeric,9.780397658009451e-05,2,0.0,0.0,,,labelled,tier_0,stable
6,vb_V338,numeric,0.0015302552416622632,2,0.0,0.0,,,labelled,tier_0,stable
7,vb_V338,numeric,0.0007945188355446996,2,0.0,0.0,,,labelled,tier_0,stable
8,vb_V338,numeric,0.030065184667676704,2,0.0,0.0,,,labelled,tier_0,stable
9,vb_V338,numeric,7.651199598763233e-05,2,0.0,0.0,,,labelled,tier_0,stable
10,vb_V338,numeric,0.09087305403086648,2,0.0,0.0,,,labelled,tier_0,stable
11,vb_V338,numeric,4.824085627427222e-05,2,0.0,0.0,,,labelled,tier_0,stable
12,vb_V338,numeric,3.0301701761953165e-06,2,0.0,0.0,,,labelled,tier_0,stable
0,vb_present_V1,numeric,0.6097495081217952,2,0.0,0.0,,,labelled,tier_0,significant
1,vb_present_V1,numeric,0.13329246813622644,2,0.0,0.0,,,labelled,tier_0,moderate
2,vb_present_V1,numeric,0.23289192801432212,2,0.0,0.0,,,labelled,tier_0,moderate
3,vb_present_V1,numeric,0.3521143115817067,2,0.0,0.0,,,labelled,tier_0,significant
4,vb_present_V1,numeric,0.4951501018585759,2,0.0,0.0,,,labelled,tier_0,significant
5,vb_present_V1,numeric,0.4509724304620699,2,0.0,0.0,,,labelled,tier_0,significant
6,vb_present_V1,numeric,0.6253417501903094,2,0.0,0.0,,,labelled,tier_0,significant
7,vb_present_V1,numeric,0.5156862413912946,2,0.0,0.0,,,labelled,tier_0,significant
8,vb_present_V1,numeric,0.3152505162683155,2,0.0,0.0,,,labelled,tier_0,significant
9,vb_present_V1,numeric,0.4638776570473193,2,0.0,0.0,,,labelled,tier_0,significant
10,vb_present_V1,numeric,0.4106086515789943,2,0.0,0.0,,,labelled,tier_0,significant
11,vb_present_V1,numeric,0.5910773614901006,2,0.0,0.0,,,labelled,tier_0,significant
12,vb_present_V1,numeric,0.5531038961926917,2,0.0,0.0,,,labelled,tier_0,significant
0,vb_present_V12,numeric,0.12911588995879533,2,0.0,0.0,,,labelled,tier_0,moderate
1,vb_present_V12,numeric,0.030704684802274354,2,0.0,0.0,,,labelled,tier_0,stable
2,vb_present_V12,numeric,0.049748915432939286,2,0.0,0.0,,,labelled,tier_0,stable
3,vb_present_V12,numeric,0.0812445625672191,2,0.0,0.0,,,labelled,tier_0,stable
4,vb_present_V12,numeric,0.08208567692707157,2,0.0,0.0,,,labelled,tier_0,stable
5,vb_present_V12,numeric,0.0820299745360005,2,0.0,0.0,,,labelled,tier_0,stable
6,vb_present_V12,numeric,0.11646376187876213,2,0.0,0.0,,,labelled,tier_0,moderate
7,vb_present_V12,numeric,0.0750146409280241,2,0.0,0.0,,,labelled,tier_0,stable
8,vb_present_V12,numeric,0.024161784291236128,2,0.0,0.0,,,labelled,tier_0,stable
9,vb_present_V12,numeric,0.10469537423057076,2,0.0,0.0,,,labelled,tier_0,moderate
10,vb_present_V12,numeric,0.10770475793200378,2,0.0,0.0,,,labelled,tier_0,moderate
11,vb_present_V12,numeric,0.09877169435416032,2,0.0,0.0,,,labelled,tier_0,stable
12,vb_present_V12,numeric,0.06859448587721687,2,0.0,0.0,,,labelled,tier_0,stable
0,vb_present_V35,numeric,0.08322568501869138,2,0.0,0.0,,,labelled,tier_0,stable
1,vb_present_V35,numeric,0.04737992753474283,2,0.0,0.0,,,labelled,tier_0,stable
2,vb_present_V35,numeric,2.8487506358909135e-05,2,0.0,0.0,,,labelled,tier_0,stable
3,vb_present_V35,numeric,0.02514139910326736,2,0.0,0.0,,,labelled,tier_0,stable
4,vb_present_V35,numeric,0.021046153990406283,2,0.0,0.0,,,labelled,tier_0,stable
5,vb_present_V35,numeric,0.048669726782238056,2,0.0,0.0,,,labelled,tier_0,stable
6,vb_present_V35,numeric,0.034675615456966326,2,0.0,0.0,,,labelled,tier_0,stable
7,vb_present_V35,numeric,0.023365614876763384,2,0.0,0.0,,,labelled,tier_0,stable
8,vb_present_V35,numeric,0.012105309398183524,2,0.0,0.0,,,labelled,tier_0,stable
9,vb_present_V35,numeric,0.054314426223586676,2,0.0,0.0,,,labelled,tier_0,stable
10,vb_present_V35,numeric,0.006987500386671555,2,0.0,0.0,,,labelled,tier_0,stable
11,vb_present_V35,numeric,0.05946371483945778,2,0.0,0.0,,,labelled,tier_0,stable
12,vb_present_V35,numeric,0.057546377852117976,2,0.0,0.0,,,labelled,tier_0,stable
0,vb_present_V53,numeric,0.1205449986617744,2,0.0,0.0,,,labelled,tier_0,moderate
1,vb_present_V53,numeric,0.10785389663750258,2,0.0,0.0,,,labelled,tier_0,moderate
2,vb_present_V53,numeric,0.09681583775005023,2,0.0,0.0,,,labelled,tier_0,stable
3,vb_present_V53,numeric,0.09337208498121131,2,0.0,0.0,,,labelled,tier_0,stable
4,vb_present_V53,numeric,0.09655799435294019,2,0.0,0.0,,,labelled,tier_0,stable
5,vb_present_V53,numeric,0.07508535074892199,2,0.0,0.0,,,labelled,tier_0,stable
6,vb_present_V53,numeric,0.09952253583129436,2,0.0,0.0,,,labelled,tier_0,stable
7,vb_present_V53,numeric,0.07456998949038394,2,0.0,0.0,,,labelled,tier_0,stable
8,vb_present_V53,numeric,0.019480497139726587,2,0.0,0.0,,,labelled,tier_0,stable
9,vb_present_V53,numeric,0.09341030189963603,2,0.0,0.0,,,labelled,tier_0,stable
10,vb_present_V53,numeric,0.0999896331923682,2,0.0,0.0,,,labelled,tier_0,stable
11,vb_present_V53,numeric,0.09165430198889976,2,0.0,0.0,,,labelled,tier_0,stable
12,vb_present_V53,numeric,0.06615123100284885,2,0.0,0.0,,,labelled,tier_0,stable
0,vb_present_V75,numeric,0.16482040589489294,2,0.0,0.0,,,labelled,tier_0,moderate
1,vb_present_V75,numeric,0.06329039405313276,2,0.0,0.0,,,labelled,tier_0,stable
2,vb_present_V75,numeric,3.4491769028041415e-05,2,0.0,0.0,,,labelled,tier_0,stable
3,vb_present_V75,numeric,0.050502470241770916,2,0.0,0.0,,,labelled,tier_0,stable
4,vb_present_V75,numeric,0.04442377755778702,2,0.0,0.0,,,labelled,tier_0,stable
5,vb_present_V75,numeric,0.1090102597095944,2,0.0,0.0,,,labelled,tier_0,moderate
6,vb_present_V75,numeric,0.14490654953299095,2,0.0,0.0,,,labelled,tier_0,moderate
7,vb_present_V75,numeric,0.07293822795216932,2,0.0,0.0,,,labelled,tier_0,stable
8,vb_present_V75,numeric,0.019407603605683776,2,0.0,0.0,,,labelled,tier_0,stable
9,vb_present_V75,numeric,0.11995980222764983,2,0.0,0.0,,,labelled,tier_0,moderate
10,vb_present_V75,numeric,0.021610994347412805,2,0.0,0.0,,,labelled,tier_0,stable
11,vb_present_V75,numeric,0.12683050682895097,2,0.0,0.0,,,labelled,tier_0,moderate
12,vb_present_V75,numeric,0.09181511480864543,2,0.0,0.0,,,labelled,tier_0,stable
0,vb_present_V167,numeric,0.08419744460759235,2,0.0,0.0,,,labelled,tier_0,stable
1,vb_present_V167,numeric,0.09010170848498557,2,0.0,0.0,,,labelled,tier_0,stable
2,vb_present_V167,numeric,0.06349400503949194,2,0.0,0.0,,,labelled,tier_0,stable
3,vb_present_V167,numeric,0.059540632433956873,2,0.0,0.0,,,labelled,tier_0,stable
4,vb_present_V167,numeric,0.09013503391137295,2,0.0,0.0,,,labelled,tier_0,stable
5,vb_present_V167,numeric,0.06546610145957818,2,0.0,0.0,,,labelled,tier_0,stable
6,vb_present_V167,numeric,0.08885362789326315,2,0.0,0.0,,,labelled,tier_0,stable
7,vb_present_V167,numeric,0.05525956030695866,2,0.0,0.0,,,labelled,tier_0,stable
8,vb_present_V167,numeric,0.00012459829148455718,2,0.0,0.0,,,labelled,tier_0,stable
9,vb_present_V167,numeric,0.03335823753312403,2,0.0,0.0,,,labelled,tier_0,stable
10,vb_present_V167,numeric,0.010808125259438556,2,0.0,0.0,,,labelled,tier_0,stable
11,vb_present_V167,numeric,0.0543220462956758,2,0.0,0.0,,,labelled,tier_0,stable
12,vb_present_V167,numeric,0.0662452525819359,2,0.0,0.0,,,labelled,tier_0,stable
0,TransactionAmt,numeric,0.017113683038054033,10,0.0,0.0,,,unlabelled,tier_1,stable
1,TransactionAmt,numeric,0.015573546017920797,10,0.0,0.0,,,unlabelled,tier_1,stable
2,TransactionAmt,numeric,0.013613299164161447,10,0.0,0.0,,,unlabelled,tier_1,stable
3,TransactionAmt,numeric,0.020660313428471282,10,0.0,0.0,,,unlabelled,tier_1,stable
4,TransactionAmt,numeric,0.017456944007053693,10,0.0,0.0,,,unlabelled,tier_1,stable
5,TransactionAmt,numeric,0.007073224641404945,10,0.0,0.0,,,unlabelled,tier_1,stable
6,TransactionAmt,numeric,0.04265925329322066,10,0.0,0.0,,,unlabelled,tier_1,stable
0,ProductCD,categorical,0.1282949099704583,5,0.0,0.0,0.0,0.0,unlabelled,tier_1,moderate
1,ProductCD,categorical,0.11101277600226958,5,0.0,0.0,0.0,0.0,unlabelled,tier_1,moderate
2,ProductCD,categorical,0.11470902124121361,5,0.0,0.0,0.0,0.0,unlabelled,tier_1,moderate
3,ProductCD,categorical,0.10437189635329427,5,0.0,0.0,0.0,0.0,unlabelled,tier_1,moderate
4,ProductCD,categorical,0.09376278966465047,5,0.0,0.0,0.0,0.0,unlabelled,tier_1,stable
5,ProductCD,categorical,0.03259539084231073,5,0.0,0.0,0.0,0.0,unlabelled,tier_1,stable
6,ProductCD,categorical,0.30554146400577975,5,0.0,0.0,0.0,0.0,unlabelled,tier_1,significant
0,card1,numeric,0.002218329503414128,10,0.0,0.0,,,unlabelled,tier_1,stable
1,card1,numeric,0.0038710320602759985,10,0.0,0.0,,,unlabelled,tier_1,stable
2,card1,numeric,0.0039335102909067495,10,0.0,0.0,,,unlabelled,tier_1,stable
3,card1,numeric,0.006234430879984427,10,0.0,0.0,,,unlabelled,tier_1,stable
4,card1,numeric,0.006491597392498877,10,0.0,0.0,,,unlabelled,tier_1,stable
5,card1,numeric,0.004760662535867188,10,0.0,0.0,,,unlabelled,tier_1,stable
6,card1,numeric,0.019594413281514494,10,0.0,0.0,,,unlabelled,tier_1,stable
0,card2,numeric,0.007777574066404853,10,0.018080126105081237,0.020287856831323777,,,unlabelled,tier_1,stable
1,card2,numeric,0.009040133508827044,10,0.018080126105081237,0.01974720115565186,,,unlabelled,tier_1,stable
2,card2,numeric,0.012537240446034778,10,0.018080126105081237,0.010093568113165844,,,unlabelled,tier_1,stable
3,card2,numeric,0.012361937700084938,10,0.018080126105081237,0.010208219714449525,,,unlabelled,tier_1,stable
4,card2,numeric,0.010316667613317954,10,0.018080126105081237,0.012895945837027484,,,unlabelled,tier_1,stable
5,card2,numeric,0.009996571144539635,10,0.018080126105081237,0.01243363589655763,,,unlabelled,tier_1,stable
6,card2,numeric,0.04241490070391811,10,0.018080126105081237,0.03663866063459822,,,unlabelled,tier_1,stable
0,card3,numeric,0.021494420147582037,3,0.0025892057342360737,0.009792197194591781,,,unlabelled,tier_1,stable
1,card3,numeric,0.02386174559038991,3,0.0025892057342360737,0.008826291079812207,,,unlabelled,tier_1,stable
2,card3,numeric,0.027396905789619543,3,0.0025892057342360737,2.947027186325794e-05,,,unlabelled,tier_1,stable
3,card3,numeric,0.027824608992320338,3,0.0025892057342360737,1.3983862622533596e-05,,,unlabelled,tier_1,stable
4,card3,numeric,0.034432454355486634,3,0.0025892057342360737,0.0,,,unlabelled,tier_1,stable
5,card3,numeric,0.015601116928140032,3,0.0025892057342360737,4.5669920648512876e-05,,,unlabelled,tier_1,stable
6,card3,numeric,0.10302781905140382,3,0.0025892057342360737,0.025974825346997816,,,unlabelled,tier_1,moderate
0,card4,categorical,0.022384202138582217,5,0.0026113627515217124,0.010157997664504693,0.0,0.0,unlabelled,tier_1,stable
1,card4,categorical,0.02401355874812777,5,0.0026113627515217124,0.009014084507042254,0.0,0.0,unlabelled,tier_1,stable
2,card4,categorical,0.023389641313261714,5,0.0026113627515217124,0.00010314595152140278,0.0,0.0,unlabelled,tier_1,stable
3,card4,categorical,0.025707573454317536,5,0.0026113627515217124,0.00013983862622533595,0.0,0.0,unlabelled,tier_1,stable
4,card4,categorical,0.022857331609708306,5,0.0026113627515217124,0.00014776604604927325,0.0,0.0,unlabelled,tier_1,stable
5,card4,categorical,0.007277896442291176,5,0.0026113627515217124,0.00022834960324256436,0.0,0.0,unlabelled,tier_1,stable
6,card4,categorical,0.06723605405502245,5,0.0026113627515217124,0.026036377065829563,0.0,0.0,unlabelled,tier_1,stable
0,card5,numeric,0.012791357778508886,6,0.007891063441871064,0.012043277009440466,,,unlabelled,tier_1,stable
1,card5,numeric,0.01071737368292577,6,0.007891063441871064,0.010978692668833515,,,unlabelled,tier_1,stable
2,card5,numeric,0.01927641771667745,6,0.007891063441871064,0.0025197082443085537,,,unlabelled,tier_1,stable
3,card5,numeric,0.01325608071466491,6,0.007891063441871064,0.002880675700241921,,,unlabelled,tier_1,stable
4,card5,numeric,0.01168186798524147,6,0.007891063441871064,0.0023776900137019424,,,unlabelled,tier_1,stable
5,card5,numeric,0.006143893012600481,6,0.007891063441871064,0.0041673802591768,,,unlabelled,tier_1,stable
6,card5,numeric,0.03648838067013137,6,0.007891063441871064,0.030960514572369435,,,unlabelled,tier_1,stable
0,card6,categorical,0.028224527977734615,4,0.0026018668869707243,0.009792197194591781,9.495864550988045e-05,0.0,unlabelled,tier_1,stable
1,card6,categorical,0.0351697162724093,4,0.0026018668869707243,0.00884073672806067,9.495864550988045e-05,1.444564824846515e-05,unlabelled,tier_1,stable
2,card6,categorical,0.03686977077384459,4,0.0026018668869707243,2.947027186325794e-05,9.495864550988045e-05,0.0,unlabelled,tier_1,stable
3,card6,categorical,0.053745137501514856,4,0.0026018668869707243,1.3983862622533596e-05,9.495864550988045e-05,0.0,unlabelled,tier_1,stable
4,card6,categorical,0.042404831312647454,4,0.0026018668869707243,1.3433276913570296e-05,9.495864550988045e-05,0.0,unlabelled,tier_1,stable
5,card6,categorical,0.01059739411700312,4,0.0026018668869707243,5.708740081064109e-05,9.495864550988045e-05,0.0,unlabelled,tier_1,stable
6,card6,categorical,0.06318623085302258,4,0.0026018668869707243,0.026005601206413688,9.495864550988045e-05,0.0,unlabelled,tier_1,stable
0,addr1,numeric,0.0026454204831928593,10,0.11149094569315063,0.09778127945748977,,,unlabelled,tier_1,stable
1,addr1,numeric,0.004374369547772702,10,0.11149094569315063,0.09328999638858794,,,unlabelled,tier_1,stable
2,addr1,numeric,0.00829941262966271,10,0.11149094569315063,0.08637736683120902,,,unlabelled,tier_1,stable
3,addr1,numeric,0.01945134511526571,10,0.11149094569315063,0.15515095579701024,,,unlabelled,tier_1,stable
4,addr1,numeric,0.023250332773245015,10,0.11149094569315063,0.16282474946938555,,,unlabelled,tier_1,stable
5,addr1,numeric,0.006993985837220192,10,0.11149094569315063,0.13555974196494833,,,unlabelled,tier_1,stable
6,addr1,numeric,0.035401915308205405,10,0.11149094569315063,0.1731142092142923,,,unlabelled,tier_1,stable
0,addr2,numeric,0.003156845511083619,2,0.11149094569315063,0.09778127945748977,,,unlabelled,tier_1,stable
1,addr2,numeric,0.003851533882499686,2,0.11149094569315063,0.09328999638858794,,,unlabelled,tier_1,stable
2,addr2,numeric,0.007262114061047652,2,0.11149094569315063,0.08637736683120902,,,unlabelled,tier_1,stable
3,addr2,numeric,0.016911277302137727,2,0.11149094569315063,0.15515095579701024,,,unlabelled,tier_1,stable
4,addr2,numeric,0.022528605175584773,2,0.11149094569315063,0.16282474946938555,,,unlabelled,tier_1,stable
5,addr2,numeric,0.005400798120805005,2,0.11149094569315063,0.13555974196494833,,,unlabelled,tier_1,stable
6,addr2,numeric,0.032560826752519666,2,0.11149094569315063,0.1731142092142923,,,unlabelled,tier_1,stable
0,dist1,numeric,0.03835118285958731,10,0.6189182944161151,0.5339420628332653,,,unlabelled,tier_1,stable
1,dist1,numeric,0.04036287024549372,10,0.6189182944161151,0.5322932466594439,,,unlabelled,tier_1,stable
2,dist1,numeric,0.054577786577415105,10,0.6189182944161151,0.5167464819862964,,,unlabelled,tier_1,stable
3,dist1,numeric,0.02963442937006048,10,0.6189182944161151,0.5507264616632406,,,unlabelled,tier_1,stable
4,dist1,numeric,0.026894600906991882,10,0.6189182944161151,0.5542435721769968,,,unlabelled,tier_1,stable
5,dist1,numeric,0.009113712530171531,10,0.6189182944161151,0.6053205457555517,,,unlabelled,tier_1,stable
6,dist1,numeric,0.06922674904054062,10,0.6189182944161151,0.73385036777152,,,unlabelled,tier_1,stable
0,dist2,numeric,0.02462537310260995,9,0.9193168041984382,0.9520660691925658,,,unlabelled,tier_1,stable
1,dist2,numeric,0.02467142920774176,9,0.9193168041984382,0.9524593716143012,,,unlabelled,tier_1,stable
2,dist2,numeric,0.03262893680132112,9,0.9193168041984382,0.9564282030501732,,,unlabelled,tier_1,stable
3,dist2,numeric,0.01212865916006251,9,0.9193168041984382,0.9311574443092671,,,unlabelled,tier_1,stable
4,dist2,numeric,0.006605635484560404,9,0.9193168041984382,0.9198167701028989,,,unlabelled,tier_1,stable
5,dist2,numeric,0.008999304992853108,9,0.9193168041984382,0.906673517154764,,,unlabelled,tier_1,stable
6,dist2,numeric,0.025524507417412124,9,0.9193168041984382,0.8812821223032653,,,unlabelled,tier_1,stable
0,P_emaildomain,categorical,0.01428054364053977,52,0.15825807860676674,0.15032992388536376,0.0008419666568542733,0.0013647171377520154,unlabelled,tier_1,stable
1,P_emaildomain,categorical,0.016073726629302273,52,0.15825807860676674,0.15026363308053448,0.0008419666568542733,0.0016756951968219574,unlabelled,tier_1,stable
2,P_emaildomain,categorical,0.01427839211248561,52,0.15825807860676674,0.15104987843512857,0.0008419666568542733,0.0013408973697782362,unlabelled,tier_1,stable
3,P_emaildomain,categorical,0.011195935449440047,52,0.15825807860676674,0.1494735075722616,0.0008419666568542733,0.0010068381088224189,unlabelled,tier_1,stable
4,P_emaildomain,categorical,0.017014210227922252,52,0.15825807860676674,0.13536713145804788,0.0008419666568542733,0.0020149915370355443,unlabelled,tier_1,stable
5,P_emaildomain,categorical,0.01294808409803255,52,0.15825807860676674,0.13211166295598561,0.0008419666568542733,0.0016555346235085917,unlabelled,tier_1,stable
6,P_emaildomain,categorical,0.07387697754113229,52,0.15825807860676674,0.08489520819868895,0.0008419666568542733,0.0011694826578032191,unlabelled,tier_1,stable
0,R_emaildomain,categorical,0.05962108980551291,33,0.728361298654436,0.8190413213838513,0.0024309413250529393,0.002335495307905511,unlabelled,tier_1,stable
1,R_emaildomain,categorical,0.056991175945104416,33,0.728361298654436,0.8170169736366919,0.0024309413250529393,0.0021668472372697724,unlabelled,tier_1,stable
2,R_emaildomain,categorical,0.0641913520589975,33,0.728361298654436,0.8255654608413763,0.0024309413250529393,0.0025786487880350697,unlabelled,tier_1,stable
3,R_emaildomain,categorical,0.023638877509532533,33,0.728361298654436,0.7495070688425557,0.0024309413250529393,0.0018179021409293675,unlabelled,tier_1,stable
4,R_emaildomain,categorical,0.0254863251483952,33,0.728361298654436,0.7457618011337686,0.0024309413250529393,0.002767255044195481,unlabelled,tier_1,stable
5,R_emaildomain,categorical,0.005814234169310725,33,0.728361298654436,0.7072786436033568,0.0024309413250529393,0.0033110692470171834,unlabelled,tier_1,stable
6,R_emaildomain,categorical,0.3492165521461405,33,0.728361298654436,0.4456344443418582,0.0024309413250529393,0.004385559966762072,unlabelled,tier_1,significant
0,C1,numeric,0.019371899993705623,5,0.0,0.0,,,unlabelled,tier_0,stable
1,C1,numeric,0.01189040808268063,5,0.0,0.0,,,unlabelled,tier_0,stable
2,C1,numeric,0.010149326787630746,5,0.0,0.0,,,unlabelled,tier_0,stable
3,C1,numeric,0.00978943821560556,5,0.0,0.0,,,unlabelled,tier_0,stable
4,C1,numeric,0.005916101103025312,5,0.0,0.0,,,unlabelled,tier_0,stable
5,C1,numeric,0.005904112564496835,5,0.0,3.4252440486384655e-05,,,unlabelled,tier_0,stable
6,C1,numeric,0.05452534383586053,5,0.0,0.0,,,unlabelled,tier_0,stable
0,C2,numeric,0.023114509466024464,5,0.0,0.0,,,unlabelled,tier_0,stable
1,C2,numeric,0.01621130804052088,5,0.0,0.0,,,unlabelled,tier_0,stable
2,C2,numeric,0.010750718793374966,5,0.0,0.0,,,unlabelled,tier_0,stable
3,C2,numeric,0.018432792453980232,5,0.0,0.0,,,unlabelled,tier_0,stable
4,C2,numeric,0.012280255206134714,5,0.0,0.0,,,unlabelled,tier_0,stable
5,C2,numeric,0.0011522747910318516,5,0.0,3.4252440486384655e-05,,,unlabelled,tier_0,stable
6,C2,numeric,0.03040301326283433,5,0.0,0.0,,,unlabelled,tier_0,stable
0,C3,numeric,0.0013378718476928328,2,0.0,0.0,,,unlabelled,tier_0,stable
1,C3,numeric,0.001390287640438127,2,0.0,0.0,,,unlabelled,tier_0,stable
2,C3,numeric,0.002386491133681245,2,0.0,0.0,,,unlabelled,tier_0,stable
3,C3,numeric,0.004240354161494129,2,0.0,0.0,,,unlabelled,tier_0,stable
4,C3,numeric,0.018585659549001172,2,0.0,0.0,,,unlabelled,tier_0,stable
5,C3,numeric,0.26381820409087664,2,0.0,3.4252440486384655e-05,,,unlabelled,tier_0,significant
6,C3,numeric,0.014106030255113073,2,0.0,0.0,,,unlabelled,tier_0,stable
0,C4,numeric,0.05686378673941064,3,0.0,0.0,,,unlabelled,tier_0,stable
1,C4,numeric,0.05684826291050968,3,0.0,0.0,,,unlabelled,tier_0,stable
2,C4,numeric,0.06893289585724291,3,0.0,0.0,,,unlabelled,tier_0,stable
3,C4,numeric,0.006012093956155096,3,0.0,0.0,,,unlabelled,tier_0,stable
4,C4,numeric,0.007801994556041321,3,0.0,0.0,,,unlabelled,tier_0,stable
5,C4,numeric,0.0028500297727325078,3,0.0,3.4252440486384655e-05,,,unlabelled,tier_0,stable
6,C4,numeric,0.30643843723805764,3,0.0,0.0,,,unlabelled,tier_0,significant
0,C5,numeric,0.007879739258421973,4,0.0,0.0,,,unlabelled,tier_0,stable
1,C5,numeric,0.007501487353297438,4,0.0,0.0,,,unlabelled,tier_0,stable
2,C5,numeric,0.006446410525506471,4,0.0,0.0,,,unlabelled,tier_0,stable
3,C5,numeric,0.0009472175041934488,4,0.0,0.0,,,unlabelled,tier_0,stable
4,C5,numeric,0.000401709584148027,4,0.0,0.0,,,unlabelled,tier_0,stable
5,C5,numeric,0.009896571457232857,4,0.0,3.4252440486384655e-05,,,unlabelled,tier_0,stable
6,C5,numeric,0.10306934802896298,4,0.0,0.0,,,unlabelled,tier_0,moderate
0,C6,numeric,0.014955783091772009,4,0.0,0.0,,,unlabelled,tier_0,stable
1,C6,numeric,0.010731297074683075,4,0.0,0.0,,,unlabelled,tier_0,stable
2,C6,numeric,0.009947978435821042,4,0.0,0.0,,,unlabelled,tier_0,stable
3,C6,numeric,0.007593567797134321,4,0.0,0.0,,,unlabelled,tier_0,stable
4,C6,numeric,0.005440250163169884,4,0.0,0.0,,,unlabelled,tier_0,stable
5,C6,numeric,0.002956251860087952,4,0.0,3.4252440486384655e-05,,,unlabelled,tier_0,stable
6,C6,numeric,0.0336910547367738,4,0.0,0.0,,,unlabelled,tier_0,stable
0,C7,numeric,0.00623766904751208,3,0.0,0.0,,,unlabelled,tier_0,stable
1,C7,numeric,0.009908498865047329,3,0.0,0.0,,,unlabelled,tier_0,stable
2,C7,numeric,0.019187612169143265,3,0.0,0.0,,,unlabelled,tier_0,stable
3,C7,numeric,0.018428406942255955,3,0.0,0.0,,,unlabelled,tier_0,stable
4,C7,numeric,0.023102945591087658,3,0.0,0.0,,,unlabelled,tier_0,stable
5,C7,numeric,0.007377917981903763,3,0.0,3.4252440486384655e-05,,,unlabelled,tier_0,stable
6,C7,numeric,0.04029679970509172,3,0.0,0.0,,,unlabelled,tier_0,stable
0,C8,numeric,0.0867115073469951,3,0.0,0.0,,,unlabelled,tier_0,stable
1,C8,numeric,0.08227685395453321,3,0.0,0.0,,,unlabelled,tier_0,stable
2,C8,numeric,0.08975925180974766,3,0.0,0.0,,,unlabelled,tier_0,stable
3,C8,numeric,0.0313000573365475,3,0.0,0.0,,,unlabelled,tier_0,stable
4,C8,numeric,0.024623080519006753,3,0.0,0.0,,,unlabelled,tier_0,stable
5,C8,numeric,0.01941752720277943,3,0.0,3.4252440486384655e-05,,,unlabelled,tier_0,stable
6,C8,numeric,0.24317678510444862,3,0.0,0.0,,,unlabelled,tier_0,moderate
0,C9,numeric,0.15792254563666364,5,0.0,0.0,,,unlabelled,tier_0,moderate
1,C9,numeric,0.13700402038378354,5,0.0,0.0,,,unlabelled,tier_0,moderate
2,C9,numeric,0.1327472264858891,5,0.0,0.0,,,unlabelled,tier_0,moderate
3,C9,numeric,0.05547721306343426,5,0.0,0.0,,,unlabelled,tier_0,stable
4,C9,numeric,0.04285420486867032,5,0.0,0.0,,,unlabelled,tier_0,stable
5,C9,numeric,0.002837992190431094,5,0.0,3.4252440486384655e-05,,,unlabelled,tier_0,stable
6,C9,numeric,0.16650863378246955,5,0.0,0.0,,,unlabelled,tier_0,moderate
0,C10,numeric,0.08776759014481214,3,0.0,0.0,,,unlabelled,tier_0,stable
1,C10,numeric,0.084021048454455,3,0.0,0.0,,,unlabelled,tier_0,stable
2,C10,numeric,0.08412446526992005,3,0.0,0.0,,,unlabelled,tier_0,stable
3,C10,numeric,0.04864205383496451,3,0.0,0.0,,,unlabelled,tier_0,stable
4,C10,numeric,0.04088625011006641,3,0.0,0.0,,,unlabelled,tier_0,stable
5,C10,numeric,0.02726698676715144,3,0.0,3.4252440486384655e-05,,,unlabelled,tier_0,stable
6,C10,numeric,0.2381000316120187,3,0.0,0.0,,,unlabelled,tier_0,moderate
0,C11,numeric,0.006462017625402553,4,0.0,0.0,,,unlabelled,tier_0,stable
1,C11,numeric,0.0034484803432340543,4,0.0,0.0,,,unlabelled,tier_0,stable
2,C11,numeric,0.0025542263268462494,4,0.0,0.0,,,unlabelled,tier_0,stable
3,C11,numeric,0.005750755569808273,4,0.0,0.0,,,unlabelled,tier_0,stable
4,C11,numeric,0.005486780575976418,4,0.0,0.0,,,unlabelled,tier_0,stable
5,C11,numeric,0.013032710760302841,4,0.0,3.4252440486384655e-05,,,unlabelled,tier_0,stable
6,C11,numeric,0.04959984229624324,4,0.0,0.0,,,unlabelled,tier_0,stable
0,C12,numeric,0.08893611411993113,3,0.0,0.0,,,unlabelled,tier_0,stable
1,C12,numeric,0.08684235901986652,3,0.0,0.0,,,unlabelled,tier_0,stable
2,C12,numeric,0.08607463238057655,3,0.0,0.0,,,unlabelled,tier_0,stable
3,C12,numeric,0.21092640192053405,3,0.0,0.0,,,unlabelled,tier_0,moderate
4,C12,numeric,0.20250430749505793,3,0.0,0.0,,,unlabelled,tier_0,moderate
5,C12,numeric,0.12914878482922781,3,0.0,3.4252440486384655e-05,,,unlabelled,tier_0,moderate
6,C12,numeric,0.1353896542620635,3,0.0,0.0,,,unlabelled,tier_0,moderate
0,C13,numeric,0.033706876606052566,7,0.0,0.0,,,unlabelled,tier_0,stable
1,C13,numeric,0.1008821740353128,7,0.0,0.007901769591910437,,,unlabelled,tier_0,moderate
2,C13,numeric,0.2158446120833334,7,0.0,0.01859574154571576,,,unlabelled,tier_0,moderate
3,C13,numeric,0.018644694506963957,7,0.0,0.0,,,unlabelled,tier_0,stable
4,C13,numeric,0.107103054566224,7,0.0,0.009819725423819887,,,unlabelled,tier_0,moderate
5,C13,numeric,0.0519841472658977,7,0.0,0.005937089684306673,,,unlabelled,tier_0,stable
6,C13,numeric,0.33536444781207625,7,0.0,0.025974825346997816,,,unlabelled,tier_0,significant
0,C14,numeric,0.010408869671717683,5,0.0,0.0,,,unlabelled,tier_0,stable
1,C14,numeric,0.007084514163523855,5,0.0,0.0,,,unlabelled,tier_0,stable
2,C14,numeric,0.006395562389393011,5,0.0,0.0,,,unlabelled,tier_0,stable
3,C14,numeric,0.005439031884280414,5,0.0,0.0,,,unlabelled,tier_0,stable
4,C14,numeric,0.003354285945241412,5,0.0,0.0,,,unlabelled,tier_0,stable
5,C14,numeric,0.006036781185752237,5,0.0,3.4252440486384655e-05,,,unlabelled,tier_0,stable
6,C14,numeric,0.05630608051226924,5,0.0,0.0,,,unlabelled,tier_0,stable
0,D1,numeric,0.0770028574513756,6,1.2661152734650727e-05,0.005852807518606582,,,unlabelled,tier_0,stable
1,D1,numeric,0.07157228981005939,6,1.2661152734650727e-05,0.004882629107981221,,,unlabelled,tier_0,stable
2,D1,numeric,0.07803099609816466,6,1.2661152734650727e-05,0.0057909084211301845,,,unlabelled,tier_0,stable
3,D1,numeric,0.061333666909164405,6,1.2661152734650727e-05,0.004894351917886759,,,unlabelled,tier_0,stable
4,D1,numeric,0.1356074917894993,6,1.2661152734650727e-05,0.01538110206603799,,,unlabelled,tier_0,moderate
5,D1,numeric,0.12357886311867972,6,1.2661152734650727e-05,0.016486841354113147,,,unlabelled,tier_0,moderate
6,D1,numeric,0.2798141871921427,6,1.2661152734650727e-05,0.029929523281937646,,,unlabelled,tier_0,significant
0,D2,numeric,0.042299241818317,10,0.5087947532183068,0.4234703209195661,,,unlabelled,tier_0,stable
1,D2,numeric,0.04528823138396977,10,0.5087947532183068,0.42207295052365473,,,unlabelled,tier_0,stable
2,D2,numeric,0.04482852351086351,10,0.5087947532183068,0.4240772121122817,,,unlabelled,tier_0,stable
3,D2,numeric,0.03887666311028069,10,0.5087947532183068,0.42801806715050833,,,unlabelled,tier_0,stable
4,D2,numeric,0.031762404377559436,10,0.5087947532183068,0.4394830875043658,,,unlabelled,tier_0,stable
5,D2,numeric,0.009362602728711013,10,0.5087947532183068,0.500176970942513,,,unlabelled,tier_0,stable
6,D2,numeric,0.054967334822909254,10,0.5087947532183068,0.6084387406518327,,,unlabelled,tier_0,stable
0,D3,numeric,0.050158782003101504,9,0.4847195712933684,0.3745656119419784,,,unlabelled,tier_0,stable
1,D3,numeric,0.047451621694785846,9,0.4847195712933684,0.3783604189237992,,,unlabelled,tier_0,stable
2,D3,numeric,0.06657226334537311,9,0.4847195712933684,0.3582406247697635,,,unlabelled,tier_0,stable
3,D3,numeric,0.06592993278332247,9,0.4847195712933684,0.3608116233866118,,,unlabelled,tier_0,stable
4,D3,numeric,0.053981419140492974,9,0.4847195712933684,0.37271970124392145,,,unlabelled,tier_0,stable
5,D3,numeric,0.01877173779896382,9,0.4847195712933684,0.43030199235028826,,,unlabelled,tier_0,stable
6,D3,numeric,0.04447675421087215,9,0.4847195712933684,0.5351768073123442,,,unlabelled,tier_0,stable
0,D4,numeric,0.12708794850879168,7,0.32540112114507463,0.20636774202625321,,,unlabelled,tier_0,moderate
1,D4,numeric,0.1293224419395152,7,0.32540112114507463,0.20979414951245937,,,unlabelled,tier_0,moderate
2,D4,numeric,0.23066966933781513,7,0.32540112114507463,0.1515214027849407,,,unlabelled,tier_0,moderate
3,D4,numeric,0.24316705051386253,7,0.32540112114507463,0.14432744612716925,,,unlabelled,tier_0,moderate
4,D4,numeric,0.2716164055528049,7,0.32540112114507463,0.13468203433545578,,,unlabelled,tier_0,significant
5,D4,numeric,0.28261409452856806,7,0.32540112114507463,0.1316207113090141,,,unlabelled,tier_0,significant
6,D4,numeric,0.5348364631489844,7,0.32540112114507463,0.08466438925306989,,,unlabelled,tier_0,significant
0,D5,numeric,0.07271135624012731,9,0.5598191987389491,0.42656555566498305,,,unlabelled,tier_0,stable
1,D5,numeric,0.06890883977625423,9,0.5598191987389491,0.4302636330805345,,,unlabelled,tier_0,stable
2,D5,numeric,0.09467374522300723,9,0.5598191987389491,0.40739703823767776,,,unlabelled,tier_0,stable
3,D5,numeric,0.0839385538662609,9,0.5598191987389491,0.41808952468850946,,,unlabelled,tier_0,stable
4,D5,numeric,0.08003978947728813,9,0.5598191987389491,0.421939227855243,,,unlabelled,tier_0,stable
5,D5,numeric,0.042841545732664285,9,0.5598191987389491,0.4680595992464463,,,unlabelled,tier_0,stable
6,D5,numeric,0.050583103812917814,9,0.5598191987389491,0.5281137475764011,,,unlabelled,tier_0,stable
0,D6,numeric,0.00968995961637942,5,0.8711474486194596,0.8886981724045753,,,unlabelled,tier_0,stable
1,D6,numeric,0.015369392345429965,5,0.8711474486194596,0.8897219212712171,,,unlabelled,tier_0,stable
2,D6,numeric,0.008107184663326331,5,0.8711474486194596,0.8406395048994327,,,unlabelled,tier_0,stable
3,D6,numeric,0.09965467292985206,5,0.8711474486194596,0.7506537455776034,,,unlabelled,tier_0,stable
4,D6,numeric,0.10894358168987878,5,0.8711474486194596,0.7457618011337686,,,unlabelled,tier_0,moderate
5,D6,numeric,0.1741884391752926,5,0.8711474486194596,0.7072786436033568,,,unlabelled,tier_0,moderate
6,D6,numeric,0.9428651043650633,5,0.8711474486194596,0.44560366848244237,,,unlabelled,tier_0,significant
0,D7,numeric,0.0027546707549961644,6,0.9352730219322818,0.92890808559731,,,unlabelled,tier_0,stable
1,D7,numeric,0.003789279356241197,6,0.9352730219322818,0.9292163235825208,,,unlabelled,tier_0,stable
2,D7,numeric,0.00801622899903428,6,0.9352730219322818,0.9158623738303986,,,unlabelled,tier_0,stable
3,D7,numeric,0.057907505017495024,6,0.9352730219322818,0.8655451608843395,,,unlabelled,tier_0,stable
4,D7,numeric,0.06328556675423255,6,0.9352730219322818,0.8619327798823245,,,unlabelled,tier_0,stable
5,D7,numeric,0.06250573548239668,6,0.9352730219322818,0.8627618884512188,,,unlabelled,tier_0,stable
6,D7,numeric,0.17554474171657433,6,0.9352730219322818,0.8067737666574339,,,unlabelled,tier_0,moderate
0,D8,numeric,0.022114198220528725,10,0.8522285211457077,0.8979698073919833,,,unlabelled,tier_0,stable
1,D8,numeric,0.0223625729729093,10,0.8522285211457077,0.8985771036475262,,,unlabelled,tier_0,stable
2,D8,numeric,0.02353824828368673,10,0.8522285211457077,0.8981212701687173,,,unlabelled,tier_0,stable
3,D8,numeric,0.009128822489528985,10,0.8522285211457077,0.8741732041224427,,,unlabelled,tier_0,stable
4,D8,numeric,0.006139860813664056,10,0.8522285211457077,0.8571639665780071,,,unlabelled,tier_0,stable
5,D8,numeric,0.021713770449569736,10,0.8522285211457077,0.806416623851116,,,unlabelled,tier_0,stable
6,D8,numeric,0.07983595429450989,10,0.8522285211457077,0.745098944388022,,,unlabelled,tier_0,stable
0,D9,numeric,0.02106047250639861,10,0.8522285211457077,0.8979698073919833,,,unlabelled,tier_0,stable
1,D9,numeric,0.02292799397073485,10,0.8522285211457077,0.8985771036475262,,,unlabelled,tier_0,stable
2,D9,numeric,0.02162082770092844,10,0.8522285211457077,0.8981212701687173,,,unlabelled,tier_0,stable
3,D9,numeric,0.0075420799958803965,10,0.8522285211457077,0.8741732041224427,,,unlabelled,tier_0,stable
4,D9,numeric,0.0011830914390978063,10,0.8522285211457077,0.8571639665780071,,,unlabelled,tier_0,stable
5,D9,numeric,0.015895329031126677,10,0.8522285211457077,0.806416623851116,,,unlabelled,tier_0,stable
6,D9,numeric,0.07339117672731146,10,0.8522285211457077,0.745098944388022,,,unlabelled,tier_0,stable
0,D10,numeric,0.14234632908177378,7,0.1753696265276472,0.07368065618976603,,,unlabelled,tier_0,moderate
1,D10,numeric,0.13654808709593713,7,0.1753696265276472,0.07790538100397255,,,unlabelled,tier_0,moderate
2,D10,numeric,0.4340850088862025,7,0.1753696265276472,0.017814779341339425,,,unlabelled,tier_0,significant
3,D10,numeric,0.7813617636470136,7,0.1753696265276472,0.002880675700241921,,,unlabelled,tier_0,significant
4,D10,numeric,0.9435715397858855,7,0.1753696265276472,0.0012492947529620375,,,unlabelled,tier_0,significant
5,D10,numeric,0.856039377244152,7,0.1753696265276472,0.002249243591939259,,,unlabelled,tier_0,significant
6,D10,numeric,0.9006168761404884,7,0.1753696265276472,0.0032314652386667897,,,unlabelled,tier_0,significant
0,D11,numeric,0.6010201985118732,7,0.6204724509142935,0.2673860742574954,,,unlabelled,tier_0,significant
1,D11,numeric,0.5914699050193943,7,0.6204724509142935,0.27284940411700975,,,unlabelled,tier_0,significant
2,D11,numeric,0.6442034988115019,7,0.6204724509142935,0.26104766816473884,,,unlabelled,tier_0,significant
3,D11,numeric,0.4633693415907487,7,0.6204724509142935,0.3246633385073625,,,unlabelled,tier_0,significant
4,D11,numeric,0.48240330854523317,7,0.6204724509142935,0.31663577012976546,,,unlabelled,tier_0,significant
5,D11,numeric,0.2934911851643517,7,0.6204724509142935,0.4051378660729577,,,unlabelled,tier_0,significant
6,D11,numeric,0.09686307137688578,7,0.6204724509142935,0.5945434401255655,,,unlabelled,tier_0,stable
0,D12,numeric,0.006781741816979354,5,0.8854292289041455,0.9020498895563965,,,unlabelled,tier_0,stable
1,D12,numeric,0.012070331735653311,5,0.8854292289041455,0.9059877211989888,,,unlabelled,tier_0,stable
2,D12,numeric,0.010165487327757449,5,0.8854292289041455,0.9118986222647903,,,unlabelled,tier_0,stable
3,D12,numeric,0.028161116259417193,5,0.8854292289041455,0.8357315657730978,,,unlabelled,tier_0,stable
4,D12,numeric,0.03712149566850343,5,0.8854292289041455,0.8286988527981516,,,unlabelled,tier_0,stable
5,D12,numeric,0.01828878324568987,5,0.8854292289041455,0.8551578466632415,,,unlabelled,tier_0,stable
6,D12,numeric,0.051638714303993166,5,0.8854292289041455,0.8058043270858338,,,unlabelled,tier_0,stable
0,D13,numeric,0.003693126124083508,3,0.8969287208753921,0.9009102804001294,,,unlabelled,tier_0,stable
1,D13,numeric,0.006671862513095304,3,0.8969287208753921,0.901148429035753,,,unlabelled,tier_0,stable
2,D13,numeric,0.02325303424967848,3,0.8969287208753921,0.8464893538642894,,,unlabelled,tier_0,stable
3,D13,numeric,0.11560546219260472,3,0.8969287208753921,0.7758246982981639,,,unlabelled,tier_0,moderate
4,D13,numeric,0.15958221830159514,3,0.8969287208753921,0.7498589505924075,,,unlabelled,tier_0,moderate
5,D13,numeric,0.3666620486496618,3,0.8969287208753921,0.6558200605126449,,,unlabelled,tier_0,significant
6,D13,numeric,0.9765960400249976,3,0.8969287208753921,0.4724556058227926,,,unlabelled,tier_0,significant
0,D14,numeric,0.004224232966601039,4,0.8922092761935511,0.9044698003573589,,,unlabelled,tier_0,stable
1,D14,numeric,0.007305555235659618,4,0.8922092761935511,0.9034597327555074,,,unlabelled,tier_0,stable
2,D14,numeric,0.012017805758650434,4,0.8922092761935511,0.8560229868120534,,,unlabelled,tier_0,stable
3,D14,numeric,0.06933299571298027,4,0.8922092761935511,0.7984366041588007,,,unlabelled,tier_0,stable
4,D14,numeric,0.11272893137886215,4,0.8922092761935511,0.7696864673168373,,,unlabelled,tier_0,moderate
5,D14,numeric,0.29895516684203616,4,0.8922092761935511,0.6772392532967973,,,unlabelled,tier_0,significant
6,D14,numeric,0.8222446996937866,4,0.8922092761935511,0.5057089219216446,,,unlabelled,tier_0,significant
0,D15,numeric,0.22346834561237103,8,0.18963241508323125,0.07242849304275645,,,unlabelled,tier_0,moderate
1,D15,numeric,0.22423895454744613,8,0.18963241508323125,0.07605633802816901,,,unlabelled,tier_0,moderate
2,D15,numeric,0.5601033298313395,8,0.18963241508323125,0.01644441169969793,,,unlabelled,tier_0,significant
3,D15,numeric,0.8197707771012878,8,0.18963241508323125,0.0046146746654360865,,,unlabelled,tier_0,significant
4,D15,numeric,1.121473093219786,8,0.18963241508323125,0.0010746621530856237,,,unlabelled,tier_0,significant
5,D15,numeric,1.144137479128518,8,0.18963241508323125,0.0010389906947536678,,,unlabelled,tier_0,significant
6,D15,numeric,1.3504721494278757,8,0.18963241508323125,0.0006001292586095467,,,unlabelled,tier_0,significant
0,M1,categorical,0.5014895588616817,3,0.6111886606716108,0.26755490524360903,1.8991729101976088e-05,4.220774652841285e-05,unlabelled,tier_1,significant
1,M1,categorical,0.48413935187921225,3,0.6111886606716108,0.27305164319248826,1.8991729101976088e-05,0.00013001083423618635,unlabelled,tier_1,significant
2,M1,categorical,0.5213750472213591,3,0.6111886606716108,0.26146025197082445,1.8991729101976088e-05,8.841081558977382e-05,unlabelled,tier_1,significant
3,M1,categorical,0.33889888850846717,3,0.6111886606716108,0.32488708030932306,1.8991729101976088e-05,2.7967725245067192e-05,unlabelled,tier_1,significant
4,M1,categorical,0.3591690827681999,3,0.6111886606716108,0.3168910023911233,1.8991729101976088e-05,5.373310765428118e-05,unlabelled,tier_1,significant
5,M1,categorical,0.1719050302806272,3,0.6111886606716108,0.4054004681166867,1.8991729101976088e-05,4.5669920648512876e-05,unlabelled,tier_1,moderate
6,M1,categorical,0.0011593700222112151,3,0.6111886606716108,0.5946819314929369,1.8991729101976088e-05,4.6163789123811284e-05,unlabelled,tier_1,stable
0,M2,categorical,0.5042672293857116,3,0.6111886606716108,0.26755490524360903,0.0,0.0,unlabelled,tier_1,significant
1,M2,categorical,0.4867577219884276,3,0.6111886606716108,0.27305164319248826,0.0,0.0,unlabelled,tier_1,significant
2,M2,categorical,0.5249228200451048,3,0.6111886606716108,0.26146025197082445,0.0,0.0,unlabelled,tier_1,significant
3,M2,categorical,0.3444182902681842,3,0.6111886606716108,0.32488708030932306,0.0,0.0,unlabelled,tier_1,significant
4,M2,categorical,0.36249526210793226,3,0.6111886606716108,0.3168910023911233,0.0,0.0,unlabelled,tier_1,significant
5,M2,categorical,0.1749324880150619,3,0.6111886606716108,0.4054004681166867,0.0,0.0,unlabelled,tier_1,moderate
6,M2,categorical,0.0031263664055302706,3,0.6111886606716108,0.5946819314929369,0.0,0.0,unlabelled,tier_1,stable
0,M3,categorical,0.5034780970243815,3,0.6111886606716108,0.26755490524360903,0.0,0.0,unlabelled,tier_1,significant
1,M3,categorical,0.48668303895807485,3,0.6111886606716108,0.27305164319248826,0.0,0.0,unlabelled,tier_1,significant
2,M3,categorical,0.5245249722834691,3,0.6111886606716108,0.26146025197082445,0.0,0.0,unlabelled,tier_1,significant
3,M3,categorical,0.34248803916409365,3,0.6111886606716108,0.32488708030932306,0.0,0.0,unlabelled,tier_1,significant
4,M3,categorical,0.36049328219063925,3,0.6111886606716108,0.3168910023911233,0.0,0.0,unlabelled,tier_1,significant
5,M3,categorical,0.17248531354686542,3,0.6111886606716108,0.4054004681166867,0.0,0.0,unlabelled,tier_1,moderate
6,M3,categorical,0.002085244373923951,3,0.6111886606716108,0.5946819314929369,0.0,0.0,unlabelled,tier_1,stable
0,M4,categorical,0.01667627193078748,4,0.4993938473128286,0.4468815509939924,0.0,0.0,unlabelled,tier_1,stable
1,M4,categorical,0.013234635712277353,4,0.4993938473128286,0.4582159624413146,0.0,0.0,unlabelled,tier_1,stable
2,M4,categorical,0.018868959921860946,4,0.4993938473128286,0.4579238193472335,0.0,0.0,unlabelled,tier_1,stable
3,M4,categorical,0.03179510481045108,4,0.4993938473128286,0.4237669729132581,0.0,0.0,unlabelled,tier_1,stable
4,M4,categorical,0.03263712847528764,4,0.4993938473128286,0.42442438408425354,0.0,0.0,unlabelled,tier_1,stable
5,M4,categorical,0.010002968212435279,4,0.4993938473128286,0.5061368955871439,0.0,0.0,unlabelled,tier_1,stable
6,M4,categorical,0.10524328762241117,4,0.4993938473128286,0.5686763302865232,0.0,0.0,unlabelled,tier_1,moderate
0,M5,categorical,0.019157662534693712,3,0.6189119638397478,0.5508955076888445,0.0,0.0,unlabelled,tier_1,stable
1,M5,categorical,0.015519764854519995,3,0.6189119638397478,0.5576742506319972,0.0,0.0,unlabelled,tier_1,stable
2,M5,categorical,0.01824985037784449,3,0.6189119638397478,0.5524349812127017,0.0,0.0,unlabelled,tier_1,stable
3,M5,categorical,0.002676395502387693,3,0.6189119638397478,0.5936429360517962,0.0,0.0,unlabelled,tier_1,stable
4,M5,categorical,0.0014692839824764908,3,0.6189119638397478,0.600628677359555,0.0,0.0,unlabelled,tier_1,stable
5,M5,categorical,0.006097510012632267,3,0.6189119638397478,0.6555232060284295,0.0,0.0,unlabelled,tier_1,stable
6,M5,categorical,0.10363222302863678,3,0.6189119638397478,0.7663496753146831,0.0,0.0,unlabelled,tier_1,moderate
0,M6,categorical,0.07164805205036012,3,0.3351185558689191,0.216230285465059,0.0,0.0,unlabelled,tier_1,stable
1,M6,categorical,0.0671605872333157,3,0.3351185558689191,0.2198627663416396,0.0,0.0,unlabelled,tier_1,stable
2,M6,categorical,0.07929551193214521,3,0.3351185558689191,0.21065350327856774,0.0,0.0,unlabelled,tier_1,stable
3,M6,categorical,0.014811033246997715,3,0.3351185558689191,0.2841241207646376,0.0,0.0,unlabelled,tier_1,stable
4,M6,categorical,0.008418047162588163,3,0.3351185558689191,0.2944036968378066,0.0,0.0,unlabelled,tier_1,stable
5,M6,categorical,0.01237185845420416,3,0.3351185558689191,0.3875777815836045,0.0,0.0,unlabelled,tier_1,stable
6,M6,categorical,0.2525665870967593,3,0.3351185558689191,0.5828024497584096,0.0,0.0,unlabelled,tier_1,significant
0,M7,categorical,0.534792157311167,3,0.750084671458913,0.39728744882310735,0.0,0.0,unlabelled,tier_1,significant
1,M7,categorical,0.5957535474480715,3,0.750084671458913,0.3775370169736367,0.0,0.0,unlabelled,tier_1,significant
2,M7,categorical,0.5008159973324617,3,0.750084671458913,0.40892949237456716,0.0,0.0,unlabelled,tier_1,significant
3,M7,categorical,0.41061819739820904,3,0.750084671458913,0.442057865223532,0.0,0.0,unlabelled,tier_1,significant
4,M7,categorical,0.33522548577762995,3,0.750084671458913,0.4726901480347116,0.0,0.0,unlabelled,tier_1,significant
5,M7,categorical,0.269616746691968,3,0.750084671458913,0.5025289718559114,0.0,0.0,unlabelled,tier_1,significant
6,M7,categorical,0.05036472805450555,3,0.750084671458913,0.647508694180285,0.0,0.0,unlabelled,tier_1,stable
0,M8,categorical,0.5351648830197973,3,0.750084671458913,0.39724524107657894,0.0,0.0,unlabelled,tier_1,significant
1,M8,categorical,0.5960013224163176,3,0.750084671458913,0.3774936800288913,0.0,0.0,unlabelled,tier_1,significant
2,M8,categorical,0.5011760239893868,3,0.750084671458913,0.4089000221027039,0.0,0.0,unlabelled,tier_1,significant
3,M8,categorical,0.4111329033268797,3,0.750084671458913,0.4420438813609095,0.0,0.0,unlabelled,tier_1,significant
4,M8,categorical,0.33552440495112146,3,0.750084671458913,0.4726498482039709,0.0,0.0,unlabelled,tier_1,significant
5,M8,categorical,0.269703351689457,3,0.750084671458913,0.5025175543757493,0.0,0.0,unlabelled,tier_1,significant
6,M8,categorical,0.05063342253336576,3,0.750084671458913,0.647493306250577,0.0,0.0,unlabelled,tier_1,stable
0,M9,categorical,0.5372455937258633,3,0.750084671458913,0.39724524107657894,0.0,0.0,unlabelled,tier_1,significant
1,M9,categorical,0.5982811476607532,3,0.750084671458913,0.3774936800288913,0.0,0.0,unlabelled,tier_1,significant
2,M9,categorical,0.5037256819208316,3,0.750084671458913,0.4089000221027039,0.0,0.0,unlabelled,tier_1,significant
3,M9,categorical,0.413403012230627,3,0.750084671458913,0.4420438813609095,0.0,0.0,unlabelled,tier_1,significant
4,M9,categorical,0.33698863667730505,3,0.750084671458913,0.4726498482039709,0.0,0.0,unlabelled,tier_1,significant
5,M9,categorical,0.27234648400995265,3,0.750084671458913,0.5025175543757493,0.0,0.0,unlabelled,tier_1,significant
6,M9,categorical,0.05310733913285694,3,0.750084671458913,0.647493306250577,0.0,0.0,unlabelled,tier_1,stable
0,id_01,numeric,0.10121488293430764,4,0.7097842223045198,0.8158898096430631,,,unlabelled,tier_0,moderate
1,id_01,numeric,0.09660398539820085,4,0.7097842223045198,0.8138967136150235,,,unlabelled,tier_0,stable
2,id_01,numeric,0.09780136049239363,4,0.7097842223045198,0.8219406174021955,,,unlabelled,tier_0,stable
3,id_01,numeric,0.06816708582092558,4,0.7097842223045198,0.7499545524464768,,,unlabelled,tier_0,stable
4,id_01,numeric,0.047470765343385526,4,0.7097842223045198,0.7401332581069826,,,unlabelled,tier_0,stable
5,id_01,numeric,0.026718855495825772,4,0.7097842223045198,0.6444939201918136,,,unlabelled,tier_0,stable
6,id_01,numeric,0.30754479558375836,4,0.7097842223045198,0.4538669867356046,,,unlabelled,tier_0,significant
0,id_02,numeric,0.09111888701916986,10,0.7164946332538846,0.8211657779591147,,,unlabelled,tier_0,stable
1,id_02,numeric,0.0904795147503287,10,0.7164946332538846,0.8186782231852654,,,unlabelled,tier_0,stable
2,id_02,numeric,0.09643844041996841,10,0.7164946332538846,0.826803212259633,,,unlabelled,tier_0,stable
3,id_02,numeric,0.09144841576000359,10,0.7164946332538846,0.7725664583071136,,,unlabelled,tier_0,stable
4,id_02,numeric,0.05722392012896902,10,0.7164946332538846,0.7458289675183364,,,unlabelled,tier_0,stable
5,id_02,numeric,0.05275282062407005,10,0.7164946332538846,0.6543700405320546,,,unlabelled,tier_0,stable
6,id_02,numeric,0.2762111587590963,10,0.7164946332538846,0.4690856492167544,,,unlabelled,tier_0,significant
0,id_03,numeric,0.012812694272063501,2,0.8709290437347869,0.9063972874488231,,,unlabelled,tier_0,stable
1,id_03,numeric,0.01414285723783629,2,0.8709290437347869,0.9078078728782955,,,unlabelled,tier_0,stable
2,id_03,numeric,0.014384375820069078,2,0.8709290437347869,0.9081264274662934,,,unlabelled,tier_0,stable
3,id_03,numeric,0.002158089037900677,2,0.8709290437347869,0.8843115045237796,,,unlabelled,tier_0,stable
4,id_03,numeric,0.0010623019479547822,2,0.8709290437347869,0.8692807823540475,,,unlabelled,tier_0,stable
5,id_03,numeric,0.014231123042357744,2,0.8709290437347869,0.8301193126676942,,,unlabelled,tier_0,stable
6,id_03,numeric,0.059515436325992474,2,0.8709290437347869,0.7795217431446774,,,unlabelled,tier_0,stable
0,id_04,numeric,0.012811738495715454,1,0.8709290437347869,0.9063972874488231,,,unlabelled,tier_0,stable
1,id_04,numeric,0.013938599541157577,1,0.8709290437347869,0.9078078728782955,,,unlabelled,tier_0,stable
2,id_04,numeric,0.014200800381264157,1,0.8709290437347869,0.9081264274662934,,,unlabelled,tier_0,stable
3,id_04,numeric,0.0016689141850656935,1,0.8709290437347869,0.8843115045237796,,,unlabelled,tier_0,stable
4,id_04,numeric,2.403753522211303e-05,1,0.8709290437347869,0.8692807823540475,,,unlabelled,tier_0,stable
5,id_04,numeric,0.013170246987848543,1,0.8709290437347869,0.8301193126676942,,,unlabelled,tier_0,stable
6,id_04,numeric,0.05907775954378755,1,0.8709290437347869,0.7795217431446774,,,unlabelled,tier_0,stable
0,id_05,numeric,0.060887367302078665,4,0.724157795946532,0.8252739986212136,,,unlabelled,tier_0,stable
1,id_05,numeric,0.056556202014060225,4,0.724157795946532,0.8222318526543879,,,unlabelled,tier_0,stable
2,id_05,numeric,0.06641238436507044,4,0.724157795946532,0.8299417962130701,,,unlabelled,tier_0,stable
3,id_05,numeric,0.016767326791257923,4,0.724157795946532,0.7754191662821105,,,unlabelled,tier_0,stable
4,id_05,numeric,0.00744067345102961,4,0.724157795946532,0.7494290857311733,,,unlabelled,tier_0,stable
5,id_05,numeric,0.01994922464809365,4,0.724157795946532,0.6597020037677684,,,unlabelled,tier_0,stable
6,id_05,numeric,0.26207361865730505,4,0.724157795946532,0.47733357954020866,,,unlabelled,tier_0,significant
0,id_06,numeric,0.06461839064806754,4,0.724157795946532,0.8252739986212136,,,unlabelled,tier_0,stable
1,id_06,numeric,0.060697670303533645,4,0.724157795946532,0.8222318526543879,,,unlabelled,tier_0,stable
2,id_06,numeric,0.07129053854424115,4,0.724157795946532,0.8299417962130701,,,unlabelled,tier_0,stable
3,id_06,numeric,0.022069681381491055,4,0.724157795946532,0.7754191662821105,,,unlabelled,tier_0,stable
4,id_06,numeric,0.007410143872595822,4,0.724157795946532,0.7494290857311733,,,unlabelled,tier_0,stable
5,id_06,numeric,0.021982488610236477,4,0.724157795946532,0.6597020037677684,,,unlabelled,tier_0,stable
6,id_06,numeric,0.26663954184975724,4,0.724157795946532,0.47733357954020866,,,unlabelled,tier_0,significant
0,id_07,numeric,0.0035861162985441363,10,0.9894564250602196,0.9934859377857816,,,unlabelled,tier_0,stable
1,id_07,numeric,0.0031343355871580295,10,0.9894564250602196,0.9930227518959913,,,unlabelled,tier_0,stable
2,id_07,numeric,0.002141065831912041,10,0.9894564250602196,0.9917335887423562,,,unlabelled,tier_0,stable
3,id_07,numeric,0.003078707795689619,10,0.9894564250602196,0.9938331165834627,,,unlabelled,tier_0,stable
4,id_07,numeric,0.0023287571112594833,10,0.9894564250602196,0.9927325971897585,,,unlabelled,tier_0,stable
5,id_07,numeric,0.001469181091426663,10,0.9894564250602196,0.9875663641034423,,,unlabelled,tier_0,stable
6,id_07,numeric,0.010122225145049684,10,0.9894564250602196,0.9772104761025452,,,unlabelled,tier_0,stable
0,id_08,numeric,0.002352731129725545,10,0.9894564250602196,0.9934859377857816,,,unlabelled,tier_0,stable
1,id_08,numeric,0.0020158590688425255,10,0.9894564250602196,0.9930227518959913,,,unlabelled,tier_0,stable
2,id_08,numeric,0.0017431937508859405,10,0.9894564250602196,0.9917335887423562,,,unlabelled,tier_0,stable
3,id_08,numeric,0.0032749851376461456,10,0.9894564250602196,0.9938331165834627,,,unlabelled,tier_0,stable
4,id_08,numeric,0.0021325410532688134,10,0.9894564250602196,0.9927325971897585,,,unlabelled,tier_0,stable
5,id_08,numeric,0.0014638318385043786,10,0.9894564250602196,0.9875663641034423,,,unlabelled,tier_0,stable
6,id_08,numeric,0.010785751292839731,10,0.9894564250602196,0.9772104761025452,,,unlabelled,tier_0,stable
0,id_09,numeric,0.0197324507841146,2,0.8522285211457077,0.8979698073919833,,,unlabelled,tier_0,stable
1,id_09,numeric,0.021238709123511865,2,0.8522285211457077,0.8985771036475262,,,unlabelled,tier_0,stable
2,id_09,numeric,0.02031484051751213,2,0.8522285211457077,0.8981212701687173,,,unlabelled,tier_0,stable
3,id_09,numeric,0.005632854453642945,2,0.8522285211457077,0.8741732041224427,,,unlabelled,tier_0,stable
4,id_09,numeric,0.002382326590685989,2,0.8522285211457077,0.8571639665780071,,,unlabelled,tier_0,stable
5,id_09,numeric,0.015472636524048337,2,0.8522285211457077,0.806416623851116,,,unlabelled,tier_0,stable
6,id_09,numeric,0.0732586706008936,2,0.8522285211457077,0.745098944388022,,,unlabelled,tier_0,stable
0,id_10,numeric,0.0193337844861253,1,0.8522285211457077,0.8979698073919833,,,unlabelled,tier_0,stable
1,id_10,numeric,0.019898503485900148,1,0.8522285211457077,0.8985771036475262,,,unlabelled,tier_0,stable
2,id_10,numeric,0.019473721747429444,1,0.8522285211457077,0.8981212701687173,,,unlabelled,tier_0,stable
3,id_10,numeric,0.004085733615288244,1,0.8522285211457077,0.8741732041224427,,,unlabelled,tier_0,stable
4,id_10,numeric,0.00019615406433200615,1,0.8522285211457077,0.8571639665780071,,,unlabelled,tier_0,stable
5,id_10,numeric,0.01490232677598678,1,0.8522285211457077,0.806416623851116,,,unlabelled,tier_0,stable
6,id_10,numeric,0.07279916560426324,1,0.8522285211457077,0.745098944388022,,,unlabelled,tier_0,stable
0,id_11,numeric,0.06307805340782216,1,0.7161432862654981,0.8213064704475428,,,unlabelled,tier_0,stable
1,id_11,numeric,0.06072940418468491,1,0.7161432862654981,0.8195016251354279,,,unlabelled,tier_0,stable
2,id_11,numeric,0.07146783467672482,1,0.7161432862654981,0.8274368231046931,,,unlabelled,tier_0,stable
3,id_11,numeric,0.01734153889122711,1,0.7161432862654981,0.7734614255149558,,,unlabelled,tier_0,stable
4,id_11,numeric,0.004555394070663842,1,0.7161432862654981,0.7460573332258671,,,unlabelled,tier_0,stable
5,id_11,numeric,0.017703479016454863,1,0.7161432862654981,0.6544271279328652,,,unlabelled,tier_0,stable
6,id_11,numeric,0.2591558981894518,1,0.7161432862654981,0.46911642507617024,,,unlabelled,tier_0,significant
0,id_12,categorical,0.06608117038954395,3,0.7097842223045198,0.8158898096430631,0.0,0.0,unlabelled,tier_0,stable
1,id_12,categorical,0.06433457477596177,3,0.7097842223045198,0.8138967136150235,0.0,0.0,unlabelled,tier_0,stable
2,id_12,categorical,0.07621389977672358,3,0.7097842223045198,0.8219406174021955,0.0,0.0,unlabelled,tier_0,stable
3,id_12,categorical,0.008196814286042051,3,0.7097842223045198,0.7499545524464768,0.0,0.0,unlabelled,tier_0,stable
4,id_12,categorical,0.004732476820161868,3,0.7097842223045198,0.7401332581069826,0.0,0.0,unlabelled,tier_0,stable
5,id_12,categorical,0.01981067698996475,3,0.7097842223045198,0.6444939201918136,0.0,0.0,unlabelled,tier_0,stable
6,id_12,categorical,0.2762884470983666,3,0.7097842223045198,0.4538669867356046,0.0,0.0,unlabelled,tier_0,significant
0,id_13,numeric,0.49470440821626904,4,0.7517337866026013,0.8278064634129184,,,unlabelled,tier_0,significant
1,id_13,numeric,0.526788883086228,4,0.7517337866026013,0.8271000361141206,,,unlabelled,tier_0,significant
2,id_13,numeric,0.45296887528307245,4,0.7517337866026013,0.8356884992264053,,,unlabelled,tier_0,significant
3,id_13,numeric,0.5587450904368265,4,0.7517337866026013,0.7643858986729314,,,unlabelled,tier_0,significant
4,id_13,numeric,0.5577470884121609,4,0.7517337866026013,0.756938287525859,,,unlabelled,tier_0,significant
5,id_13,numeric,0.6422557191328474,4,0.7517337866026013,0.6865673345892561,,,unlabelled,tier_0,significant
6,id_13,numeric,1.1164353551649968,4,0.7517337866026013,0.4993998707413905,,,unlabelled,tier_0,significant
0,id_14,numeric,0.08514944794881298,5,0.8195310942084723,0.9155704376943316,,,unlabelled,tier_1,stable
1,id_14,numeric,0.07626963680892429,5,0.8195310942084723,0.9107258938244853,,,unlabelled,tier_1,stable
2,id_14,numeric,0.08081053016026046,5,0.8195310942084723,0.9129300817800045,,,unlabelled,tier_1,stable
3,id_14,numeric,0.11303920723486371,5,0.8195310942084723,0.9266826082700563,,,unlabelled,tier_1,moderate
4,id_14,numeric,0.0648584435344432,5,0.8195310942084723,0.9052819644824158,,,unlabelled,tier_1,stable
5,id_14,numeric,0.005134418919643032,5,0.8195310942084723,0.7928869098589941,,,unlabelled,tier_1,stable
6,id_14,numeric,0.15563686976607977,5,0.8195310942084723,0.6486474009786724,,,unlabelled,tier_1,moderate
0,id_15,categorical,0.07207569328431204,4,0.7161432862654981,0.821151708710272,0.0,0.0,unlabelled,tier_0,stable
1,id_15,categorical,0.06913065493983378,4,0.7161432862654981,0.8186782231852654,0.0,0.0,unlabelled,tier_0,stable
2,id_15,categorical,0.07743527134654396,4,0.7161432862654981,0.826803212259633,0.0,0.0,unlabelled,tier_0,stable
3,id_15,categorical,0.02874268690172797,4,0.7161432862654981,0.7725664583071136,0.0,0.0,unlabelled,tier_0,stable
4,id_15,categorical,0.01239438143000656,4,0.7161432862654981,0.7458289675183364,0.0,0.0,unlabelled,tier_0,stable
5,id_15,categorical,0.019629982358810277,4,0.7161432862654981,0.6543700405320546,0.0,0.0,unlabelled,tier_0,stable
6,id_15,categorical,0.2653105158861161,4,0.7161432862654981,0.4690856492167544,0.0,0.0,unlabelled,tier_0,significant
0,id_16,categorical,0.072526948333884,3,0.7361067588398585,0.8394698707036031,0.0,0.0,unlabelled,tier_0,stable
1,id_16,categorical,0.06995458557542528,3,0.7361067588398585,0.8388299024918743,0.0,0.0,unlabelled,tier_0,stable
2,id_16,categorical,0.07512666736496365,3,0.7361067588398585,0.8416562292787151,0.0,0.0,unlabelled,tier_0,stable
3,id_16,categorical,0.029174205645621027,3,0.7361067588398585,0.7989120554879668,0.0,0.0,unlabelled,tier_0,stable
4,id_16,categorical,0.013003219258062446,3,0.7361067588398585,0.7707611294699229,0.0,0.0,unlabelled,tier_0,stable
5,id_16,categorical,0.018247225619838825,3,0.7361067588398585,0.6775817777016613,0.0,0.0,unlabelled,tier_0,stable
6,id_16,categorical,0.25417149008558315,3,0.7361067588398585,0.49604530206506015,0.0,0.0,unlabelled,tier_0,significant
0,id_17,numeric,0.0821604628278859,3,0.7188052936279583,0.8230369880552078,,,unlabelled,tier_0,stable
1,id_17,numeric,0.07291479902090327,3,0.7188052936279583,0.8202816901408451,,,unlabelled,tier_0,stable
2,id_17,numeric,0.08013863308265247,3,0.7188052936279583,0.828438812348044,,,unlabelled,tier_0,stable
3,id_17,numeric,0.10520580438963614,3,0.7188052936279583,0.7737830543552741,,,unlabelled,tier_0,moderate
4,id_17,numeric,0.07182866944617403,3,0.7188052936279583,0.7475349936863599,,,unlabelled,tier_0,stable
5,id_17,numeric,0.01860116298148272,3,0.7188052936279583,0.6568933036478849,,,unlabelled,tier_0,stable
6,id_17,numeric,0.25972489259384324,3,0.7188052936279583,0.4724709937525005,,,unlabelled,tier_0,significant
0,id_18,numeric,0.020146284974169155,4,0.9099095677165927,0.9332414142408937,,,unlabelled,tier_0,stable
1,id_18,numeric,0.023183285360520466,4,0.9099095677165927,0.930964247020585,,,unlabelled,tier_0,stable
2,id_18,numeric,0.024087215689499487,4,0.9099095677165927,0.9354601046194652,,,unlabelled,tier_0,stable
3,id_18,numeric,0.02697769551730821,4,0.9099095677165927,0.9199983219364853,,,unlabelled,tier_0,stable
4,id_18,numeric,0.023184923674618614,4,0.9099095677165927,0.9132613309690766,,,unlabelled,tier_0,stable
5,id_18,numeric,0.03617126912148911,4,0.9099095677165927,0.8714049209339498,,,unlabelled,tier_0,stable
6,id_18,numeric,0.14140759679030385,4,0.9099095677165927,0.7918013110516111,,,unlabelled,tier_0,moderate
0,id_19,numeric,0.06980324687034985,10,0.718874929967999,0.8231917497924786,,,unlabelled,tier_0,stable
1,id_19,numeric,0.06309043606333248,10,0.718874929967999,0.8203539183820874,,,unlabelled,tier_0,stable
2,id_19,numeric,0.07365437378932431,10,0.718874929967999,0.8284977528917704,,,unlabelled,tier_0,stable
3,id_19,numeric,0.046964080661041234,10,0.718874929967999,0.7737970382178966,,,unlabelled,tier_0,stable
4,id_19,numeric,0.028351950183788603,10,0.718874929967999,0.7476961930093227,,,unlabelled,tier_0,stable
5,id_19,numeric,0.020731181183077027,10,0.718874929967999,0.6570645658503168,,,unlabelled,tier_0,stable
6,id_19,numeric,0.2677324944776175,10,0.718874929967999,0.4726556489089958,,,unlabelled,tier_0,significant
0,id_20,numeric,0.0871756561762899,9,0.7188780952561826,0.8237263812485052,,,unlabelled,tier_0,stable
1,id_20,numeric,0.08209744081491517,9,0.7188780952561826,0.8208450704225352,,,unlabelled,tier_0,stable
2,id_20,numeric,0.09121221141077819,9,0.7188780952561826,0.8286303691151551,,,unlabelled,tier_0,stable
3,id_20,numeric,0.06329132064987485,9,0.7188780952561826,0.7743284249975528,,,unlabelled,tier_0,stable
4,id_20,numeric,0.03817319195922496,9,0.7188780952561826,0.7480588914859891,,,unlabelled,tier_0,stable
5,id_20,numeric,0.04117498195184127,9,0.7188780952561826,0.6578866244219901,,,unlabelled,tier_0,stable
6,id_20,numeric,0.2883879159693542,9,0.7188780952561826,0.47350198504293234,,,unlabelled,tier_0,significant
0,id_21,numeric,0.002351988321436623,7,0.989443763907485,0.9934859377857816,,,unlabelled,tier_0,stable
1,id_21,numeric,0.001638097972968097,7,0.989443763907485,0.9930083062477428,,,unlabelled,tier_0,stable
2,id_21,numeric,0.0013748511078227718,7,0.989443763907485,0.9917335887423562,,,unlabelled,tier_0,stable
3,id_21,numeric,0.003792120480430394,7,0.989443763907485,0.9938471004460853,,,unlabelled,tier_0,stable
4,id_21,numeric,0.035089896196674845,7,0.989443763907485,0.9927325971897585,,,unlabelled,tier_0,stable
5,id_21,numeric,0.029803601479021655,7,0.989443763907485,0.9875549466232802,,,unlabelled,tier_0,stable
6,id_21,numeric,0.06687626767188051,7,0.989443763907485,0.9772258640322531,,,unlabelled,tier_0,stable
0,id_22,numeric,0.0019980417177700716,2,0.9894311027547503,0.9934718685369388,,,unlabelled,tier_0,stable
1,id_22,numeric,0.0015022398105001907,2,0.9894311027547503,0.9930083062477428,,,unlabelled,tier_0,stable
2,id_22,numeric,0.0010232082227791893,2,0.9894311027547503,0.9917335887423562,,,unlabelled,tier_0,stable
3,id_22,numeric,0.002506400700318262,2,0.9894311027547503,0.9938331165834627,,,unlabelled,tier_0,stable
4,id_22,numeric,0.0012936395896761652,2,0.9894311027547503,0.9927325971897585,,,unlabelled,tier_0,stable
5,id_22,numeric,0.0004225077360035578,2,0.9894311027547503,0.9875549466232802,,,unlabelled,tier_0,stable
6,id_22,numeric,0.010978869813475243,2,0.9894311027547503,0.9772104761025452,,,unlabelled,tier_0,stable
0,id_23,categorical,0.0029554762518849303,4,0.9894311027547503,0.9934718685369388,0.0,0.0,unlabelled,tier_2,stable
1,id_23,categorical,0.0018527301892703424,4,0.9894311027547503,0.9930083062477428,0.0,0.0,unlabelled,tier_2,stable
2,id_23,categorical,0.001107269443986832,4,0.9894311027547503,0.9917335887423562,0.0,0.0,unlabelled,tier_2,stable
3,id_23,categorical,0.002623262065750984,4,0.9894311027547503,0.9938331165834627,0.0,0.0,unlabelled,tier_2,stable
4,id_23,categorical,0.0013418311475914436,4,0.9894311027547503,0.9927325971897585,0.0,0.0,unlabelled,tier_2,stable
5,id_23,categorical,0.0003472605928521898,4,0.9894311027547503,0.9875549466232802,0.0,0.0,unlabelled,tier_2,stable
6,id_23,categorical,0.01063524444810416,4,0.9894311027547503,0.9772104761025452,0.0,0.0,unlabelled,tier_2,stable
0,id_24,numeric,0.0026913150930154388,3,0.9902477471061353,0.9938939460022229,,,unlabelled,tier_0,stable
1,id_24,numeric,0.002651270284807113,3,0.9902477471061353,0.9934127843986998,,,unlabelled,tier_0,stable
2,id_24,numeric,0.002148870628890723,3,0.9902477471061353,0.9920724968687836,,,unlabelled,tier_0,stable
3,id_24,numeric,0.0038887281512484453,3,0.9902477471061353,0.9944763742640992,,,unlabelled,tier_0,stable
4,id_24,numeric,0.0023272745996413347,3,0.9902477471061353,0.9932699282663012,,,unlabelled,tier_0,stable
5,id_24,numeric,0.00043505624224028655,3,0.9902477471061353,0.9885482673973854,,,unlabelled,tier_0,stable
6,id_24,numeric,0.009836457136804392,3,0.9902477471061353,0.9782568553226849,,,unlabelled,tier_0,stable
0,id_25,numeric,0.002966950264137821,6,0.989481747365689,0.9935281455323101,,,unlabelled,tier_0,stable
1,id_25,numeric,0.002100247508196779,6,0.989481747365689,0.9930083062477428,,,unlabelled,tier_0,stable
2,id_25,numeric,0.0018968642900289855,6,0.989481747365689,0.991777794150151,,,unlabelled,tier_0,stable
3,id_25,numeric,0.0027774987041876004,6,0.989481747365689,0.9938471004460853,,,unlabelled,tier_0,stable
4,id_25,numeric,0.0013429675535617637,6,0.989481747365689,0.9927594637435856,,,unlabelled,tier_0,stable
5,id_25,numeric,0.0013680243460773268,6,0.989481747365689,0.9876691214249015,,,unlabelled,tier_0,stable
6,id_25,numeric,0.010586657930980441,6,0.989481747365689,0.977256639891669,,,unlabelled,tier_0,stable
0,id_26,numeric,0.0023832069763755816,10,0.989434268042934,0.9934718685369388,,,unlabelled,tier_0,stable
1,id_26,numeric,0.002366392790981998,10,0.989434268042934,0.9930083062477428,,,unlabelled,tier_0,stable
2,id_26,numeric,0.0021089934152268984,10,0.989434268042934,0.9917483238782878,,,unlabelled,tier_0,stable
3,id_26,numeric,0.004548041094648791,10,0.989434268042934,0.9939589713470655,,,unlabelled,tier_0,stable
4,id_26,numeric,0.0033049052793568674,10,0.989434268042934,0.9927325971897585,,,unlabelled,tier_0,stable
5,id_26,numeric,0.002175825608411042,10,0.989434268042934,0.9875891990637666,,,unlabelled,tier_0,stable
6,id_26,numeric,0.012041903366174184,10,0.989434268042934,0.977241251961961,,,unlabelled,tier_0,stable
0,id_27,categorical,0.0019629342852971934,3,0.9894311027547503,0.9934718685369388,2.5322305469301454e-05,1.4069248842804283e-05,unlabelled,tier_0,stable
1,id_27,categorical,0.0014909362113110969,3,0.9894311027547503,0.9930083062477428,2.5322305469301454e-05,1.444564824846515e-05,unlabelled,tier_0,stable
2,id_27,categorical,0.0006421776473475954,3,0.9894311027547503,0.9917335887423562,2.5322305469301454e-05,0.0,unlabelled,tier_0,stable
3,id_27,categorical,0.002449381827087169,3,0.9894311027547503,0.9938331165834627,2.5322305469301454e-05,0.0,unlabelled,tier_0,stable
4,id_27,categorical,0.0013127939605234208,3,0.9894311027547503,0.9927325971897585,2.5322305469301454e-05,0.0,unlabelled,tier_0,stable
5,id_27,categorical,0.00032563025317608387,3,0.9894311027547503,0.9875549466232802,2.5322305469301454e-05,1.1417480162128219e-05,unlabelled,tier_0,stable
6,id_27,categorical,0.009673054177119111,3,0.9894311027547503,0.9772104761025452,2.5322305469301454e-05,0.0,unlabelled,tier_0,stable
0,id_28,categorical,0.06474995899144435,3,0.7161432862654981,0.8213064704475428,0.0,0.0,unlabelled,tier_0,stable
1,id_28,categorical,0.061791376160168034,3,0.7161432862654981,0.8195016251354279,0.0,0.0,unlabelled,tier_0,stable
2,id_28,categorical,0.07518746843358871,3,0.7161432862654981,0.8274368231046931,0.0,0.0,unlabelled,tier_0,stable
3,id_28,categorical,0.018017148965499163,3,0.7161432862654981,0.7734614255149558,0.0,0.0,unlabelled,tier_0,stable
4,id_28,categorical,0.0057598619494480165,3,0.7161432862654981,0.7460573332258671,0.0,0.0,unlabelled,tier_0,stable
5,id_28,categorical,0.019729083139030427,3,0.7161432862654981,0.6544271279328652,0.0,0.0,unlabelled,tier_0,stable
6,id_28,categorical,0.26143976396843754,3,0.7161432862654981,0.46911642507617024,0.0,0.0,unlabelled,tier_0,significant
0,id_29,categorical,0.06545076267626927,3,0.7161432862654981,0.8213064704475428,0.0,0.0,unlabelled,tier_0,stable
1,id_29,categorical,0.06232741279765966,3,0.7161432862654981,0.8195016251354279,0.0,0.0,unlabelled,tier_0,stable
2,id_29,categorical,0.0759839634634213,3,0.7161432862654981,0.8274368231046931,0.0,0.0,unlabelled,tier_0,stable
3,id_29,categorical,0.018589030181238444,3,0.7161432862654981,0.7734614255149558,0.0,0.0,unlabelled,tier_0,stable
4,id_29,categorical,0.006457195441266708,3,0.7161432862654981,0.7460573332258671,0.0,0.0,unlabelled,tier_0,stable
5,id_29,categorical,0.019690769762104078,3,0.7161432862654981,0.6544271279328652,0.0,0.0,unlabelled,tier_0,stable
6,id_29,categorical,0.2618217686479351,3,0.7161432862654981,0.46911642507617024,0.0,0.0,unlabelled,tier_0,significant
0,id_30,categorical,0.3202682811625776,56,0.8242568694666806,0.916822600841341,0.0015383300572600633,0.02647832632215766,unlabelled,tier_1,significant
1,id_30,categorical,0.3274948663298246,56,0.8242568694666806,0.9114626218851571,0.0015383300572600633,0.028169014084507043,unlabelled,tier_1,significant
2,id_30,categorical,0.3401410639866304,56,0.8242568694666806,0.9137257791203124,0.0015383300572600633,0.02930818536801002,unlabelled,tier_1,significant
3,id_30,categorical,0.44662431612584225,56,0.8242568694666806,0.9282488008837801,0.0015383300572600633,0.023716631007816978,unlabelled,tier_1,significant
4,id_30,categorical,0.3703177539082547,56,0.8242568694666806,0.9075253217269821,0.0015383300572600633,0.030265172886273877,unlabelled,tier_1,significant
5,id_30,categorical,0.4712530725914536,56,0.8242568694666806,0.7944054347205571,0.0015383300572600633,0.07542387395101902,unlabelled,tier_1,significant
6,id_30,categorical,0.9377404787673098,56,0.8242568694666806,0.6500630905118026,0.0015383300572600633,0.15527959868279323,unlabelled,tier_1,significant
0,id_31,categorical,1.6118478395993263,55,0.7169441041759647,0.8221365561292683,0.0027379742788682195,0.12652475484333892,unlabelled,tier_1,significant
1,id_31,categorical,1.7177126898699697,55,0.7169441041759647,0.819906103286385,0.0027379742788682195,0.12911520404478152,unlabelled,tier_1,significant
2,id_31,categorical,1.7594617882785808,55,0.7169441041759647,0.8277315258233258,0.0027379742788682195,0.12887349885802696,unlabelled,tier_1,significant
3,id_31,categorical,2.0030694770859485,55,0.7169441041759647,0.7736571995916712,0.0027379742788682195,0.1898449189635161,unlabelled,tier_1,significant
4,id_31,categorical,2.198740922611265,55,0.7169441041759647,0.7461513661642621,0.0027379742788682195,0.2215550361355149,unlabelled,tier_1,significant
5,id_31,categorical,2.5716113745358586,55,0.7169441041759647,0.6546554775361078,0.0027379742788682195,0.3024376320146144,unlabelled,tier_1,significant
6,id_31,categorical,3.546228935571449,55,0.7169441041759647,0.46919336472470996,0.0027379742788682195,0.4687625026928877,unlabelled,tier_1,significant
0,id_32,numeric,0.08095103169072201,2,0.8242220512966603,0.9167944623436555,,,unlabelled,tier_1,stable
1,id_32,numeric,0.07236780651061464,2,0.8242220512966603,0.9114337305886602,,,unlabelled,tier_1,stable
2,id_32,numeric,0.07609673052397377,2,0.8242220512966603,0.9137257791203124,,,unlabelled,tier_1,stable
3,id_32,numeric,0.11103458983469831,2,0.8242220512966603,0.9282348170211576,,,unlabelled,tier_1,moderate
4,id_32,numeric,0.06898149198267711,2,0.8242220512966603,0.9074850218962414,,,unlabelled,tier_1,stable
5,id_32,numeric,0.010971915838360123,2,0.8242220512966603,0.7943597647999087,,,unlabelled,tier_1,stable
6,id_32,numeric,0.1615268240667244,2,0.8242220512966603,0.6500630905118026,,,unlabelled,tier_1,moderate
0,id_33,categorical,0.08283400003759778,44,0.8366711297230056,0.9167944623436555,0.0021713876939925994,0.006893931932974099,unlabelled,tier_1,stable
1,id_33,categorical,0.06888305542736482,44,0.8366711297230056,0.9114337305886602,0.0021713876939925994,0.005836041892379921,unlabelled,tier_1,stable
2,id_33,categorical,0.07379829491609703,44,0.8366711297230056,0.9137257791203124,0.0021713876939925994,0.005628821925882267,unlabelled,tier_1,stable
3,id_33,categorical,0.10534952295549242,44,0.8366711297230056,0.9282348170211576,0.0021713876939925994,0.004852400330019158,unlabelled,tier_1,moderate
4,id_33,categorical,0.06885507865413666,44,0.8366711297230056,0.9074850218962414,0.0021713876939925994,0.006703205179871578,unlabelled,tier_1,stable
5,id_33,categorical,0.04494056607855447,44,0.8366711297230056,0.7943597647999087,0.0021713876939925994,0.015527773020494377,unlabelled,tier_1,stable
6,id_33,categorical,0.26245681796249476,44,0.8366711297230056,0.6500630905118026,0.0021713876939925994,0.03311482473148063,unlabelled,tier_1,significant
0,id_34,categorical,0.4894507027938178,5,0.8240701174638445,0.9154438144547462,6.3305763673253635e-06,0.0,unlabelled,tier_0,significant
1,id_34,categorical,0.48182000168545686,5,0.8240701174638445,0.908602383531961,6.3305763673253635e-06,0.0,unlabelled,tier_0,significant
2,id_34,categorical,0.48463640427142407,5,0.8240701174638445,0.911279746555662,6.3305763673253635e-06,0.0,unlabelled,tier_0,significant
3,id_34,categorical,0.5047499288350147,5,0.8240701174638445,0.9262910601166254,6.3305763673253635e-06,0.0,unlabelled,tier_0,significant
4,id_34,categorical,0.4792125049536643,5,0.8240701174638445,0.9059267617742672,6.3305763673253635e-06,0.0,unlabelled,tier_0,significant
5,id_34,categorical,0.3887157592664499,5,0.8240701174638445,0.789849860135868,6.3305763673253635e-06,0.0,unlabelled,tier_0,significant
6,id_34,categorical,0.7234925930302556,5,0.8240701174638445,0.6439694703474594,6.3305763673253635e-06,0.0,unlabelled,tier_0,significant
0,id_35,categorical,0.08387574675850629,3,0.7161432862654981,0.821151708710272,0.0,0.0,unlabelled,tier_0,stable
1,id_35,categorical,0.07393189041794504,3,0.7161432862654981,0.8186782231852654,0.0,0.0,unlabelled,tier_0,stable
2,id_35,categorical,0.0823023158122939,3,0.7161432862654981,0.826803212259633,0.0,0.0,unlabelled,tier_0,stable
3,id_35,categorical,0.11019335301885251,3,0.7161432862654981,0.7725664583071136,0.0,0.0,unlabelled,tier_0,moderate
4,id_35,categorical,0.07386817527592135,3,0.7161432862654981,0.7458289675183364,0.0,0.0,unlabelled,tier_0,stable
5,id_35,categorical,0.018104096871454138,3,0.7161432862654981,0.6543700405320546,0.0,0.0,unlabelled,tier_0,stable
6,id_35,categorical,0.26323471140183363,3,0.7161432862654981,0.4690856492167544,0.0,0.0,unlabelled,tier_0,significant
0,id_36,categorical,0.06718233911025696,3,0.7161432862654981,0.821151708710272,0.0,0.0,unlabelled,tier_0,stable
1,id_36,categorical,0.06454867882562468,3,0.7161432862654981,0.8186782231852654,0.0,0.0,unlabelled,tier_0,stable
2,id_36,categorical,0.07479473107238113,3,0.7161432862654981,0.826803212259633,0.0,0.0,unlabelled,tier_0,stable
3,id_36,categorical,0.02299891287090123,3,0.7161432862654981,0.7725664583071136,0.0,0.0,unlabelled,tier_0,stable
4,id_36,categorical,0.010608211468343972,3,0.7161432862654981,0.7458289675183364,0.0,0.0,unlabelled,tier_0,stable
5,id_36,categorical,0.020080055091400442,3,0.7161432862654981,0.6543700405320546,0.0,0.0,unlabelled,tier_0,stable
6,id_36,categorical,0.27473562651453265,3,0.7161432862654981,0.4690856492167544,0.0,0.0,unlabelled,tier_0,significant
0,id_37,categorical,0.06290521682624022,3,0.7161432862654981,0.821151708710272,0.0,0.0,unlabelled,tier_0,stable
1,id_37,categorical,0.06024599429774769,3,0.7161432862654981,0.8186782231852654,0.0,0.0,unlabelled,tier_0,stable
2,id_37,categorical,0.0705703726021611,3,0.7161432862654981,0.826803212259633,0.0,0.0,unlabelled,tier_0,stable
3,id_37,categorical,0.017554480353710267,3,0.7161432862654981,0.7725664583071136,0.0,0.0,unlabelled,tier_0,stable
4,id_37,categorical,0.005791719149396018,3,0.7161432862654981,0.7458289675183364,0.0,0.0,unlabelled,tier_0,stable
5,id_37,categorical,0.01812197762115033,3,0.7161432862654981,0.6543700405320546,0.0,0.0,unlabelled,tier_0,stable
6,id_37,categorical,0.2663064888975454,3,0.7161432862654981,0.4690856492167544,0.0,0.0,unlabelled,tier_0,significant
0,id_38,categorical,0.1725336648520945,3,0.7161432862654981,0.821151708710272,0.0,0.0,unlabelled,tier_0,moderate
1,id_38,categorical,0.14679041121514166,3,0.7161432862654981,0.8186782231852654,0.0,0.0,unlabelled,tier_0,moderate
2,id_38,categorical,0.14808621032847413,3,0.7161432862654981,0.826803212259633,0.0,0.0,unlabelled,tier_0,moderate
3,id_38,categorical,0.1794893636900926,3,0.7161432862654981,0.7725664583071136,0.0,0.0,unlabelled,tier_0,moderate
4,id_38,categorical,0.1665846174282098,3,0.7161432862654981,0.7458289675183364,0.0,0.0,unlabelled,tier_0,moderate
5,id_38,categorical,0.05591639059152217,3,0.7161432862654981,0.6543700405320546,0.0,0.0,unlabelled,tier_0,stable
6,id_38,categorical,0.4015045922696669,3,0.7161432862654981,0.4690856492167544,0.0,0.0,unlabelled,tier_0,significant
0,DeviceType,categorical,0.07065151428442583,3,0.7165832613230272,0.821362747442914,0.0,0.0,unlabelled,tier_1,stable
1,DeviceType,categorical,0.06536757695896066,3,0.7165832613230272,0.8188082340195016,0.0,0.0,unlabelled,tier_1,stable
2,DeviceType,categorical,0.07229653327507138,3,0.7165832613230272,0.826965298754881,0.0,0.0,unlabelled,tier_1,stable
3,DeviceType,categorical,0.03526460191224474,3,0.7165832613230272,0.7727202807959614,0.0,0.0,unlabelled,tier_1,stable
4,DeviceType,categorical,0.009842953708196496,3,0.7165832613230272,0.7458289675183364,0.0,0.0,unlabelled,tier_1,stable
5,DeviceType,categorical,0.0199047825266059,3,0.7165832613230272,0.6543700405320546,0.0,0.0,unlabelled,tier_1,stable
6,DeviceType,categorical,0.27164954334803965,3,0.7165832613230272,0.4690856492167544,0.0,0.0,unlabelled,tier_1,significant
0,DeviceInfo,categorical,0.1316003335457077,72,0.7546521823079382,0.8539049200163203,0.028525577111168085,0.036425285254020286,unlabelled,tier_1,moderate
1,DeviceInfo,categorical,0.141791925900044,72,0.7546521823079382,0.8549656915854099,0.028525577111168085,0.035045142650776455,unlabelled,tier_1,moderate
2,DeviceInfo,categorical,0.1348671099727241,72,0.7546521823079382,0.855595667870036,0.028525577111168085,0.033787666691225224,unlabelled,tier_1,moderate
3,DeviceInfo,categorical,0.16503581199140144,72,0.7546521823079382,0.821817622463677,0.028525577111168085,0.06270363999944065,unlabelled,tier_1,moderate
4,DeviceInfo,categorical,0.15174482804121409,72,0.7546521823079382,0.799145643588297,0.028525577111168085,0.06429166330834744,unlabelled,tier_1,moderate
5,DeviceInfo,categorical,0.13037331775024297,72,0.7546521823079382,0.7008620197522407,0.028525577111168085,0.07071987212422218,unlabelled,tier_1,moderate
6,DeviceInfo,categorical,0.39401737670673775,72,0.7546521823079382,0.5239128427661343,0.028525577111168085,0.1126242575323916,unlabelled,tier_1,significant
0,has_identity,numeric,0.06306983980126973,2,0.0,0.0,,,unlabelled,tier_1,stable
1,has_identity,numeric,0.06050947569433887,2,0.0,0.0,,,unlabelled,tier_1,stable
2,has_identity,numeric,0.07124313057078185,2,0.0,0.0,,,unlabelled,tier_1,stable
3,has_identity,numeric,0.008196072291135548,2,0.0,0.0,,,unlabelled,tier_1,stable
4,has_identity,numeric,0.004622902177704326,2,0.0,0.0,,,unlabelled,tier_1,stable
5,has_identity,numeric,0.01954873199348798,2,0.0,0.0,,,unlabelled,tier_1,stable
6,has_identity,numeric,0.2762350886406589,2,0.0,0.0,,,unlabelled,tier_1,significant
0,hour,numeric,0.011041724850912376,10,0.0,0.0,,,unlabelled,tier_1,stable
1,hour,numeric,0.014964210684833867,10,0.0,0.0,,,unlabelled,tier_1,stable
2,hour,numeric,0.014120199986158918,10,0.0,0.0,,,unlabelled,tier_1,stable
3,hour,numeric,0.009758920036480753,10,0.0,0.0,,,unlabelled,tier_1,stable
4,hour,numeric,0.0036021854491859405,10,0.0,0.0,,,unlabelled,tier_1,stable
5,hour,numeric,0.0008637912206066545,10,0.0,0.0,,,unlabelled,tier_1,stable
6,hour,numeric,0.003118503083129257,10,0.0,0.0,,,unlabelled,tier_1,stable
0,weekday,numeric,0.004614794729167154,7,0.0,0.0,,,unlabelled,tier_1,stable
1,weekday,numeric,0.0037850756278108425,7,0.0,0.0,,,unlabelled,tier_1,stable
2,weekday,numeric,0.0011821156413535584,7,0.0,0.0,,,unlabelled,tier_1,stable
3,weekday,numeric,0.0034305843291701776,7,0.0,0.0,,,unlabelled,tier_1,stable
4,weekday,numeric,0.003555496360089687,7,0.0,0.0,,,unlabelled,tier_1,stable
5,weekday,numeric,0.0035843440732815876,7,0.0,0.0,,,unlabelled,tier_1,stable
6,weekday,numeric,0.02387754716999583,7,0.0,0.0,,,unlabelled,tier_1,stable
0,amt_whole_dollar,numeric,0.002382859572655936,2,0.0,0.0,,,unlabelled,tier_1,stable
1,amt_whole_dollar,numeric,0.0019177432879882907,2,0.0,0.0,,,unlabelled,tier_1,stable
2,amt_whole_dollar,numeric,0.001160487176906528,2,0.0,0.0,,,unlabelled,tier_1,stable
3,amt_whole_dollar,numeric,0.010490007782738148,2,0.0,0.0,,,unlabelled,tier_1,stable
4,amt_whole_dollar,numeric,0.011230096970842773,2,0.0,0.0,,,unlabelled,tier_1,stable
5,amt_whole_dollar,numeric,0.0008848887206918206,2,0.0,0.0,,,unlabelled,tier_1,stable
6,amt_whole_dollar,numeric,0.013844744967379044,2,0.0,0.0,,,unlabelled,tier_1,stable
0,amt_round_band,numeric,0.01164115209182828,2,0.0,0.0,,,unlabelled,tier_1,stable
1,amt_round_band,numeric,0.012269272550973211,2,0.0,0.0,,,unlabelled,tier_1,stable
2,amt_round_band,numeric,0.014030339149304575,2,0.0,0.0,,,unlabelled,tier_1,stable
3,amt_round_band,numeric,0.015344666966406413,2,0.0,0.0,,,unlabelled,tier_1,stable
4,amt_round_band,numeric,0.013349738263030188,2,0.0,0.0,,,unlabelled,tier_1,stable
5,amt_round_band,numeric,2.167123504615984e-05,2,0.0,0.0,,,unlabelled,tier_1,stable
6,amt_round_band,numeric,0.042940415003383706,2,0.0,0.0,,,unlabelled,tier_1,stable
0,amt_round_band_product,numeric,0.008584402986192733,2,0.0,0.0,,,unlabelled,tier_1,stable
1,amt_round_band_product,numeric,0.003441455623981731,2,0.0,0.0,,,unlabelled,tier_1,stable
2,amt_round_band_product,numeric,0.004540367571148941,2,0.0,0.0,,,unlabelled,tier_1,stable
3,amt_round_band_product,numeric,0.005414919140150262,2,0.0,0.0,,,unlabelled,tier_1,stable
4,amt_round_band_product,numeric,0.0029494177619009626,2,0.0,0.0,,,unlabelled,tier_1,stable
5,amt_round_band_product,numeric,0.002226858239379261,2,0.0,0.0,,,unlabelled,tier_1,stable
6,amt_round_band_product,numeric,0.001978545932220233,2,0.0,0.0,,,unlabelled,tier_1,stable
0,freq_card1,numeric,0.006034559801344685,10,0.0,0.0,,,unlabelled,tier_2,stable
1,freq_card1,numeric,0.00961295896853789,10,0.0,0.0,,,unlabelled,tier_2,stable
2,freq_card1,numeric,0.008521291593761682,10,0.0,0.0,,,unlabelled,tier_2,stable
3,freq_card1,numeric,0.01187418283238274,10,0.0,0.0,,,unlabelled,tier_2,stable
4,freq_card1,numeric,0.011118546168700337,10,0.0,0.0,,,unlabelled,tier_2,stable
5,freq_card1,numeric,0.02101362756289231,10,0.0,0.0,,,unlabelled,tier_2,stable
6,freq_card1,numeric,0.02588490465413015,10,0.0,0.0,,,unlabelled,tier_2,stable
0,freq_card2,numeric,0.017104019956223963,10,0.0,0.0,,,unlabelled,tier_2,stable
1,freq_card2,numeric,0.02603926697208856,10,0.0,0.0,,,unlabelled,tier_2,stable
2,freq_card2,numeric,0.020301163115636657,10,0.0,0.0,,,unlabelled,tier_2,stable
3,freq_card2,numeric,0.004947487782361193,10,0.0,0.0,,,unlabelled,tier_2,stable
4,freq_card2,numeric,0.005622234429888709,10,0.0,0.0,,,unlabelled,tier_2,stable
5,freq_card2,numeric,0.00619965615392822,10,0.0,0.0,,,unlabelled,tier_2,stable
6,freq_card2,numeric,0.046397800785346714,10,0.0,0.0,,,unlabelled,tier_2,stable
0,freq_card3,numeric,0.002306531443975348,2,0.0,0.0,,,unlabelled,tier_2,stable
1,freq_card3,numeric,0.0033705997624601546,2,0.0,0.0,,,unlabelled,tier_2,stable
2,freq_card3,numeric,0.011407709012826964,2,0.0,0.0,,,unlabelled,tier_2,stable
3,freq_card3,numeric,0.014847073990655761,2,0.0,0.0,,,unlabelled,tier_2,stable
4,freq_card3,numeric,0.019909084248658254,2,0.0,0.0,,,unlabelled,tier_2,stable
5,freq_card3,numeric,0.00559505724379023,2,0.0,0.0,,,unlabelled,tier_2,stable
6,freq_card3,numeric,0.06739846460147701,2,0.0,0.0,,,unlabelled,tier_2,stable
0,freq_card5,numeric,0.002565936220026997,5,0.0,0.0,,,unlabelled,tier_2,stable
1,freq_card5,numeric,0.0027820025103811397,5,0.0,0.0,,,unlabelled,tier_2,stable
2,freq_card5,numeric,0.00711238359392071,5,0.0,0.0,,,unlabelled,tier_2,stable
3,freq_card5,numeric,0.017464662267540502,5,0.0,0.0,,,unlabelled,tier_2,stable
4,freq_card5,numeric,0.011242965313922127,5,0.0,0.0,,,unlabelled,tier_2,stable
5,freq_card5,numeric,0.0031650895702199223,5,0.0,0.0,,,unlabelled,tier_2,stable
6,freq_card5,numeric,0.04046435483998528,5,0.0,0.0,,,unlabelled,tier_2,stable
0,freq_addr1,numeric,0.00309271546398506,9,0.0,0.0,,,unlabelled,tier_2,stable
1,freq_addr1,numeric,0.004968884609832102,9,0.0,0.0,,,unlabelled,tier_2,stable
2,freq_addr1,numeric,0.007666967653283303,9,0.0,0.0,,,unlabelled,tier_2,stable
3,freq_addr1,numeric,0.0075612045142629345,9,0.0,0.0,,,unlabelled,tier_2,stable
4,freq_addr1,numeric,0.010843725006018235,9,0.0,0.0,,,unlabelled,tier_2,stable
5,freq_addr1,numeric,0.0031195374901128803,9,0.0,0.0,,,unlabelled,tier_2,stable
6,freq_addr1,numeric,0.029325761480262783,9,0.0,0.0,,,unlabelled,tier_2,stable
0,freq_addr2,numeric,0.0046655521852298565,2,0.0,0.0,,,unlabelled,tier_2,stable
1,freq_addr2,numeric,0.006092025200040993,2,0.0,0.0,,,unlabelled,tier_2,stable
2,freq_addr2,numeric,0.009648850063672628,2,0.0,0.0,,,unlabelled,tier_2,stable
3,freq_addr2,numeric,0.016915389547068782,2,0.0,0.0,,,unlabelled,tier_2,stable
4,freq_addr2,numeric,0.022496250728787644,2,0.0,0.0,,,unlabelled,tier_2,stable
5,freq_addr2,numeric,0.006845820836619823,2,0.0,0.0,,,unlabelled,tier_2,stable
6,freq_addr2,numeric,0.045549847369646575,2,0.0,0.0,,,unlabelled,tier_2,stable
0,freq_DeviceInfo,numeric,0.06590218459369422,3,0.0,0.0,,,unlabelled,tier_2,stable
1,freq_DeviceInfo,numeric,0.0669762077277822,3,0.0,0.0,,,unlabelled,tier_2,stable
2,freq_DeviceInfo,numeric,0.06643548508800425,3,0.0,0.0,,,unlabelled,tier_2,stable
3,freq_DeviceInfo,numeric,0.039858140848554074,3,0.0,0.0,,,unlabelled,tier_2,stable
4,freq_DeviceInfo,numeric,0.014037172646014609,3,0.0,0.0,,,unlabelled,tier_2,stable
5,freq_DeviceInfo,numeric,0.014663339234614726,3,0.0,0.0,,,unlabelled,tier_2,stable
6,freq_DeviceInfo,numeric,0.237187525985849,3,0.0,0.0,,,unlabelled,tier_2,moderate
0,amt_mean_card1,numeric,0.0280127331339958,10,0.0,0.0,,,unlabelled,tier_2,stable
1,amt_mean_card1,numeric,0.04111171762574851,10,0.0,0.0,,,unlabelled,tier_2,stable
2,amt_mean_card1,numeric,0.0370582180320037,10,0.0,0.0,,,unlabelled,tier_2,stable
3,amt_mean_card1,numeric,0.03595135330579439,10,0.0,0.0,,,unlabelled,tier_2,stable
4,amt_mean_card1,numeric,0.03062184826523197,10,0.0,0.0,,,unlabelled,tier_2,stable
5,amt_mean_card1,numeric,0.009579678192755497,10,0.0,0.0,,,unlabelled,tier_2,stable
6,amt_mean_card1,numeric,0.07557384559907761,10,0.0,0.0,,,unlabelled,tier_2,stable
0,amt_z_card1,numeric,0.001350018382160847,10,0.0,0.0,,,unlabelled,tier_2,stable
1,amt_z_card1,numeric,0.0009559085163380863,10,0.0,0.0,,,unlabelled,tier_2,stable
2,amt_z_card1,numeric,0.000727808830183203,10,0.0,0.0,,,unlabelled,tier_2,stable
3,amt_z_card1,numeric,0.010200446262155563,10,0.0,0.0,,,unlabelled,tier_2,stable
4,amt_z_card1,numeric,0.009254310562309548,10,0.0,0.0,,,unlabelled,tier_2,stable
5,amt_z_card1,numeric,0.007167866435086398,10,0.0,0.0,,,unlabelled,tier_2,stable
6,amt_z_card1,numeric,0.007757865594167614,10,0.0,0.0,,,unlabelled,tier_2,stable
0,amt_absz_card1,numeric,0.002092285851773964,10,0.0,0.0,,,unlabelled,tier_2,stable
1,amt_absz_card1,numeric,0.0018550685396530036,10,0.0,0.0,,,unlabelled,tier_2,stable
2,amt_absz_card1,numeric,0.001553843316891688,10,0.0,0.0,,,unlabelled,tier_2,stable
3,amt_absz_card1,numeric,0.0060832010338054375,10,0.0,0.0,,,unlabelled,tier_2,stable
4,amt_absz_card1,numeric,0.006510449020499642,10,0.0,0.0,,,unlabelled,tier_2,stable
5,amt_absz_card1,numeric,0.005922375006854011,10,0.0,0.0,,,unlabelled,tier_2,stable
6,amt_absz_card1,numeric,0.005681376229681528,10,0.0,0.0,,,unlabelled,tier_2,stable
0,amt_mean_addr1,numeric,0.0035753389480829073,10,0.0,0.0,,,unlabelled,tier_2,stable
1,amt_mean_addr1,numeric,0.006103910971047838,10,0.0,0.0,,,unlabelled,tier_2,stable
2,amt_mean_addr1,numeric,0.010201586236712988,10,0.0,0.0,,,unlabelled,tier_2,stable
3,amt_mean_addr1,numeric,0.018598263433889643,10,0.0,0.0,,,unlabelled,tier_2,stable
4,amt_mean_addr1,numeric,0.022434814790940165,10,0.0,0.0,,,unlabelled,tier_2,stable
5,amt_mean_addr1,numeric,0.005683947602010782,10,0.0,0.0,,,unlabelled,tier_2,stable
6,amt_mean_addr1,numeric,0.03329387755558973,10,0.0,0.0,,,unlabelled,tier_2,stable
0,amt_z_addr1,numeric,0.002133158439074057,10,0.0,0.0,,,unlabelled,tier_2,stable
1,amt_z_addr1,numeric,0.0019022810906786096,10,0.0,0.0,,,unlabelled,tier_2,stable
2,amt_z_addr1,numeric,0.00150282861426857,10,0.0,0.0,,,unlabelled,tier_2,stable
3,amt_z_addr1,numeric,0.011887891083104249,10,0.0,0.0,,,unlabelled,tier_2,stable
4,amt_z_addr1,numeric,0.010033791704931763,10,0.0,0.0,,,unlabelled,tier_2,stable
5,amt_z_addr1,numeric,0.006122039258711468,10,0.0,0.0,,,unlabelled,tier_2,stable
6,amt_z_addr1,numeric,0.01885234537107091,10,0.0,0.0,,,unlabelled,tier_2,stable
0,amt_absz_addr1,numeric,0.0033290060780353185,10,0.0,0.0,,,unlabelled,tier_2,stable
1,amt_absz_addr1,numeric,0.0038820747971911387,10,0.0,0.0,,,unlabelled,tier_2,stable
2,amt_absz_addr1,numeric,0.0042205105358031625,10,0.0,0.0,,,unlabelled,tier_2,stable
3,amt_absz_addr1,numeric,0.006237504093613802,10,0.0,0.0,,,unlabelled,tier_2,stable
4,amt_absz_addr1,numeric,0.008425142376850527,10,0.0,0.0,,,unlabelled,tier_2,stable
5,amt_absz_addr1,numeric,0.004491342790568285,10,0.0,0.0,,,unlabelled,tier_2,stable
6,amt_absz_addr1,numeric,0.01390022245451909,10,0.0,0.0,,,unlabelled,tier_2,stable
0,vb_V1,numeric,0.0,1,0.0,0.0,,,unlabelled,tier_0,stable
1,vb_V1,numeric,0.0,1,0.0,0.0,,,unlabelled,tier_0,stable
2,vb_V1,numeric,0.0,1,0.0,0.0,,,unlabelled,tier_0,stable
3,vb_V1,numeric,0.0,1,0.0,0.0,,,unlabelled,tier_0,stable
4,vb_V1,numeric,0.0,1,0.0,0.0,,,unlabelled,tier_0,stable
5,vb_V1,numeric,0.0,1,0.0,0.0,,,unlabelled,tier_0,stable
6,vb_V1,numeric,0.0,1,0.0,0.0,,,unlabelled,tier_0,stable
0,vb_V2,numeric,0.021380041831053416,2,0.0,0.0,,,unlabelled,tier_0,stable
1,vb_V2,numeric,0.014310483595090703,2,0.0,0.0,,,unlabelled,tier_0,stable
2,vb_V2,numeric,0.01602273849101264,2,0.0,0.0,,,unlabelled,tier_0,stable
3,vb_V2,numeric,0.01264461692028828,2,0.0,0.0,,,unlabelled,tier_0,stable
4,vb_V2,numeric,0.012197957125207015,2,0.0,0.0,,,unlabelled,tier_0,stable
5,vb_V2,numeric,0.00912730227193534,2,0.0,0.0,,,unlabelled,tier_0,stable
6,vb_V2,numeric,0.0006390708410579936,2,0.0,0.0,,,unlabelled,tier_0,stable
0,vb_V3,numeric,0.03230085509483349,2,0.0,0.0,,,unlabelled,tier_0,stable
1,vb_V3,numeric,0.02544751389166431,2,0.0,0.0,,,unlabelled,tier_0,stable
2,vb_V3,numeric,0.0276300158930072,2,0.0,0.0,,,unlabelled,tier_0,stable
3,vb_V3,numeric,0.023920308780378808,2,0.0,0.0,,,unlabelled,tier_0,stable
4,vb_V3,numeric,0.022848296565817085,2,0.0,0.0,,,unlabelled,tier_0,stable
5,vb_V3,numeric,0.018091881008516376,2,0.0,0.0,,,unlabelled,tier_0,stable
6,vb_V3,numeric,0.0017114172304203688,2,0.0,0.0,,,unlabelled,tier_0,stable
0,vb_V4,numeric,0.010132235976251335,2,0.0,0.0,,,unlabelled,tier_0,stable
1,vb_V4,numeric,0.005230005272705783,2,0.0,0.0,,,unlabelled,tier_0,stable
2,vb_V4,numeric,0.004165874611976729,2,0.0,0.0,,,unlabelled,tier_0,stable
3,vb_V4,numeric,0.0028805988224248585,2,0.0,0.0,,,unlabelled,tier_0,stable
4,vb_V4,numeric,0.003973418388239378,2,0.0,0.0,,,unlabelled,tier_0,stable
5,vb_V4,numeric,0.002517750008830377,2,0.0,0.0,,,unlabelled,tier_0,stable
6,vb_V4,numeric,0.00021919984502929534,2,0.0,0.0,,,unlabelled,tier_0,stable
0,vb_V6,numeric,0.018534605249780477,2,0.0,0.0,,,unlabelled,tier_0,stable
1,vb_V6,numeric,0.013906119818932184,2,0.0,0.0,,,unlabelled,tier_0,stable
2,vb_V6,numeric,0.013129193392892998,2,0.0,0.0,,,unlabelled,tier_0,stable
3,vb_V6,numeric,0.010762037759639197,2,0.0,0.0,,,unlabelled,tier_0,stable
4,vb_V6,numeric,0.011313873339271712,2,0.0,0.0,,,unlabelled,tier_0,stable
5,vb_V6,numeric,0.008105743920147599,2,0.0,0.0,,,unlabelled,tier_0,stable
6,vb_V6,numeric,0.0004841305476628613,2,0.0,0.0,,,unlabelled,tier_0,stable
0,vb_V7,numeric,0.025699957579341924,2,0.0,0.0,,,unlabelled,tier_0,stable
1,vb_V7,numeric,0.021642778860816284,2,0.0,0.0,,,unlabelled,tier_0,stable
2,vb_V7,numeric,0.024494087866112933,2,0.0,0.0,,,unlabelled,tier_0,stable
3,vb_V7,numeric,0.021485976853783093,2,0.0,0.0,,,unlabelled,tier_0,stable
4,vb_V7,numeric,0.019402860028806816,2,0.0,0.0,,,unlabelled,tier_0,stable
5,vb_V7,numeric,0.013279627237703729,2,0.0,0.0,,,unlabelled,tier_0,stable
6,vb_V7,numeric,0.000939429095182235,2,0.0,0.0,,,unlabelled,tier_0,stable
0,vb_V8,numeric,0.00977175478971526,2,0.0,0.0,,,unlabelled,tier_0,stable
1,vb_V8,numeric,0.004869750205954895,2,0.0,0.0,,,unlabelled,tier_0,stable
2,vb_V8,numeric,0.005220124198713767,2,0.0,0.0,,,unlabelled,tier_0,stable
3,vb_V8,numeric,0.003557137238620642,2,0.0,0.0,,,unlabelled,tier_0,stable
4,vb_V8,numeric,0.0032186143522431225,2,0.0,0.0,,,unlabelled,tier_0,stable
5,vb_V8,numeric,0.0014458097323516207,2,0.0,0.0,,,unlabelled,tier_0,stable
6,vb_V8,numeric,1.3942052856999359e-05,2,0.0,0.0,,,unlabelled,tier_0,stable
0,vb_V9,numeric,0.015130259407812662,2,0.0,0.0,,,unlabelled,tier_0,stable
1,vb_V9,numeric,0.008620593880630596,2,0.0,0.0,,,unlabelled,tier_0,stable
2,vb_V9,numeric,0.01060808107607596,2,0.0,0.0,,,unlabelled,tier_0,stable
3,vb_V9,numeric,0.010801251041238701,2,0.0,0.0,,,unlabelled,tier_0,stable
4,vb_V9,numeric,0.010083100898220725,2,0.0,0.0,,,unlabelled,tier_0,stable
5,vb_V9,numeric,0.004613986765569422,2,0.0,0.0,,,unlabelled,tier_0,stable
6,vb_V9,numeric,7.169220803031123e-05,2,0.0,0.0,,,unlabelled,tier_0,stable
0,vb_V10,numeric,0.1293132040715892,3,0.0,0.0,,,unlabelled,tier_0,moderate
1,vb_V10,numeric,0.12963439321481088,3,0.0,0.0,,,unlabelled,tier_0,moderate
2,vb_V10,numeric,0.13576486794587606,3,0.0,0.0,,,unlabelled,tier_0,moderate
3,vb_V10,numeric,0.09236286642128093,3,0.0,0.0,,,unlabelled,tier_0,stable
4,vb_V10,numeric,0.10256454041846005,3,0.0,0.0,,,unlabelled,tier_0,moderate
5,vb_V10,numeric,0.05700220446672433,3,0.0,0.0,,,unlabelled,tier_0,stable
6,vb_V10,numeric,0.0017950908039284274,3,0.0,0.0,,,unlabelled,tier_0,stable
0,vb_V12,numeric,0.038127117759741314,3,0.0,0.0,,,unlabelled,tier_0,stable
1,vb_V12,numeric,0.04189532208280639,3,0.0,0.0,,,unlabelled,tier_0,stable
2,vb_V12,numeric,0.01352810188874658,3,0.0,0.0,,,unlabelled,tier_0,stable
3,vb_V12,numeric,0.0011362378665490443,3,0.0,0.0,,,unlabelled,tier_0,stable
4,vb_V12,numeric,0.0016618148607668649,3,0.0,0.0,,,unlabelled,tier_0,stable
5,vb_V12,numeric,0.02939164630354882,3,0.0,0.0,,,unlabelled,tier_0,stable
6,vb_V12,numeric,0.24443167651492986,3,0.0,0.0,,,unlabelled,tier_0,moderate
0,vb_V14,numeric,0.0,1,0.0,0.0,,,unlabelled,tier_0,stable
1,vb_V14,numeric,0.0,1,0.0,0.0,,,unlabelled,tier_0,stable
2,vb_V14,numeric,0.0,1,0.0,0.0,,,unlabelled,tier_0,stable
3,vb_V14,numeric,0.0,1,0.0,0.0,,,unlabelled,tier_0,stable
4,vb_V14,numeric,0.0,1,0.0,0.0,,,unlabelled,tier_0,stable
5,vb_V14,numeric,0.0,1,0.0,0.0,,,unlabelled,tier_0,stable
6,vb_V14,numeric,0.0,1,0.0,0.0,,,unlabelled,tier_0,stable
0,vb_V15,numeric,0.0015945284192254664,3,0.0,0.0,,,unlabelled,tier_0,stable
1,vb_V15,numeric,0.0023616993130828397,3,0.0,0.0,,,unlabelled,tier_0,stable
2,vb_V15,numeric,0.00506665780176456,3,0.0,0.0,,,unlabelled,tier_0,stable
3,vb_V15,numeric,0.026441744547007345,3,0.0,0.0,,,unlabelled,tier_0,stable
4,vb_V15,numeric,0.033424523231519926,3,0.0,0.0,,,unlabelled,tier_0,stable
5,vb_V15,numeric,0.011254472775968038,3,0.0,0.0,,,unlabelled,tier_0,stable
6,vb_V15,numeric,0.05611614649418668,3,0.0,0.0,,,unlabelled,tier_0,stable
0,vb_V17,numeric,0.00047103490120668366,3,0.0,0.0,,,unlabelled,tier_0,stable
1,vb_V17,numeric,0.0006702794263477658,3,0.0,0.0,,,unlabelled,tier_0,stable
2,vb_V17,numeric,0.017239871951162535,3,0.0,0.0,,,unlabelled,tier_0,stable
3,vb_V17,numeric,0.09854307978389298,3,0.0,0.0,,,unlabelled,tier_0,stable
4,vb_V17,numeric,0.14007510631551223,3,0.0,0.0,,,unlabelled,tier_0,moderate
5,vb_V17,numeric,0.3330353746052673,3,0.0,0.0,,,unlabelled,tier_0,significant
6,vb_V17,numeric,0.911226986084618,3,0.0,0.0,,,unlabelled,tier_0,significant
0,vb_V19,numeric,0.00021906254613165502,3,0.0,0.0,,,unlabelled,tier_0,stable
1,vb_V19,numeric,0.00015598615165719743,3,0.0,0.0,,,unlabelled,tier_0,stable
2,vb_V19,numeric,0.00044680696271440007,3,0.0,0.0,,,unlabelled,tier_0,stable
3,vb_V19,numeric,0.00022017880288777202,3,0.0,0.0,,,unlabelled,tier_0,stable
4,vb_V19,numeric,0.0015520313415207565,3,0.0,0.0,,,unlabelled,tier_0,stable
5,vb_V19,numeric,0.0028377018285436328,3,0.0,0.0,,,unlabelled,tier_0,stable
6,vb_V19,numeric,0.04290604925179099,3,0.0,0.0,,,unlabelled,tier_0,stable
0,vb_V20,numeric,0.0004930718719446826,3,0.0,0.0,,,unlabelled,tier_0,stable
1,vb_V20,numeric,0.00017774274382815192,3,0.0,0.0,,,unlabelled,tier_0,stable
2,vb_V20,numeric,8.848308434654598e-05,3,0.0,0.0,,,unlabelled,tier_0,stable
3,vb_V20,numeric,2.1017530692800718e-05,3,0.0,0.0,,,unlabelled,tier_0,stable
4,vb_V20,numeric,0.0007763285476906958,3,0.0,0.0,,,unlabelled,tier_0,stable
5,vb_V20,numeric,0.0018362475412998286,3,0.0,0.0,,,unlabelled,tier_0,stable
6,vb_V20,numeric,0.03796701432569147,3,0.0,0.0,,,unlabelled,tier_0,stable
0,vb_V23,numeric,0.004052221595910805,2,0.0,0.0,,,unlabelled,tier_0,stable
1,vb_V23,numeric,0.0030265723598098173,2,0.0,0.0,,,unlabelled,tier_0,stable
2,vb_V23,numeric,0.007025533598698546,2,0.0,0.0,,,unlabelled,tier_0,stable
3,vb_V23,numeric,0.006770225031497185,2,0.0,0.0,,,unlabelled,tier_0,stable
4,vb_V23,numeric,0.005899256005084379,2,0.0,0.0,,,unlabelled,tier_0,stable
5,vb_V23,numeric,0.005554758136660948,2,0.0,0.0,,,unlabelled,tier_0,stable
6,vb_V23,numeric,0.0037148462809539137,2,0.0,0.0,,,unlabelled,tier_0,stable
0,vb_V24,numeric,0.00382281012064203,2,0.0,0.0,,,unlabelled,tier_0,stable
1,vb_V24,numeric,0.0024879003625836366,2,0.0,0.0,,,unlabelled,tier_0,stable
2,vb_V24,numeric,0.006428033470557353,2,0.0,0.0,,,unlabelled,tier_0,stable
3,vb_V24,numeric,0.006500837033202563,2,0.0,0.0,,,unlabelled,tier_0,stable
4,vb_V24,numeric,0.0063433944799853575,2,0.0,0.0,,,unlabelled,tier_0,stable
5,vb_V24,numeric,0.004189256196604403,2,0.0,0.0,,,unlabelled,tier_0,stable
6,vb_V24,numeric,0.001172366252977434,2,0.0,0.0,,,unlabelled,tier_0,stable
0,vb_V25,numeric,0.0004035198688706304,2,0.0,0.0,,,unlabelled,tier_0,stable
1,vb_V25,numeric,0.00011323959957677041,2,0.0,0.0,,,unlabelled,tier_0,stable
2,vb_V25,numeric,0.0007926325395062104,2,0.0,0.0,,,unlabelled,tier_0,stable
3,vb_V25,numeric,0.000862904447372394,2,0.0,0.0,,,unlabelled,tier_0,stable
4,vb_V25,numeric,0.002197794806947041,2,0.0,0.0,,,unlabelled,tier_0,stable
5,vb_V25,numeric,0.0018908962945435059,2,0.0,0.0,,,unlabelled,tier_0,stable
6,vb_V25,numeric,0.0016059880559171585,2,0.0,0.0,,,unlabelled,tier_0,stable
0,vb_V26,numeric,0.00019472373024690114,2,0.0,0.0,,,unlabelled,tier_0,stable
1,vb_V26,numeric,2.6628870067766525e-05,2,0.0,0.0,,,unlabelled,tier_0,stable
2,vb_V26,numeric,0.0005804014328689459,2,0.0,0.0,,,unlabelled,tier_0,stable
3,vb_V26,numeric,0.0012982852961431208,2,0.0,0.0,,,unlabelled,tier_0,stable
4,vb_V26,numeric,0.0026560636740077504,2,0.0,0.0,,,unlabelled,tier_0,stable
5,vb_V26,numeric,0.001894950927890642,2,0.0,0.0,,,unlabelled,tier_0,stable
6,vb_V26,numeric,0.0005979716333412009,2,0.0,0.0,,,unlabelled,tier_0,stable
0,vb_V27,numeric,0.00014146942950630977,2,0.0,0.0,,,unlabelled,tier_0,stable
1,vb_V27,numeric,0.0003504745930275869,2,0.0,0.0,,,unlabelled,tier_0,stable
2,vb_V27,numeric,0.010355071958996646,2,0.0,0.0,,,unlabelled,tier_0,stable
3,vb_V27,numeric,0.02325184747779424,2,0.0,0.0,,,unlabelled,tier_0,stable
4,vb_V27,numeric,0.054029975226162805,2,0.0,0.0,,,unlabelled,tier_0,stable
5,vb_V27,numeric,0.42529278965893785,2,0.0,0.0,,,unlabelled,tier_0,significant
6,vb_V27,numeric,0.04506130623894754,2,0.0,0.0,,,unlabelled,tier_0,stable
0,vb_V29,numeric,0.011005900547916498,3,0.0,0.0,,,unlabelled,tier_0,stable
1,vb_V29,numeric,0.013026067800820548,3,0.0,0.0,,,unlabelled,tier_0,stable
2,vb_V29,numeric,0.015938526384238032,3,0.0,0.0,,,unlabelled,tier_0,stable
3,vb_V29,numeric,0.0025895575722486098,3,0.0,0.0,,,unlabelled,tier_0,stable
4,vb_V29,numeric,0.0017160807959996957,3,0.0,0.0,,,unlabelled,tier_0,stable
5,vb_V29,numeric,0.0018762890869668102,3,0.0,0.0,,,unlabelled,tier_0,stable
6,vb_V29,numeric,0.06498565903851476,3,0.0,0.0,,,unlabelled,tier_0,stable
0,vb_V32,numeric,0.0019322845723460142,3,0.0,0.0,,,unlabelled,tier_0,stable
1,vb_V32,numeric,0.0019433325067935551,3,0.0,0.0,,,unlabelled,tier_0,stable
2,vb_V32,numeric,0.00977276904830975,3,0.0,0.0,,,unlabelled,tier_0,stable
3,vb_V32,numeric,0.10649051087706857,3,0.0,0.0,,,unlabelled,tier_0,moderate
4,vb_V32,numeric,0.1157849402572733,3,0.0,0.0,,,unlabelled,tier_0,moderate
5,vb_V32,numeric,0.17907433108770848,3,0.0,0.0,,,unlabelled,tier_0,moderate
6,vb_V32,numeric,0.9191600040007093,3,0.0,0.0,,,unlabelled,tier_0,significant
0,vb_V35,numeric,0.1553978291895214,3,0.0,0.0,,,unlabelled,tier_0,moderate
1,vb_V35,numeric,0.1574449969898798,3,0.0,0.0,,,unlabelled,tier_0,moderate
2,vb_V35,numeric,0.17473630025584386,3,0.0,0.0,,,unlabelled,tier_0,moderate
3,vb_V35,numeric,0.09792514318974929,3,0.0,0.0,,,unlabelled,tier_0,stable
4,vb_V35,numeric,0.11572422337915454,3,0.0,0.0,,,unlabelled,tier_0,moderate
5,vb_V35,numeric,0.045488180486436505,3,0.0,0.0,,,unlabelled,tier_0,stable
6,vb_V35,numeric,0.004655352006141151,3,0.0,0.0,,,unlabelled,tier_0,stable
0,vb_V37,numeric,0.0008178278027558061,2,0.0,0.0,,,unlabelled,tier_0,stable
1,vb_V37,numeric,0.0002716939378034845,2,0.0,0.0,,,unlabelled,tier_0,stable
2,vb_V37,numeric,0.0007814256553746934,2,0.0,0.0,,,unlabelled,tier_0,stable
3,vb_V37,numeric,0.004931534943765359,2,0.0,0.0,,,unlabelled,tier_0,stable
4,vb_V37,numeric,0.0074945684637111026,2,0.0,0.0,,,unlabelled,tier_0,stable
5,vb_V37,numeric,0.0040582096897687206,2,0.0,0.0,,,unlabelled,tier_0,stable
6,vb_V37,numeric,0.005939549347845517,2,0.0,0.0,,,unlabelled,tier_0,stable
0,vb_V38,numeric,0.0021920898621359264,2,0.0,0.0,,,unlabelled,tier_0,stable
1,vb_V38,numeric,0.002287866719943933,2,0.0,0.0,,,unlabelled,tier_0,stable
2,vb_V38,numeric,0.0021848727239840928,2,0.0,0.0,,,unlabelled,tier_0,stable
3,vb_V38,numeric,0.010931527883734377,2,0.0,0.0,,,unlabelled,tier_0,stable
4,vb_V38,numeric,0.01478993301690085,2,0.0,0.0,,,unlabelled,tier_0,stable
5,vb_V38,numeric,0.007437385369854448,2,0.0,0.0,,,unlabelled,tier_0,stable
6,vb_V38,numeric,0.006716544360402028,2,0.0,0.0,,,unlabelled,tier_0,stable
0,vb_V39,numeric,0.003089646720684443,3,0.0,0.0,,,unlabelled,tier_0,stable
1,vb_V39,numeric,0.005751652953647509,3,0.0,0.0,,,unlabelled,tier_0,stable
2,vb_V39,numeric,0.009211039872540917,3,0.0,0.0,,,unlabelled,tier_0,stable
3,vb_V39,numeric,0.06678871391130173,3,0.0,0.0,,,unlabelled,tier_0,stable
4,vb_V39,numeric,0.1008891423583565,3,0.0,0.0,,,unlabelled,tier_0,moderate
5,vb_V39,numeric,0.2593804078547594,3,0.0,0.0,,,unlabelled,tier_0,significant
6,vb_V39,numeric,0.8369945072490423,3,0.0,0.0,,,unlabelled,tier_0,significant
0,vb_V41,numeric,0.0,1,0.0,0.0,,,unlabelled,tier_0,stable
1,vb_V41,numeric,0.0,1,0.0,0.0,,,unlabelled,tier_0,stable
2,vb_V41,numeric,0.0,1,0.0,0.0,,,unlabelled,tier_0,stable
3,vb_V41,numeric,0.0,1,0.0,0.0,,,unlabelled,tier_0,stable
4,vb_V41,numeric,0.0,1,0.0,0.0,,,unlabelled,tier_0,stable
5,vb_V41,numeric,0.0,1,0.0,0.0,,,unlabelled,tier_0,stable
6,vb_V41,numeric,0.0,1,0.0,0.0,,,unlabelled,tier_0,stable
0,vb_V42,numeric,0.0029931755155192543,3,0.0,0.0,,,unlabelled,tier_0,stable
1,vb_V42,numeric,0.004812922245982453,3,0.0,0.0,,,unlabelled,tier_0,stable
2,vb_V42,numeric,0.009162917684474844,3,0.0,0.0,,,unlabelled,tier_0,stable
3,vb_V42,numeric,0.0661399145668502,3,0.0,0.0,,,unlabelled,tier_0,stable
4,vb_V42,numeric,0.09864522934753264,3,0.0,0.0,,,unlabelled,tier_0,stable
5,vb_V42,numeric,0.24673467798376045,3,0.0,0.0,,,unlabelled,tier_0,moderate
6,vb_V42,numeric,0.76301347902299,3,0.0,0.0,,,unlabelled,tier_0,significant
0,vb_V44,numeric,0.001490769978114695,2,0.0,0.0,,,unlabelled,tier_0,stable
1,vb_V44,numeric,0.0008637333431885871,2,0.0,0.0,,,unlabelled,tier_0,stable
2,vb_V44,numeric,0.0026917434808283332,2,0.0,0.0,,,unlabelled,tier_0,stable
3,vb_V44,numeric,0.0011244616270959188,2,0.0,0.0,,,unlabelled,tier_0,stable
4,vb_V44,numeric,0.002766304556714855,2,0.0,0.0,,,unlabelled,tier_0,stable
5,vb_V44,numeric,0.002109212322328657,2,0.0,0.0,,,unlabelled,tier_0,stable
6,vb_V44,numeric,0.0010434891896603047,2,0.0,0.0,,,unlabelled,tier_0,stable
0,vb_V46,numeric,0.00012400315599072747,2,0.0,0.0,,,unlabelled,tier_0,stable
1,vb_V46,numeric,6.907284726071289e-06,2,0.0,0.0,,,unlabelled,tier_0,stable
2,vb_V46,numeric,0.0002899170344304371,2,0.0,0.0,,,unlabelled,tier_0,stable
3,vb_V46,numeric,3.298808881010697e-05,2,0.0,0.0,,,unlabelled,tier_0,stable
4,vb_V46,numeric,0.00029945441055341987,2,0.0,0.0,,,unlabelled,tier_0,stable
5,vb_V46,numeric,0.00013282111603928217,2,0.0,0.0,,,unlabelled,tier_0,stable
6,vb_V46,numeric,0.00012349467275436343,2,0.0,0.0,,,unlabelled,tier_0,stable
0,vb_V47,numeric,5.365838193516264e-05,2,0.0,0.0,,,unlabelled,tier_0,stable
1,vb_V47,numeric,2.71318314353001e-06,2,0.0,0.0,,,unlabelled,tier_0,stable
2,vb_V47,numeric,0.0003311427661462823,2,0.0,0.0,,,unlabelled,tier_0,stable
3,vb_V47,numeric,0.00034924521287403034,2,0.0,0.0,,,unlabelled,tier_0,stable
4,vb_V47,numeric,0.0006750603432558378,2,0.0,0.0,,,unlabelled,tier_0,stable
5,vb_V47,numeric,0.00020681088356160082,2,0.0,0.0,,,unlabelled,tier_0,stable
6,vb_V47,numeric,0.000141972884009628,2,0.0,0.0,,,unlabelled,tier_0,stable
0,vb_V48,numeric,0.021486855743443656,3,0.0,0.0,,,unlabelled,tier_0,stable
1,vb_V48,numeric,0.023380655723202453,3,0.0,0.0,,,unlabelled,tier_0,stable
2,vb_V48,numeric,0.023881114087627282,3,0.0,0.0,,,unlabelled,tier_0,stable
3,vb_V48,numeric,0.006699456662333186,3,0.0,0.0,,,unlabelled,tier_0,stable
4,vb_V48,numeric,0.006338382976424208,3,0.0,0.0,,,unlabelled,tier_0,stable
5,vb_V48,numeric,0.00027428826642744193,3,0.0,0.0,,,unlabelled,tier_0,stable
6,vb_V48,numeric,0.03368388105537578,3,0.0,0.0,,,unlabelled,tier_0,stable
0,vb_V50,numeric,0.005395392669992116,3,0.0,0.0,,,unlabelled,tier_0,stable
1,vb_V50,numeric,0.006620412648834787,3,0.0,0.0,,,unlabelled,tier_0,stable
2,vb_V50,numeric,0.004410483860961989,3,0.0,0.0,,,unlabelled,tier_0,stable
3,vb_V50,numeric,0.07490053521148357,3,0.0,0.0,,,unlabelled,tier_0,stable
4,vb_V50,numeric,0.08110219053181295,3,0.0,0.0,,,unlabelled,tier_0,stable
5,vb_V50,numeric,0.12635116747043848,3,0.0,0.0,,,unlabelled,tier_0,moderate
6,vb_V50,numeric,0.8444695412233443,3,0.0,0.0,,,unlabelled,tier_0,significant
0,vb_V51,numeric,0.0004680926038968025,3,0.0,0.0,,,unlabelled,tier_0,stable
1,vb_V51,numeric,0.0016599020039527379,3,0.0,0.0,,,unlabelled,tier_0,stable
2,vb_V51,numeric,0.003700546041486701,3,0.0,0.0,,,unlabelled,tier_0,stable
3,vb_V51,numeric,0.02947018092350941,3,0.0,0.0,,,unlabelled,tier_0,stable
4,vb_V51,numeric,0.035895824091876076,3,0.0,0.0,,,unlabelled,tier_0,stable
5,vb_V51,numeric,0.013137588633991592,3,0.0,0.0,,,unlabelled,tier_0,stable
6,vb_V51,numeric,0.05615539128554311,3,0.0,0.0,,,unlabelled,tier_0,stable
0,vb_V53,numeric,0.06641412925476375,3,0.0,0.0,,,unlabelled,tier_0,stable
1,vb_V53,numeric,0.07050628311324023,3,0.0,0.0,,,unlabelled,tier_0,stable
2,vb_V53,numeric,0.02700618946664579,3,0.0,0.0,,,unlabelled,tier_0,stable
3,vb_V53,numeric,0.001041446090294768,3,0.0,0.0,,,unlabelled,tier_0,stable
4,vb_V53,numeric,0.0026222776874013846,3,0.0,0.0,,,unlabelled,tier_0,stable
5,vb_V53,numeric,0.018132417925250797,3,0.0,0.0,,,unlabelled,tier_0,stable
6,vb_V53,numeric,0.22356077378133826,3,0.0,0.0,,,unlabelled,tier_0,moderate
0,vb_V55,numeric,0.004983879813110609,2,0.0,0.0,,,unlabelled,tier_0,stable
1,vb_V55,numeric,0.002917679226718975,2,0.0,0.0,,,unlabelled,tier_0,stable
2,vb_V55,numeric,0.0038574351835735077,2,0.0,0.0,,,unlabelled,tier_0,stable
3,vb_V55,numeric,0.014291078475591351,2,0.0,0.0,,,unlabelled,tier_0,stable
4,vb_V55,numeric,0.014019594826060865,2,0.0,0.0,,,unlabelled,tier_0,stable
5,vb_V55,numeric,0.009858993675672703,2,0.0,0.0,,,unlabelled,tier_0,stable
6,vb_V55,numeric,0.009610995813239837,2,0.0,0.0,,,unlabelled,tier_0,stable
0,vb_V56,numeric,0.00950761818921069,2,0.0,0.0,,,unlabelled,tier_0,stable
1,vb_V56,numeric,0.00799299607360377,2,0.0,0.0,,,unlabelled,tier_0,stable
2,vb_V56,numeric,0.008211008229352,2,0.0,0.0,,,unlabelled,tier_0,stable
3,vb_V56,numeric,0.024616721687929707,2,0.0,0.0,,,unlabelled,tier_0,stable
4,vb_V56,numeric,0.023735213438069905,2,0.0,0.0,,,unlabelled,tier_0,stable
5,vb_V56,numeric,0.01346328467976412,2,0.0,0.0,,,unlabelled,tier_0,stable
6,vb_V56,numeric,0.008906070003632612,2,0.0,0.0,,,unlabelled,tier_0,stable
0,vb_V57,numeric,0.004260412270168633,3,0.0,0.0,,,unlabelled,tier_0,stable
1,vb_V57,numeric,0.005729775302907802,3,0.0,0.0,,,unlabelled,tier_0,stable
2,vb_V57,numeric,0.010876449351084023,3,0.0,0.0,,,unlabelled,tier_0,stable
3,vb_V57,numeric,0.02146210636794913,3,0.0,0.0,,,unlabelled,tier_0,stable
4,vb_V57,numeric,0.02831360322895639,3,0.0,0.0,,,unlabelled,tier_0,stable
5,vb_V57,numeric,0.009353611312520374,3,0.0,0.0,,,unlabelled,tier_0,stable
6,vb_V57,numeric,0.05134894212434914,3,0.0,0.0,,,unlabelled,tier_0,stable
0,vb_V59,numeric,0.0020366859745006276,3,0.0,0.0,,,unlabelled,tier_0,stable
1,vb_V59,numeric,0.0022051717543844778,3,0.0,0.0,,,unlabelled,tier_0,stable
2,vb_V59,numeric,0.01828867088769735,3,0.0,0.0,,,unlabelled,tier_0,stable
3,vb_V59,numeric,0.10274019841623414,3,0.0,0.0,,,unlabelled,tier_0,moderate
4,vb_V59,numeric,0.14518332278293034,3,0.0,0.0,,,unlabelled,tier_0,moderate
5,vb_V59,numeric,0.34321138761567793,3,0.0,0.0,,,unlabelled,tier_0,significant
6,vb_V59,numeric,0.9363149625363933,3,0.0,0.0,,,unlabelled,tier_0,significant
0,vb_V61,numeric,0.0010036791580405723,3,0.0,0.0,,,unlabelled,tier_0,stable
1,vb_V61,numeric,0.0014335431658742724,3,0.0,0.0,,,unlabelled,tier_0,stable
2,vb_V61,numeric,0.0023165376950600655,3,0.0,0.0,,,unlabelled,tier_0,stable
3,vb_V61,numeric,0.0010161750284596793,3,0.0,0.0,,,unlabelled,tier_0,stable
4,vb_V61,numeric,0.003928887035222031,3,0.0,0.0,,,unlabelled,tier_0,stable
5,vb_V61,numeric,0.004657767054029259,3,0.0,0.0,,,unlabelled,tier_0,stable
6,vb_V61,numeric,0.04305107766056466,3,0.0,0.0,,,unlabelled,tier_0,stable
0,vb_V62,numeric,0.0019061766622357223,3,0.0,0.0,,,unlabelled,tier_0,stable
1,vb_V62,numeric,0.0017167849696277445,3,0.0,0.0,,,unlabelled,tier_0,stable
2,vb_V62,numeric,0.004206479606045385,3,0.0,0.0,,,unlabelled,tier_0,stable
3,vb_V62,numeric,0.0021813461559949715,3,0.0,0.0,,,unlabelled,tier_0,stable
4,vb_V62,numeric,0.0037735857918248577,3,0.0,0.0,,,unlabelled,tier_0,stable
5,vb_V62,numeric,0.0027828376871096372,3,0.0,0.0,,,unlabelled,tier_0,stable
6,vb_V62,numeric,0.03687785941297665,3,0.0,0.0,,,unlabelled,tier_0,stable
0,vb_V64,numeric,0.003911567790229739,3,0.0,0.0,,,unlabelled,tier_0,stable
1,vb_V64,numeric,0.006549807919325199,3,0.0,0.0,,,unlabelled,tier_0,stable
2,vb_V64,numeric,0.018360820319672816,3,0.0,0.0,,,unlabelled,tier_0,stable
3,vb_V64,numeric,0.10383282582715891,3,0.0,0.0,,,unlabelled,tier_0,moderate
4,vb_V64,numeric,0.14345272424481376,3,0.0,0.0,,,unlabelled,tier_0,moderate
5,vb_V64,numeric,0.32865381895330364,3,0.0,0.0,,,unlabelled,tier_0,significant
6,vb_V64,numeric,0.8656342600162262,3,0.0,0.0,,,unlabelled,tier_0,significant
0,vb_V65,numeric,0.0,1,0.0,0.0,,,unlabelled,tier_0,stable
1,vb_V65,numeric,0.0,1,0.0,0.0,,,unlabelled,tier_0,stable
2,vb_V65,numeric,0.0,1,0.0,0.0,,,unlabelled,tier_0,stable
3,vb_V65,numeric,0.0,1,0.0,0.0,,,unlabelled,tier_0,stable
4,vb_V65,numeric,0.0,1,0.0,0.0,,,unlabelled,tier_0,stable
5,vb_V65,numeric,0.0,1,0.0,0.0,,,unlabelled,tier_0,stable
6,vb_V65,numeric,0.0,1,0.0,0.0,,,unlabelled,tier_0,stable
0,vb_V66,numeric,0.0024931010603931386,2,0.0,0.0,,,unlabelled,tier_0,stable
1,vb_V66,numeric,0.001503641260651661,2,0.0,0.0,,,unlabelled,tier_0,stable
2,vb_V66,numeric,0.004305411404721047,2,0.0,0.0,,,unlabelled,tier_0,stable
3,vb_V66,numeric,0.0053940136764528725,2,0.0,0.0,,,unlabelled,tier_0,stable
4,vb_V66,numeric,0.007490271777171384,2,0.0,0.0,,,unlabelled,tier_0,stable
5,vb_V66,numeric,0.005512850206127844,2,0.0,0.0,,,unlabelled,tier_0,stable
6,vb_V66,numeric,0.0032225763501698068,2,0.0,0.0,,,unlabelled,tier_0,stable
0,vb_V67,numeric,0.003416973080918179,2,0.0,0.0,,,unlabelled,tier_0,stable
1,vb_V67,numeric,0.0021413817034136922,2,0.0,0.0,,,unlabelled,tier_0,stable
2,vb_V67,numeric,0.003094712153633467,2,0.0,0.0,,,unlabelled,tier_0,stable
3,vb_V67,numeric,0.008601030042653215,2,0.0,0.0,,,unlabelled,tier_0,stable
4,vb_V67,numeric,0.009532781373217003,2,0.0,0.0,,,unlabelled,tier_0,stable
5,vb_V67,numeric,0.005148888699545289,2,0.0,0.0,,,unlabelled,tier_0,stable
6,vb_V67,numeric,0.0020286896914740206,2,0.0,0.0,,,unlabelled,tier_0,stable
0,vb_V68,numeric,0.00025440502453955916,2,0.0,0.0,,,unlabelled,tier_0,stable
1,vb_V68,numeric,0.0003311869767651667,2,0.0,0.0,,,unlabelled,tier_0,stable
2,vb_V68,numeric,0.012816851565793179,2,0.0,0.0,,,unlabelled,tier_0,stable
3,vb_V68,numeric,0.02734272768620457,2,0.0,0.0,,,unlabelled,tier_0,stable
4,vb_V68,numeric,0.06445517820072141,2,0.0,0.0,,,unlabelled,tier_0,stable
5,vb_V68,numeric,0.47672297266061225,2,0.0,0.0,,,unlabelled,tier_0,significant
6,vb_V68,numeric,0.05323038260850529,2,0.0,0.0,,,unlabelled,tier_0,stable
0,vb_V69,numeric,0.011598762585478534,3,0.0,0.0,,,unlabelled,tier_0,stable
1,vb_V69,numeric,0.01314207088323036,3,0.0,0.0,,,unlabelled,tier_0,stable
2,vb_V69,numeric,0.016584575851530066,3,0.0,0.0,,,unlabelled,tier_0,stable
3,vb_V69,numeric,0.0028698917461852293,3,0.0,0.0,,,unlabelled,tier_0,stable
4,vb_V69,numeric,0.0020203279492892177,3,0.0,0.0,,,unlabelled,tier_0,stable
5,vb_V69,numeric,0.0017187735431212802,3,0.0,0.0,,,unlabelled,tier_0,stable
6,vb_V69,numeric,0.06362613318561526,3,0.0,0.0,,,unlabelled,tier_0,stable
0,vb_V75,numeric,0.13728818356483027,3,0.0,0.0,,,unlabelled,tier_0,moderate
1,vb_V75,numeric,0.14253172403595893,3,0.0,0.0,,,unlabelled,tier_0,moderate
2,vb_V75,numeric,0.16141580272315847,3,0.0,0.0,,,unlabelled,tier_0,moderate
3,vb_V75,numeric,0.08752943359543784,3,0.0,0.0,,,unlabelled,tier_0,stable
4,vb_V75,numeric,0.09733327133294196,3,0.0,0.0,,,unlabelled,tier_0,stable
5,vb_V75,numeric,0.02980730878417454,3,0.0,0.0,,,unlabelled,tier_0,stable
6,vb_V75,numeric,0.019533363297732226,3,0.0,0.0,,,unlabelled,tier_0,stable
0,vb_V77,numeric,0.004246393100392718,2,0.0,0.0,,,unlabelled,tier_0,stable
1,vb_V77,numeric,0.001896549806754639,2,0.0,0.0,,,unlabelled,tier_0,stable
2,vb_V77,numeric,0.002699985920931229,2,0.0,0.0,,,unlabelled,tier_0,stable
3,vb_V77,numeric,0.012493635854233827,2,0.0,0.0,,,unlabelled,tier_0,stable
4,vb_V77,numeric,0.014694128732275382,2,0.0,0.0,,,unlabelled,tier_0,stable
5,vb_V77,numeric,0.00854869132692973,2,0.0,0.0,,,unlabelled,tier_0,stable
6,vb_V77,numeric,0.00932168502912609,2,0.0,0.0,,,unlabelled,tier_0,stable
0,vb_V78,numeric,0.006582886157685526,2,0.0,0.0,,,unlabelled,tier_0,stable
1,vb_V78,numeric,0.007421764415172925,2,0.0,0.0,,,unlabelled,tier_0,stable
2,vb_V78,numeric,0.006985727538159943,2,0.0,0.0,,,unlabelled,tier_0,stable
3,vb_V78,numeric,0.020683376321641724,2,0.0,0.0,,,unlabelled,tier_0,stable
4,vb_V78,numeric,0.022848406990084398,2,0.0,0.0,,,unlabelled,tier_0,stable
5,vb_V78,numeric,0.011241508635455125,2,0.0,0.0,,,unlabelled,tier_0,stable
6,vb_V78,numeric,0.007374454606798489,2,0.0,0.0,,,unlabelled,tier_0,stable
0,vb_V79,numeric,0.00672430610310565,3,0.0,0.0,,,unlabelled,tier_0,stable
1,vb_V79,numeric,0.007702122449299339,3,0.0,0.0,,,unlabelled,tier_0,stable
2,vb_V79,numeric,0.011365835193514143,3,0.0,0.0,,,unlabelled,tier_0,stable
3,vb_V79,numeric,0.02174890073015409,3,0.0,0.0,,,unlabelled,tier_0,stable
4,vb_V79,numeric,0.028006615608752505,3,0.0,0.0,,,unlabelled,tier_0,stable
5,vb_V79,numeric,0.009383911015126669,3,0.0,0.0,,,unlabelled,tier_0,stable
6,vb_V79,numeric,0.05001117946307185,3,0.0,0.0,,,unlabelled,tier_0,stable
0,vb_V80,numeric,0.0025196317365703685,3,0.0,0.0,,,unlabelled,tier_0,stable
1,vb_V80,numeric,0.0034581866473287707,3,0.0,0.0,,,unlabelled,tier_0,stable
2,vb_V80,numeric,0.01239349936138371,3,0.0,0.0,,,unlabelled,tier_0,stable
3,vb_V80,numeric,0.08698424049388621,3,0.0,0.0,,,unlabelled,tier_0,stable
4,vb_V80,numeric,0.12356155704681525,3,0.0,0.0,,,unlabelled,tier_0,moderate
5,vb_V80,numeric,0.309721753375223,3,0.0,0.0,,,unlabelled,tier_0,significant
6,vb_V80,numeric,0.8777694110587099,3,0.0,0.0,,,unlabelled,tier_0,significant
0,vb_V82,numeric,0.002983479797718188,3,0.0,0.0,,,unlabelled,tier_0,stable
1,vb_V82,numeric,0.0031095947938557813,3,0.0,0.0,,,unlabelled,tier_0,stable
2,vb_V82,numeric,0.0027188583023828824,3,0.0,0.0,,,unlabelled,tier_0,stable
3,vb_V82,numeric,0.0019029663085410185,3,0.0,0.0,,,unlabelled,tier_0,stable
4,vb_V82,numeric,0.0013100998816774534,3,0.0,0.0,,,unlabelled,tier_0,stable
5,vb_V82,numeric,0.0001367807584832283,3,0.0,0.0,,,unlabelled,tier_0,stable
6,vb_V82,numeric,0.021962359011363636,3,0.0,0.0,,,unlabelled,tier_0,stable
0,vb_V83,numeric,0.0037817582374445728,3,0.0,0.0,,,unlabelled,tier_0,stable
1,vb_V83,numeric,0.00448579085853458,3,0.0,0.0,,,unlabelled,tier_0,stable
2,vb_V83,numeric,0.004838892537777153,3,0.0,0.0,,,unlabelled,tier_0,stable
3,vb_V83,numeric,0.004060159611044672,3,0.0,0.0,,,unlabelled,tier_0,stable
4,vb_V83,numeric,0.0030777042445266018,3,0.0,0.0,,,unlabelled,tier_0,stable
5,vb_V83,numeric,0.0003355347512366641,3,0.0,0.0,,,unlabelled,tier_0,stable
6,vb_V83,numeric,0.02015043540347526,3,0.0,0.0,,,unlabelled,tier_0,stable
0,vb_V84,numeric,0.0019735380694763057,3,0.0,0.0,,,unlabelled,tier_0,stable
1,vb_V84,numeric,0.0027326060306600286,3,0.0,0.0,,,unlabelled,tier_0,stable
2,vb_V84,numeric,0.0120815967592892,3,0.0,0.0,,,unlabelled,tier_0,stable
3,vb_V84,numeric,0.0862258353309506,3,0.0,0.0,,,unlabelled,tier_0,stable
4,vb_V84,numeric,0.1210844965136394,3,0.0,0.0,,,unlabelled,tier_0,moderate
5,vb_V84,numeric,0.2959809828821207,3,0.0,0.0,,,unlabelled,tier_0,significant
6,vb_V84,numeric,0.8018941244798354,3,0.0,0.0,,,unlabelled,tier_0,significant
0,vb_V86,numeric,0.00445695313465282,2,0.0,0.0,,,unlabelled,tier_0,stable
1,vb_V86,numeric,0.0024273931126772585,2,0.0,0.0,,,unlabelled,tier_0,stable
2,vb_V86,numeric,0.004722121899035531,2,0.0,0.0,,,unlabelled,tier_0,stable
3,vb_V86,numeric,0.005268923036841647,2,0.0,0.0,,,unlabelled,tier_0,stable
4,vb_V86,numeric,0.0063090297196371345,2,0.0,0.0,,,unlabelled,tier_0,stable
5,vb_V86,numeric,0.00391352389422688,2,0.0,0.0,,,unlabelled,tier_0,stable
6,vb_V86,numeric,0.0025148990395632244,2,0.0,0.0,,,unlabelled,tier_0,stable
0,vb_V87,numeric,0.004928684564638857,2,0.0,0.0,,,unlabelled,tier_0,stable
1,vb_V87,numeric,0.003469027619668115,2,0.0,0.0,,,unlabelled,tier_0,stable
2,vb_V87,numeric,0.005990337687869091,2,0.0,0.0,,,unlabelled,tier_0,stable
3,vb_V87,numeric,0.006761080685528558,2,0.0,0.0,,,unlabelled,tier_0,stable
4,vb_V87,numeric,0.008262215597285974,2,0.0,0.0,,,unlabelled,tier_0,stable
5,vb_V87,numeric,0.003862320273609398,2,0.0,0.0,,,unlabelled,tier_0,stable
6,vb_V87,numeric,0.0006199583615068098,2,0.0,0.0,,,unlabelled,tier_0,stable
0,vb_V88,numeric,0.0,1,0.0,0.0,,,unlabelled,tier_0,stable
1,vb_V88,numeric,0.0,1,0.0,0.0,,,unlabelled,tier_0,stable
2,vb_V88,numeric,0.0,1,0.0,0.0,,,unlabelled,tier_0,stable
3,vb_V88,numeric,0.0,1,0.0,0.0,,,unlabelled,tier_0,stable
4,vb_V88,numeric,0.0,1,0.0,0.0,,,unlabelled,tier_0,stable
5,vb_V88,numeric,0.0,1,0.0,0.0,,,unlabelled,tier_0,stable
6,vb_V88,numeric,0.0,1,0.0,0.0,,,unlabelled,tier_0,stable
0,vb_V89,numeric,0.0001356598541630782,2,0.0,0.0,,,unlabelled,tier_0,stable
1,vb_V89,numeric,0.0002945868280806845,2,0.0,0.0,,,unlabelled,tier_0,stable
2,vb_V89,numeric,0.010245171086687224,2,0.0,0.0,,,unlabelled,tier_0,stable
3,vb_V89,numeric,0.022245199239825056,2,0.0,0.0,,,unlabelled,tier_0,stable
4,vb_V89,numeric,0.05316070164814905,2,0.0,0.0,,,unlabelled,tier_0,stable
5,vb_V89,numeric,0.4203175952832767,2,0.0,0.0,,,unlabelled,tier_0,significant
6,vb_V89,numeric,0.04490276344128873,2,0.0,0.0,,,unlabelled,tier_0,stable
0,vb_V90,numeric,0.014487594885235182,3,0.0,0.0,,,unlabelled,tier_0,stable
1,vb_V90,numeric,0.016358395960187733,3,0.0,0.0,,,unlabelled,tier_0,stable
2,vb_V90,numeric,0.017761359670575586,3,0.0,0.0,,,unlabelled,tier_0,stable
3,vb_V90,numeric,0.0031592780160211325,3,0.0,0.0,,,unlabelled,tier_0,stable
4,vb_V90,numeric,0.0024046470066994186,3,0.0,0.0,,,unlabelled,tier_0,stable
5,vb_V90,numeric,0.0017032258032770595,3,0.0,0.0,,,unlabelled,tier_0,stable
6,vb_V90,numeric,0.06291305105001266,3,0.0,0.0,,,unlabelled,tier_0,stable
0,vb_V95,numeric,0.0021683700659544283,3,0.0,0.0,,,unlabelled,tier_0,stable
1,vb_V95,numeric,0.0008702063481721085,3,0.0,0.0,,,unlabelled,tier_0,stable
2,vb_V95,numeric,0.0013906582123248124,3,0.0,0.0,,,unlabelled,tier_0,stable
3,vb_V95,numeric,0.0003546101911188562,3,0.0,0.0,,,unlabelled,tier_0,stable
4,vb_V95,numeric,0.00020707715780819003,3,0.0,0.0,,,unlabelled,tier_0,stable
5,vb_V95,numeric,4.091865336284301e-05,3,0.0,0.0,,,unlabelled,tier_0,stable
6,vb_V95,numeric,0.0025042017923768323,3,0.0,0.0,,,unlabelled,tier_0,stable
0,vb_V96,numeric,0.026863612506000292,5,0.0,0.0,,,unlabelled,tier_0,stable
1,vb_V96,numeric,0.022262717424222055,5,0.0,0.0,,,unlabelled,tier_0,stable
2,vb_V96,numeric,0.02658818827267912,5,0.0,0.0,,,unlabelled,tier_0,stable
3,vb_V96,numeric,0.012878505857826671,5,0.0,0.0,,,unlabelled,tier_0,stable
4,vb_V96,numeric,0.006118292806256774,5,0.0,0.0,,,unlabelled,tier_0,stable
5,vb_V96,numeric,0.0015935620852377047,5,0.0,0.0,,,unlabelled,tier_0,stable
6,vb_V96,numeric,0.027958330473381657,5,0.0,0.0,,,unlabelled,tier_0,stable
0,vb_V97,numeric,0.009121288188579435,3,0.0,0.0,,,unlabelled,tier_0,stable
1,vb_V97,numeric,0.006267230856816915,3,0.0,0.0,,,unlabelled,tier_0,stable
2,vb_V97,numeric,0.0077109944622834724,3,0.0,0.0,,,unlabelled,tier_0,stable
3,vb_V97,numeric,0.0033242561792857723,3,0.0,0.0,,,unlabelled,tier_0,stable
4,vb_V97,numeric,0.001296939159689891,3,0.0,0.0,,,unlabelled,tier_0,stable
5,vb_V97,numeric,0.00027128189955573226,3,0.0,0.0,,,unlabelled,tier_0,stable
6,vb_V97,numeric,0.009692147646711509,3,0.0,0.0,,,unlabelled,tier_0,stable
0,vb_V98,numeric,3.428325184817709e-06,2,0.0,0.0,,,unlabelled,tier_0,stable
1,vb_V98,numeric,0.0001327626373624056,2,0.0,0.0,,,unlabelled,tier_0,stable
2,vb_V98,numeric,0.00020431075438214806,2,0.0,0.0,,,unlabelled,tier_0,stable
3,vb_V98,numeric,5.035668493408131e-05,2,0.0,0.0,,,unlabelled,tier_0,stable
4,vb_V98,numeric,5.953111152917439e-06,2,0.0,0.0,,,unlabelled,tier_0,stable
5,vb_V98,numeric,0.0002611687869525326,2,0.0,0.0,,,unlabelled,tier_0,stable
6,vb_V98,numeric,0.003938812172602509,2,0.0,0.0,,,unlabelled,tier_0,stable
0,vb_V99,numeric,0.020836692217450988,4,0.0,0.0,,,unlabelled,tier_0,stable
1,vb_V99,numeric,0.021787432686193958,4,0.0,0.0,,,unlabelled,tier_0,stable
2,vb_V99,numeric,0.02527451744201919,4,0.0,0.0,,,unlabelled,tier_0,stable
3,vb_V99,numeric,0.013025048601744386,4,0.0,0.0,,,unlabelled,tier_0,stable
4,vb_V99,numeric,0.007887545834760293,4,0.0,0.0,,,unlabelled,tier_0,stable
5,vb_V99,numeric,0.0029712269171446263,4,0.0,0.0,,,unlabelled,tier_0,stable
6,vb_V99,numeric,0.03657635856914437,4,0.0,0.0,,,unlabelled,tier_0,stable
0,vb_V100,numeric,0.0051944516527737475,3,0.0,0.0,,,unlabelled,tier_0,stable
1,vb_V100,numeric,0.006975314051952088,3,0.0,0.0,,,unlabelled,tier_0,stable
2,vb_V100,numeric,0.007263338657378625,3,0.0,0.0,,,unlabelled,tier_0,stable
3,vb_V100,numeric,0.004432577066541651,3,0.0,0.0,,,unlabelled,tier_0,stable
4,vb_V100,numeric,0.0030405371108665875,3,0.0,0.0,,,unlabelled,tier_0,stable
5,vb_V100,numeric,0.0014511446148322157,3,0.0,0.0,,,unlabelled,tier_0,stable
6,vb_V100,numeric,0.015716678375663224,3,0.0,0.0,,,unlabelled,tier_0,stable
0,vb_V101,numeric,9.662632048422018e-07,2,0.0,0.0,,,unlabelled,tier_0,stable
1,vb_V101,numeric,0.001788295404774122,2,0.0,0.0,,,unlabelled,tier_0,stable
2,vb_V101,numeric,0.0014267626894139576,2,0.0,0.0,,,unlabelled,tier_0,stable
3,vb_V101,numeric,0.0010059865443190611,2,0.0,0.0,,,unlabelled,tier_0,stable
4,vb_V101,numeric,0.002738776878613522,2,0.0,0.0,,,unlabelled,tier_0,stable
5,vb_V101,numeric,0.0024855549638111703,2,0.0,0.0,,,unlabelled,tier_0,stable
6,vb_V101,numeric,0.011416227517855307,2,0.0,0.0,,,unlabelled,tier_0,stable
0,vb_V102,numeric,9.079413776856378e-05,2,0.0,0.0,,,unlabelled,tier_0,stable
1,vb_V102,numeric,0.0016283329084613846,2,0.0,0.0,,,unlabelled,tier_0,stable
2,vb_V102,numeric,0.004640140629426873,2,0.0,0.0,,,unlabelled,tier_0,stable
3,vb_V102,numeric,0.0030302395935842765,2,0.0,0.0,,,unlabelled,tier_0,stable
4,vb_V102,numeric,0.007661145149501973,2,0.0,0.0,,,unlabelled,tier_0,stable
5,vb_V102,numeric,0.006585280793093837,2,0.0,0.0,,,unlabelled,tier_0,stable
6,vb_V102,numeric,0.024870214294808766,2,0.0,0.0,,,unlabelled,tier_0,stable
0,vb_V103,numeric,1.0757128456089615e-06,2,0.0,0.0,,,unlabelled,tier_0,stable
1,vb_V103,numeric,0.002466672244927152,2,0.0,0.0,,,unlabelled,tier_0,stable
2,vb_V103,numeric,0.0028620054554923053,2,0.0,0.0,,,unlabelled,tier_0,stable
3,vb_V103,numeric,0.0020220545045321224,2,0.0,0.0,,,unlabelled,tier_0,stable
4,vb_V103,numeric,0.004562536337086712,2,0.0,0.0,,,unlabelled,tier_0,stable
5,vb_V103,numeric,0.003708778995783564,2,0.0,0.0,,,unlabelled,tier_0,stable
6,vb_V103,numeric,0.017115962824243092,2,0.0,0.0,,,unlabelled,tier_0,stable
0,vb_V104,numeric,0.004509313355487135,2,0.0,0.0,,,unlabelled,tier_0,stable
1,vb_V104,numeric,0.005209787533861701,2,0.0,0.0,,,unlabelled,tier_0,stable
2,vb_V104,numeric,0.004181285072636106,2,0.0,0.0,,,unlabelled,tier_0,stable
3,vb_V104,numeric,0.003013225215463923,2,0.0,0.0,,,unlabelled,tier_0,stable
4,vb_V104,numeric,0.0027486205373444495,2,0.0,0.0,,,unlabelled,tier_0,stable
5,vb_V104,numeric,0.003605307767395637,2,0.0,0.0,,,unlabelled,tier_0,stable
6,vb_V104,numeric,0.003746896761773429,2,0.0,0.0,,,unlabelled,tier_0,stable
0,vb_V105,numeric,0.014650547620855662,2,0.0,0.0,,,unlabelled,tier_0,stable
1,vb_V105,numeric,0.013126289410002058,2,0.0,0.0,,,unlabelled,tier_0,stable
2,vb_V105,numeric,0.012061480019847977,2,0.0,0.0,,,unlabelled,tier_0,stable
3,vb_V105,numeric,0.00883849848016102,2,0.0,0.0,,,unlabelled,tier_0,stable
4,vb_V105,numeric,0.007618394308979811,2,0.0,0.0,,,unlabelled,tier_0,stable
5,vb_V105,numeric,0.00761247842573156,2,0.0,0.0,,,unlabelled,tier_0,stable
6,vb_V105,numeric,0.0025514603973921146,2,0.0,0.0,,,unlabelled,tier_0,stable
0,vb_V106,numeric,0.006471796855035532,2,0.0,0.0,,,unlabelled,tier_0,stable
1,vb_V106,numeric,0.007305052996471288,2,0.0,0.0,,,unlabelled,tier_0,stable
2,vb_V106,numeric,0.005678373680653331,2,0.0,0.0,,,unlabelled,tier_0,stable
3,vb_V106,numeric,0.003908569933318534,2,0.0,0.0,,,unlabelled,tier_0,stable
4,vb_V106,numeric,0.0035594616474411847,2,0.0,0.0,,,unlabelled,tier_0,stable
5,vb_V106,numeric,0.004702003112945082,2,0.0,0.0,,,unlabelled,tier_0,stable
6,vb_V106,numeric,0.002690416101262232,2,0.0,0.0,,,unlabelled,tier_0,stable
0,vb_V107,numeric,0.0,1,0.0,0.0,,,unlabelled,tier_0,stable
1,vb_V107,numeric,0.0,1,0.0,0.0,,,unlabelled,tier_0,stable
2,vb_V107,numeric,0.0,1,0.0,0.0,,,unlabelled,tier_0,stable
3,vb_V107,numeric,0.0,1,0.0,0.0,,,unlabelled,tier_0,stable
4,vb_V107,numeric,0.0,1,0.0,0.0,,,unlabelled,tier_0,stable
5,vb_V107,numeric,0.0,1,0.0,0.0,,,unlabelled,tier_0,stable
6,vb_V107,numeric,0.0,1,0.0,0.0,,,unlabelled,tier_0,stable
0,vb_V108,numeric,0.0032974811871616045,2,0.0,0.0,,,unlabelled,tier_0,stable
1,vb_V108,numeric,0.001160882607293721,2,0.0,0.0,,,unlabelled,tier_0,stable
2,vb_V108,numeric,0.0014074317065631498,2,0.0,0.0,,,unlabelled,tier_0,stable
3,vb_V108,numeric,0.0007349571636295716,2,0.0,0.0,,,unlabelled,tier_0,stable
4,vb_V108,numeric,0.0009677006691464961,2,0.0,0.0,,,unlabelled,tier_0,stable
5,vb_V108,numeric,0.000835882408356881,2,0.0,0.0,,,unlabelled,tier_0,stable
6,vb_V108,numeric,0.0002776529815987856,2,0.0,0.0,,,unlabelled,tier_0,stable
0,vb_V109,numeric,0.009831095837479124,2,0.0,0.0,,,unlabelled,tier_0,stable
1,vb_V109,numeric,0.006782822958648618,2,0.0,0.0,,,unlabelled,tier_0,stable
2,vb_V109,numeric,0.004732652886704667,2,0.0,0.0,,,unlabelled,tier_0,stable
3,vb_V109,numeric,0.004527378310370337,2,0.0,0.0,,,unlabelled,tier_0,stable
4,vb_V109,numeric,0.005078429110677164,2,0.0,0.0,,,unlabelled,tier_0,stable
5,vb_V109,numeric,0.003881916594094211,2,0.0,0.0,,,unlabelled,tier_0,stable
6,vb_V109,numeric,0.0008469729018258579,2,0.0,0.0,,,unlabelled,tier_0,stable
0,vb_V110,numeric,0.0052560860819552925,2,0.0,0.0,,,unlabelled,tier_0,stable
1,vb_V110,numeric,0.0020007916857710493,2,0.0,0.0,,,unlabelled,tier_0,stable
2,vb_V110,numeric,0.001645570126334228,2,0.0,0.0,,,unlabelled,tier_0,stable
3,vb_V110,numeric,0.0014436864949455193,2,0.0,0.0,,,unlabelled,tier_0,stable
4,vb_V110,numeric,0.0015379223114160962,2,0.0,0.0,,,unlabelled,tier_0,stable
5,vb_V110,numeric,0.001576423573356278,2,0.0,0.0,,,unlabelled,tier_0,stable
6,vb_V110,numeric,0.0002973802330028986,2,0.0,0.0,,,unlabelled,tier_0,stable
0,vb_V111,numeric,0.0014308551557290423,2,0.0,0.0,,,unlabelled,tier_0,stable
1,vb_V111,numeric,0.0005077038098997059,2,0.0,0.0,,,unlabelled,tier_0,stable
2,vb_V111,numeric,0.000622821328765892,2,0.0,0.0,,,unlabelled,tier_0,stable
3,vb_V111,numeric,0.0006676585657564556,2,0.0,0.0,,,unlabelled,tier_0,stable
4,vb_V111,numeric,0.00015523041088624708,2,0.0,0.0,,,unlabelled,tier_0,stable
5,vb_V111,numeric,0.000544051282303228,2,0.0,0.0,,,unlabelled,tier_0,stable
6,vb_V111,numeric,0.0003409137295194118,2,0.0,0.0,,,unlabelled,tier_0,stable
0,vb_V112,numeric,0.0031469259766026855,2,0.0,0.0,,,unlabelled,tier_0,stable
1,vb_V112,numeric,0.0019715482300455955,2,0.0,0.0,,,unlabelled,tier_0,stable
2,vb_V112,numeric,0.0013058739482502265,2,0.0,0.0,,,unlabelled,tier_0,stable
3,vb_V112,numeric,0.0018834875208730752,2,0.0,0.0,,,unlabelled,tier_0,stable
4,vb_V112,numeric,0.0016992314580251786,2,0.0,0.0,,,unlabelled,tier_0,stable
5,vb_V112,numeric,0.0015040711461020535,2,0.0,0.0,,,unlabelled,tier_0,stable
6,vb_V112,numeric,0.0004793921157482739,2,0.0,0.0,,,unlabelled,tier_0,stable
0,vb_V114,numeric,0.005292025336917518,2,0.0,0.0,,,unlabelled,tier_0,stable
1,vb_V114,numeric,0.002074498724230233,2,0.0,0.0,,,unlabelled,tier_0,stable
2,vb_V114,numeric,0.002166901490721357,2,0.0,0.0,,,unlabelled,tier_0,stable
3,vb_V114,numeric,0.003129484661761762,2,0.0,0.0,,,unlabelled,tier_0,stable
4,vb_V114,numeric,0.0019417625792089743,2,0.0,0.0,,,unlabelled,tier_0,stable
5,vb_V114,numeric,0.0017371245507742856,2,0.0,0.0,,,unlabelled,tier_0,stable
6,vb_V114,numeric,0.0005917809635181193,2,0.0,0.0,,,unlabelled,tier_0,stable
0,vb_V115,numeric,0.01511121103151301,2,0.0,0.0,,,unlabelled,tier_0,stable
1,vb_V115,numeric,0.012553127240166799,2,0.0,0.0,,,unlabelled,tier_0,stable
2,vb_V115,numeric,0.010022046142012929,2,0.0,0.0,,,unlabelled,tier_0,stable
3,vb_V115,numeric,0.011446843407325177,2,0.0,0.0,,,unlabelled,tier_0,stable
4,vb_V115,numeric,0.009749828464487997,2,0.0,0.0,,,unlabelled,tier_0,stable
5,vb_V115,numeric,0.006007613341435366,2,0.0,0.0,,,unlabelled,tier_0,stable
6,vb_V115,numeric,0.0005514420653508961,2,0.0,0.0,,,unlabelled,tier_0,stable
0,vb_V116,numeric,0.0076977268526428905,2,0.0,0.0,,,unlabelled,tier_0,stable
1,vb_V116,numeric,0.00393775022563861,2,0.0,0.0,,,unlabelled,tier_0,stable
2,vb_V116,numeric,0.0036268923644639903,2,0.0,0.0,,,unlabelled,tier_0,stable
3,vb_V116,numeric,0.005195920393007024,2,0.0,0.0,,,unlabelled,tier_0,stable
4,vb_V116,numeric,0.003448384427271649,2,0.0,0.0,,,unlabelled,tier_0,stable
5,vb_V116,numeric,0.0030964172427056266,2,0.0,0.0,,,unlabelled,tier_0,stable
6,vb_V116,numeric,0.00042759142469449144,2,0.0,0.0,,,unlabelled,tier_0,stable
0,vb_V117,numeric,0.00013038975480697906,2,0.0,0.0,,,unlabelled,tier_0,stable
1,vb_V117,numeric,3.1034990760366274e-05,2,0.0,0.0,,,unlabelled,tier_0,stable
2,vb_V117,numeric,0.00015488633696575976,2,0.0,0.0,,,unlabelled,tier_0,stable
3,vb_V117,numeric,0.00011617751092556986,2,0.0,0.0,,,unlabelled,tier_0,stable
4,vb_V117,numeric,1.102795808158409e-06,2,0.0,0.0,,,unlabelled,tier_0,stable
5,vb_V117,numeric,0.00039180401310610956,2,0.0,0.0,,,unlabelled,tier_0,stable
6,vb_V117,numeric,0.00017922716550693952,2,0.0,0.0,,,unlabelled,tier_0,stable
0,vb_V118,numeric,0.0007094023127468121,2,0.0,0.0,,,unlabelled,tier_0,stable
1,vb_V118,numeric,0.0003524854369741766,2,0.0,0.0,,,unlabelled,tier_0,stable
2,vb_V118,numeric,0.0015071011772374203,2,0.0,0.0,,,unlabelled,tier_0,stable
3,vb_V118,numeric,0.0004481376133599798,2,0.0,0.0,,,unlabelled,tier_0,stable
4,vb_V118,numeric,0.0004740206358971544,2,0.0,0.0,,,unlabelled,tier_0,stable
5,vb_V118,numeric,0.0012268362971855835,2,0.0,0.0,,,unlabelled,tier_0,stable
6,vb_V118,numeric,0.0004528269813498763,2,0.0,0.0,,,unlabelled,tier_0,stable
0,vb_V119,numeric,0.00027344467308057356,2,0.0,0.0,,,unlabelled,tier_0,stable
1,vb_V119,numeric,3.6565899501433167e-06,2,0.0,0.0,,,unlabelled,tier_0,stable
2,vb_V119,numeric,0.0006063968328303181,2,0.0,0.0,,,unlabelled,tier_0,stable
3,vb_V119,numeric,0.0001755286722011652,2,0.0,0.0,,,unlabelled,tier_0,stable
4,vb_V119,numeric,0.00020831517104963468,2,0.0,0.0,,,unlabelled,tier_0,stable
5,vb_V119,numeric,0.0007889949448043467,2,0.0,0.0,,,unlabelled,tier_0,stable
6,vb_V119,numeric,0.0003249181806988028,2,0.0,0.0,,,unlabelled,tier_0,stable
0,vb_V120,numeric,0.0006083698113457296,2,0.0,0.0,,,unlabelled,tier_0,stable
1,vb_V120,numeric,0.0001485515469710544,2,0.0,0.0,,,unlabelled,tier_0,stable
2,vb_V120,numeric,0.00032610387872386944,2,0.0,0.0,,,unlabelled,tier_0,stable
3,vb_V120,numeric,0.00016190904130352474,2,0.0,0.0,,,unlabelled,tier_0,stable
4,vb_V120,numeric,0.00012436251199015485,2,0.0,0.0,,,unlabelled,tier_0,stable
5,vb_V120,numeric,0.0005845378410305723,2,0.0,0.0,,,unlabelled,tier_0,stable
6,vb_V120,numeric,0.000396631050063185,2,0.0,0.0,,,unlabelled,tier_0,stable
0,vb_V121,numeric,0.003957301420846922,2,0.0,0.0,,,unlabelled,tier_0,stable
1,vb_V121,numeric,0.0018209497490078563,2,0.0,0.0,,,unlabelled,tier_0,stable
2,vb_V121,numeric,0.002128861703659894,2,0.0,0.0,,,unlabelled,tier_0,stable
3,vb_V121,numeric,0.0017157545688449448,2,0.0,0.0,,,unlabelled,tier_0,stable
4,vb_V121,numeric,0.0028032921186680413,2,0.0,0.0,,,unlabelled,tier_0,stable
5,vb_V121,numeric,0.0020134973545484322,2,0.0,0.0,,,unlabelled,tier_0,stable
6,vb_V121,numeric,0.0005712305037187186,2,0.0,0.0,,,unlabelled,tier_0,stable
0,vb_V122,numeric,0.0014603931805151327,2,0.0,0.0,,,unlabelled,tier_0,stable
1,vb_V122,numeric,0.0003417544152804979,2,0.0,0.0,,,unlabelled,tier_0,stable
2,vb_V122,numeric,0.0005818156935693273,2,0.0,0.0,,,unlabelled,tier_0,stable
3,vb_V122,numeric,0.0004001822350801672,2,0.0,0.0,,,unlabelled,tier_0,stable
4,vb_V122,numeric,0.0007250635994247195,2,0.0,0.0,,,unlabelled,tier_0,stable
5,vb_V122,numeric,0.0012552596099597176,2,0.0,0.0,,,unlabelled,tier_0,stable
6,vb_V122,numeric,0.0005802510486040464,2,0.0,0.0,,,unlabelled,tier_0,stable
0,vb_V123,numeric,0.0030089480483685453,2,0.0,0.0,,,unlabelled,tier_0,stable
1,vb_V123,numeric,0.0011980186345502393,2,0.0,0.0,,,unlabelled,tier_0,stable
2,vb_V123,numeric,0.0016351826763945226,2,0.0,0.0,,,unlabelled,tier_0,stable
3,vb_V123,numeric,0.0014200564923607254,2,0.0,0.0,,,unlabelled,tier_0,stable
4,vb_V123,numeric,0.0007906455207204474,2,0.0,0.0,,,unlabelled,tier_0,stable
5,vb_V123,numeric,0.0011020888676444352,2,0.0,0.0,,,unlabelled,tier_0,stable
6,vb_V123,numeric,0.00021606849736404763,2,0.0,0.0,,,unlabelled,tier_0,stable
0,vb_V124,numeric,0.011343133425905745,2,0.0,0.0,,,unlabelled,tier_0,stable
1,vb_V124,numeric,0.009362406453536792,2,0.0,0.0,,,unlabelled,tier_0,stable
2,vb_V124,numeric,0.007705328682567692,2,0.0,0.0,,,unlabelled,tier_0,stable
3,vb_V124,numeric,0.006832912613590682,2,0.0,0.0,,,unlabelled,tier_0,stable
4,vb_V124,numeric,0.004317558535849093,2,0.0,0.0,,,unlabelled,tier_0,stable
5,vb_V124,numeric,0.003522598784706127,2,0.0,0.0,,,unlabelled,tier_0,stable
6,vb_V124,numeric,8.741079971473561e-05,2,0.0,0.0,,,unlabelled,tier_0,stable
0,vb_V125,numeric,0.004781101086638045,2,0.0,0.0,,,unlabelled,tier_0,stable
1,vb_V125,numeric,0.0023891744549727157,2,0.0,0.0,,,unlabelled,tier_0,stable
2,vb_V125,numeric,0.0021040840091985646,2,0.0,0.0,,,unlabelled,tier_0,stable
3,vb_V125,numeric,0.0021152248843821007,2,0.0,0.0,,,unlabelled,tier_0,stable
4,vb_V125,numeric,0.0013701676920591143,2,0.0,0.0,,,unlabelled,tier_0,stable
5,vb_V125,numeric,0.0016368029033820793,2,0.0,0.0,,,unlabelled,tier_0,stable
6,vb_V125,numeric,2.413487842568497e-06,2,0.0,0.0,,,unlabelled,tier_0,stable
0,vb_V126,numeric,0.0021736738696936726,3,0.0,0.0,,,unlabelled,tier_0,stable
1,vb_V126,numeric,0.0008467118756566446,3,0.0,0.0,,,unlabelled,tier_0,stable
2,vb_V126,numeric,0.0011926261498910991,3,0.0,0.0,,,unlabelled,tier_0,stable
3,vb_V126,numeric,0.0008215219371045494,3,0.0,0.0,,,unlabelled,tier_0,stable
4,vb_V126,numeric,0.0005122487376849991,3,0.0,0.0,,,unlabelled,tier_0,stable
5,vb_V126,numeric,0.0003190554986680529,3,0.0,0.0,,,unlabelled,tier_0,stable
6,vb_V126,numeric,0.0019462676817480124,3,0.0,0.0,,,unlabelled,tier_0,stable
0,vb_V127,numeric,0.027537749705132626,5,0.0,0.0,,,unlabelled,tier_0,stable
1,vb_V127,numeric,0.02231074063051165,5,0.0,0.0,,,unlabelled,tier_0,stable
2,vb_V127,numeric,0.02681491696329967,5,0.0,0.0,,,unlabelled,tier_0,stable
3,vb_V127,numeric,0.012521309508802734,5,0.0,0.0,,,unlabelled,tier_0,stable
4,vb_V127,numeric,0.006609094651629119,5,0.0,0.0,,,unlabelled,tier_0,stable
5,vb_V127,numeric,0.006684289369768047,5,0.0,0.0,,,unlabelled,tier_0,stable
6,vb_V127,numeric,0.028681300735843455,5,0.0,0.0,,,unlabelled,tier_0,stable
0,vb_V128,numeric,0.009370864402095409,4,0.0,0.0,,,unlabelled,tier_0,stable
1,vb_V128,numeric,0.006450494147285939,4,0.0,0.0,,,unlabelled,tier_0,stable
2,vb_V128,numeric,0.007891634441399445,4,0.0,0.0,,,unlabelled,tier_0,stable
3,vb_V128,numeric,0.003348619907231891,4,0.0,0.0,,,unlabelled,tier_0,stable
4,vb_V128,numeric,0.0017127750983392674,4,0.0,0.0,,,unlabelled,tier_0,stable
5,vb_V128,numeric,0.0027793393683854294,4,0.0,0.0,,,unlabelled,tier_0,stable
6,vb_V128,numeric,0.00936992487748405,4,0.0,0.0,,,unlabelled,tier_0,stable
0,vb_V129,numeric,3.428325184817709e-06,2,0.0,0.0,,,unlabelled,tier_0,stable
1,vb_V129,numeric,0.0001327626373624056,2,0.0,0.0,,,unlabelled,tier_0,stable
2,vb_V129,numeric,0.00020431075438214806,2,0.0,0.0,,,unlabelled,tier_0,stable
3,vb_V129,numeric,5.035668493408131e-05,2,0.0,0.0,,,unlabelled,tier_0,stable
4,vb_V129,numeric,5.953111152917439e-06,2,0.0,0.0,,,unlabelled,tier_0,stable
5,vb_V129,numeric,0.0002611687869525326,2,0.0,0.0,,,unlabelled,tier_0,stable
6,vb_V129,numeric,0.003938812172602509,2,0.0,0.0,,,unlabelled,tier_0,stable
0,vb_V130,numeric,0.021149544117388702,4,0.0,0.0,,,unlabelled,tier_0,stable
1,vb_V130,numeric,0.021714589655582907,4,0.0,0.0,,,unlabelled,tier_0,stable
2,vb_V130,numeric,0.02559514001591365,4,0.0,0.0,,,unlabelled,tier_0,stable
3,vb_V130,numeric,0.012852451362845695,4,0.0,0.0,,,unlabelled,tier_0,stable
4,vb_V130,numeric,0.008955761647994609,4,0.0,0.0,,,unlabelled,tier_0,stable
5,vb_V130,numeric,0.00508159208126871,4,0.0,0.0,,,unlabelled,tier_0,stable
6,vb_V130,numeric,0.040145979595889315,4,0.0,0.0,,,unlabelled,tier_0,stable
0,vb_V131,numeric,0.0045234030279798195,3,0.0,0.0,,,unlabelled,tier_0,stable
1,vb_V131,numeric,0.005975511299687358,3,0.0,0.0,,,unlabelled,tier_0,stable
2,vb_V131,numeric,0.006366518136608981,3,0.0,0.0,,,unlabelled,tier_0,stable
3,vb_V131,numeric,0.0031762481951759696,3,0.0,0.0,,,unlabelled,tier_0,stable
4,vb_V131,numeric,0.002146391888440963,3,0.0,0.0,,,unlabelled,tier_0,stable
5,vb_V131,numeric,0.001025189132747614,3,0.0,0.0,,,unlabelled,tier_0,stable
6,vb_V131,numeric,0.016473808139603682,3,0.0,0.0,,,unlabelled,tier_0,stable
0,vb_V132,numeric,9.662632048422018e-07,2,0.0,0.0,,,unlabelled,tier_0,stable
1,vb_V132,numeric,0.001788295404774122,2,0.0,0.0,,,unlabelled,tier_0,stable
2,vb_V132,numeric,0.0014267626894139576,2,0.0,0.0,,,unlabelled,tier_0,stable
3,vb_V132,numeric,0.0010059865443190611,2,0.0,0.0,,,unlabelled,tier_0,stable
4,vb_V132,numeric,0.002738776878613522,2,0.0,0.0,,,unlabelled,tier_0,stable
5,vb_V132,numeric,0.0024855549638111703,2,0.0,0.0,,,unlabelled,tier_0,stable
6,vb_V132,numeric,0.011416227517855307,2,0.0,0.0,,,unlabelled,tier_0,stable
0,vb_V133,numeric,9.079413776856378e-05,2,0.0,0.0,,,unlabelled,tier_0,stable
1,vb_V133,numeric,0.0016283329084613846,2,0.0,0.0,,,unlabelled,tier_0,stable
2,vb_V133,numeric,0.004640140629426873,2,0.0,0.0,,,unlabelled,tier_0,stable
3,vb_V133,numeric,0.0030302395935842765,2,0.0,0.0,,,unlabelled,tier_0,stable
4,vb_V133,numeric,0.007661145149501973,2,0.0,0.0,,,unlabelled,tier_0,stable
5,vb_V133,numeric,0.006585280793093837,2,0.0,0.0,,,unlabelled,tier_0,stable
6,vb_V133,numeric,0.024870214294808766,2,0.0,0.0,,,unlabelled,tier_0,stable
0,vb_V134,numeric,1.0757128456089615e-06,2,0.0,0.0,,,unlabelled,tier_0,stable
1,vb_V134,numeric,0.002466672244927152,2,0.0,0.0,,,unlabelled,tier_0,stable
2,vb_V134,numeric,0.0028620054554923053,2,0.0,0.0,,,unlabelled,tier_0,stable
3,vb_V134,numeric,0.0020220545045321224,2,0.0,0.0,,,unlabelled,tier_0,stable
4,vb_V134,numeric,0.004562536337086712,2,0.0,0.0,,,unlabelled,tier_0,stable
5,vb_V134,numeric,0.003708778995783564,2,0.0,0.0,,,unlabelled,tier_0,stable
6,vb_V134,numeric,0.017115962824243092,2,0.0,0.0,,,unlabelled,tier_0,stable
0,vb_V135,numeric,0.004509313355487135,2,0.0,0.0,,,unlabelled,tier_0,stable
1,vb_V135,numeric,0.005209787533861701,2,0.0,0.0,,,unlabelled,tier_0,stable
2,vb_V135,numeric,0.004181285072636106,2,0.0,0.0,,,unlabelled,tier_0,stable
3,vb_V135,numeric,0.003013225215463923,2,0.0,0.0,,,unlabelled,tier_0,stable
4,vb_V135,numeric,0.0027486205373444495,2,0.0,0.0,,,unlabelled,tier_0,stable
5,vb_V135,numeric,0.003605307767395637,2,0.0,0.0,,,unlabelled,tier_0,stable
6,vb_V135,numeric,0.003746896761773429,2,0.0,0.0,,,unlabelled,tier_0,stable
0,vb_V136,numeric,0.014650547620855662,2,0.0,0.0,,,unlabelled,tier_0,stable
1,vb_V136,numeric,0.013126289410002058,2,0.0,0.0,,,unlabelled,tier_0,stable
2,vb_V136,numeric,0.012061480019847977,2,0.0,0.0,,,unlabelled,tier_0,stable
3,vb_V136,numeric,0.00883849848016102,2,0.0,0.0,,,unlabelled,tier_0,stable
4,vb_V136,numeric,0.007618394308979811,2,0.0,0.0,,,unlabelled,tier_0,stable
5,vb_V136,numeric,0.00761247842573156,2,0.0,0.0,,,unlabelled,tier_0,stable
6,vb_V136,numeric,0.0025514603973921146,2,0.0,0.0,,,unlabelled,tier_0,stable
0,vb_V138,numeric,0.0004438369369840107,2,0.0,0.0,,,unlabelled,tier_0,stable
1,vb_V138,numeric,3.615350295426131e-06,2,0.0,0.0,,,unlabelled,tier_0,stable
2,vb_V138,numeric,0.0006665749569096374,2,0.0,0.0,,,unlabelled,tier_0,stable
3,vb_V138,numeric,0.0005245673213292352,2,0.0,0.0,,,unlabelled,tier_0,stable
4,vb_V138,numeric,0.0006570216940207505,2,0.0,0.0,,,unlabelled,tier_0,stable
5,vb_V138,numeric,1.5150696173173709e-05,2,0.0,0.0,,,unlabelled,tier_0,stable
6,vb_V138,numeric,0.001239794260494548,2,0.0,0.0,,,unlabelled,tier_0,stable
0,vb_V139,numeric,0.004422520022214376,2,0.0,0.0,,,unlabelled,tier_0,stable
1,vb_V139,numeric,0.003679747968219968,2,0.0,0.0,,,unlabelled,tier_0,stable
2,vb_V139,numeric,0.0035810675532001656,2,0.0,0.0,,,unlabelled,tier_0,stable
3,vb_V139,numeric,0.004257713900137106,2,0.0,0.0,,,unlabelled,tier_0,stable
4,vb_V139,numeric,0.006444787144363293,2,0.0,0.0,,,unlabelled,tier_0,stable
5,vb_V139,numeric,0.0011038662847556704,2,0.0,0.0,,,unlabelled,tier_0,stable
6,vb_V139,numeric,0.006332827714404581,2,0.0,0.0,,,unlabelled,tier_0,stable
0,vb_V141,numeric,0.00047346955935276063,2,0.0,0.0,,,unlabelled,tier_0,stable
1,vb_V141,numeric,6.789692473640439e-07,2,0.0,0.0,,,unlabelled,tier_0,stable
2,vb_V141,numeric,0.0005749434101646852,2,0.0,0.0,,,unlabelled,tier_0,stable
3,vb_V141,numeric,0.0006120806029660179,2,0.0,0.0,,,unlabelled,tier_0,stable
4,vb_V141,numeric,0.000961511035187327,2,0.0,0.0,,,unlabelled,tier_0,stable
5,vb_V141,numeric,2.3196510425149246e-05,2,0.0,0.0,,,unlabelled,tier_0,stable
6,vb_V141,numeric,0.0021806733706561067,2,0.0,0.0,,,unlabelled,tier_0,stable
0,vb_V142,numeric,0.0005070254082023768,2,0.0,0.0,,,unlabelled,tier_0,stable
1,vb_V142,numeric,4.8737683070791715e-06,2,0.0,0.0,,,unlabelled,tier_0,stable
2,vb_V142,numeric,0.0005142571266709864,2,0.0,0.0,,,unlabelled,tier_0,stable
3,vb_V142,numeric,0.000535290146909993,2,0.0,0.0,,,unlabelled,tier_0,stable
4,vb_V142,numeric,0.0008755276834768946,2,0.0,0.0,,,unlabelled,tier_0,stable
5,vb_V142,numeric,2.222301123596942e-05,2,0.0,0.0,,,unlabelled,tier_0,stable
6,vb_V142,numeric,0.0021080181237556174,2,0.0,0.0,,,unlabelled,tier_0,stable
0,vb_V143,numeric,0.0401400491580661,2,0.0,0.0,,,unlabelled,tier_0,stable
1,vb_V143,numeric,0.03761945530060274,2,0.0,0.0,,,unlabelled,tier_0,stable
2,vb_V143,numeric,0.03541227662468743,2,0.0,0.0,,,unlabelled,tier_0,stable
3,vb_V143,numeric,0.04042685468122943,2,0.0,0.0,,,unlabelled,tier_0,stable
4,vb_V143,numeric,0.02066126867391276,2,0.0,0.0,,,unlabelled,tier_0,stable
5,vb_V143,numeric,0.023298376632235322,2,0.0,0.0,,,unlabelled,tier_0,stable
6,vb_V143,numeric,0.01563807727239451,2,0.0,0.0,,,unlabelled,tier_0,stable
0,vb_V145,numeric,0.03097407567374192,2,0.0,0.0,,,unlabelled,tier_0,stable
1,vb_V145,numeric,0.025926410497732862,2,0.0,0.0,,,unlabelled,tier_0,stable
2,vb_V145,numeric,0.025051852245159795,2,0.0,0.0,,,unlabelled,tier_0,stable
3,vb_V145,numeric,0.023679523412787395,2,0.0,0.0,,,unlabelled,tier_0,stable
4,vb_V145,numeric,0.014742667043538674,2,0.0,0.0,,,unlabelled,tier_0,stable
5,vb_V145,numeric,0.026456672033930668,2,0.0,0.0,,,unlabelled,tier_0,stable
6,vb_V145,numeric,0.00046102633629713875,2,0.0,0.0,,,unlabelled,tier_0,stable
0,vb_V146,numeric,0.002546391124693167,2,0.0,0.0,,,unlabelled,tier_0,stable
1,vb_V146,numeric,0.0031430268518410284,2,0.0,0.0,,,unlabelled,tier_0,stable
2,vb_V146,numeric,0.0009866351760301423,2,0.0,0.0,,,unlabelled,tier_0,stable
3,vb_V146,numeric,0.001426582159679254,2,0.0,0.0,,,unlabelled,tier_0,stable
4,vb_V146,numeric,0.003623674540933486,2,0.0,0.0,,,unlabelled,tier_0,stable
5,vb_V146,numeric,6.545789149555092e-06,2,0.0,0.0,,,unlabelled,tier_0,stable
6,vb_V146,numeric,0.008884294410724953,2,0.0,0.0,,,unlabelled,tier_0,stable
0,vb_V148,numeric,0.0002455544416442657,2,0.0,0.0,,,unlabelled,tier_0,stable
1,vb_V148,numeric,0.00102853348492875,2,0.0,0.0,,,unlabelled,tier_0,stable
2,vb_V148,numeric,0.0010299340088870685,2,0.0,0.0,,,unlabelled,tier_0,stable
3,vb_V148,numeric,0.0008751016024957506,2,0.0,0.0,,,unlabelled,tier_0,stable
4,vb_V148,numeric,0.002512258342408066,2,0.0,0.0,,,unlabelled,tier_0,stable
5,vb_V148,numeric,0.0004885261927340654,2,0.0,0.0,,,unlabelled,tier_0,stable
6,vb_V148,numeric,1.3826606183658898e-05,2,0.0,0.0,,,unlabelled,tier_0,stable
0,vb_V158,numeric,0.0024882272237262467,2,0.0,0.0,,,unlabelled,tier_0,stable
1,vb_V158,numeric,0.00189162827610658,2,0.0,0.0,,,unlabelled,tier_0,stable
2,vb_V158,numeric,0.002270717549929682,2,0.0,0.0,,,unlabelled,tier_0,stable
3,vb_V158,numeric,0.002076230338005482,2,0.0,0.0,,,unlabelled,tier_0,stable
4,vb_V158,numeric,0.003085746862116817,2,0.0,0.0,,,unlabelled,tier_0,stable
5,vb_V158,numeric,0.0006568433414108996,2,0.0,0.0,,,unlabelled,tier_0,stable
6,vb_V158,numeric,0.0012132956317360663,2,0.0,0.0,,,unlabelled,tier_0,stable
0,vb_V161,numeric,0.00047346955935276063,2,0.0,0.0,,,unlabelled,tier_0,stable
1,vb_V161,numeric,6.789692473640439e-07,2,0.0,0.0,,,unlabelled,tier_0,stable
2,vb_V161,numeric,0.0005749434101646852,2,0.0,0.0,,,unlabelled,tier_0,stable
3,vb_V161,numeric,0.0006120806029660179,2,0.0,0.0,,,unlabelled,tier_0,stable
4,vb_V161,numeric,0.000961511035187327,2,0.0,0.0,,,unlabelled,tier_0,stable
5,vb_V161,numeric,2.3196510425149246e-05,2,0.0,0.0,,,unlabelled,tier_0,stable
6,vb_V161,numeric,0.0021806733706561067,2,0.0,0.0,,,unlabelled,tier_0,stable
0,vb_V164,numeric,0.0401400491580661,2,0.0,0.0,,,unlabelled,tier_0,stable
1,vb_V164,numeric,0.03761945530060274,2,0.0,0.0,,,unlabelled,tier_0,stable
2,vb_V164,numeric,0.03541227662468743,2,0.0,0.0,,,unlabelled,tier_0,stable
3,vb_V164,numeric,0.04042685468122943,2,0.0,0.0,,,unlabelled,tier_0,stable
4,vb_V164,numeric,0.02066126867391276,2,0.0,0.0,,,unlabelled,tier_0,stable
5,vb_V164,numeric,0.023298376632235322,2,0.0,0.0,,,unlabelled,tier_0,stable
6,vb_V164,numeric,0.01563807727239451,2,0.0,0.0,,,unlabelled,tier_0,stable
0,vb_V166,numeric,0.034449634759835354,2,0.0,0.0,,,unlabelled,tier_0,stable
1,vb_V166,numeric,0.02838212584848155,2,0.0,0.0,,,unlabelled,tier_0,stable
2,vb_V166,numeric,0.02935703123658082,2,0.0,0.0,,,unlabelled,tier_0,stable
3,vb_V166,numeric,0.027174531153405738,2,0.0,0.0,,,unlabelled,tier_0,stable
4,vb_V166,numeric,0.015670876817510775,2,0.0,0.0,,,unlabelled,tier_0,stable
5,vb_V166,numeric,0.027706768817607124,2,0.0,0.0,,,unlabelled,tier_0,stable
6,vb_V166,numeric,0.0004157245649842694,2,0.0,0.0,,,unlabelled,tier_0,stable
0,vb_V167,numeric,0.0009730637526339704,2,0.0,0.0,,,unlabelled,tier_0,stable
1,vb_V167,numeric,0.002406376043617764,2,0.0,0.0,,,unlabelled,tier_0,stable
2,vb_V167,numeric,0.0011556053217380475,2,0.0,0.0,,,unlabelled,tier_0,stable
3,vb_V167,numeric,0.00010394827521824014,2,0.0,0.0,,,unlabelled,tier_0,stable
4,vb_V167,numeric,0.0014270860841319633,2,0.0,0.0,,,unlabelled,tier_0,stable
5,vb_V167,numeric,0.002695773043867597,2,0.0,0.0,,,unlabelled,tier_0,stable
6,vb_V167,numeric,0.01582563523352235,2,0.0,0.0,,,unlabelled,tier_0,stable
0,vb_V168,numeric,0.0006570013690878273,2,0.0,0.0,,,unlabelled,tier_0,stable
1,vb_V168,numeric,0.0016555416694813132,2,0.0,0.0,,,unlabelled,tier_0,stable
2,vb_V168,numeric,0.0007495084793635108,2,0.0,0.0,,,unlabelled,tier_0,stable
3,vb_V168,numeric,0.0008318908993861682,2,0.0,0.0,,,unlabelled,tier_0,stable
4,vb_V168,numeric,0.0030167742105509502,2,0.0,0.0,,,unlabelled,tier_0,stable
5,vb_V168,numeric,0.0040048448984667225,2,0.0,0.0,,,unlabelled,tier_0,stable
6,vb_V168,numeric,0.01857729969775994,2,0.0,0.0,,,unlabelled,tier_0,stable
0,vb_V172,numeric,0.0037034694962599208,2,0.0,0.0,,,unlabelled,tier_0,stable
1,vb_V172,numeric,0.003702099281958915,2,0.0,0.0,,,unlabelled,tier_0,stable
2,vb_V172,numeric,0.004804308433978727,2,0.0,0.0,,,unlabelled,tier_0,stable
3,vb_V172,numeric,0.0009749967456161928,2,0.0,0.0,,,unlabelled,tier_0,stable
4,vb_V172,numeric,0.0014156480636026802,2,0.0,0.0,,,unlabelled,tier_0,stable
5,vb_V172,numeric,0.0008364236024544921,2,0.0,0.0,,,unlabelled,tier_0,stable
6,vb_V172,numeric,0.006464911810657619,2,0.0,0.0,,,unlabelled,tier_0,stable
0,vb_V173,numeric,0.0034805267614038387,2,0.0,0.0,,,unlabelled,tier_0,stable
1,vb_V173,numeric,0.006192142425139161,2,0.0,0.0,,,unlabelled,tier_0,stable
2,vb_V173,numeric,0.0042058125106554465,2,0.0,0.0,,,unlabelled,tier_0,stable
3,vb_V173,numeric,0.00043323443439880464,2,0.0,0.0,,,unlabelled,tier_0,stable
4,vb_V173,numeric,0.0005504139530247548,2,0.0,0.0,,,unlabelled,tier_0,stable
5,vb_V173,numeric,0.0004492592195088119,2,0.0,0.0,,,unlabelled,tier_0,stable
6,vb_V173,numeric,0.004339620279383336,2,0.0,0.0,,,unlabelled,tier_0,stable
0,vb_V177,numeric,8.400231368780415e-06,2,0.0,0.0,,,unlabelled,tier_0,stable
1,vb_V177,numeric,0.0004288367921836692,2,0.0,0.0,,,unlabelled,tier_0,stable
2,vb_V177,numeric,1.1192491088389056e-05,2,0.0,0.0,,,unlabelled,tier_0,stable
3,vb_V177,numeric,0.0004791771400392716,2,0.0,0.0,,,unlabelled,tier_0,stable
4,vb_V177,numeric,0.0020257768671620795,2,0.0,0.0,,,unlabelled,tier_0,stable
5,vb_V177,numeric,0.0002353052047265054,2,0.0,0.0,,,unlabelled,tier_0,stable
6,vb_V177,numeric,2.790376256891236e-05,2,0.0,0.0,,,unlabelled,tier_0,stable
0,vb_V181,numeric,0.0017678441910465741,2,0.0,0.0,,,unlabelled,tier_0,stable
1,vb_V181,numeric,0.0019368686556753272,2,0.0,0.0,,,unlabelled,tier_0,stable
2,vb_V181,numeric,0.0013975371092856024,2,0.0,0.0,,,unlabelled,tier_0,stable
3,vb_V181,numeric,0.0009069842475938216,2,0.0,0.0,,,unlabelled,tier_0,stable
4,vb_V181,numeric,0.00018782489036181052,2,0.0,0.0,,,unlabelled,tier_0,stable
5,vb_V181,numeric,0.002119545459530719,2,0.0,0.0,,,unlabelled,tier_0,stable
6,vb_V181,numeric,0.01685555042847735,2,0.0,0.0,,,unlabelled,tier_0,stable
0,vb_V182,numeric,0.001684274633209815,2,0.0,0.0,,,unlabelled,tier_0,stable
1,vb_V182,numeric,0.001501557829195929,2,0.0,0.0,,,unlabelled,tier_0,stable
2,vb_V182,numeric,0.001158755957509776,2,0.0,0.0,,,unlabelled,tier_0,stable
3,vb_V182,numeric,0.00017270034251246907,2,0.0,0.0,,,unlabelled,tier_0,stable
4,vb_V182,numeric,6.256666384743735e-07,2,0.0,0.0,,,unlabelled,tier_0,stable
5,vb_V182,numeric,0.0027520617094645237,2,0.0,0.0,,,unlabelled,tier_0,stable
6,vb_V182,numeric,0.016545881436090915,2,0.0,0.0,,,unlabelled,tier_0,stable
0,vb_V183,numeric,0.0018942403018433465,2,0.0,0.0,,,unlabelled,tier_0,stable
1,vb_V183,numeric,0.0018913310099154801,2,0.0,0.0,,,unlabelled,tier_0,stable
2,vb_V183,numeric,0.0014306307422896826,2,0.0,0.0,,,unlabelled,tier_0,stable
3,vb_V183,numeric,0.0006825103799009027,2,0.0,0.0,,,unlabelled,tier_0,stable
4,vb_V183,numeric,4.670710985754793e-05,2,0.0,0.0,,,unlabelled,tier_0,stable
5,vb_V183,numeric,0.002418329064929733,2,0.0,0.0,,,unlabelled,tier_0,stable
6,vb_V183,numeric,0.016215005780634013,2,0.0,0.0,,,unlabelled,tier_0,stable
0,vb_V190,numeric,0.0005257468871673576,2,0.0,0.0,,,unlabelled,tier_0,stable
1,vb_V190,numeric,3.976447872416374e-06,2,0.0,0.0,,,unlabelled,tier_0,stable
2,vb_V190,numeric,8.278269816533725e-05,2,0.0,0.0,,,unlabelled,tier_0,stable
3,vb_V190,numeric,1.3858453845554547e-05,2,0.0,0.0,,,unlabelled,tier_0,stable
4,vb_V190,numeric,0.0008417486825422822,2,0.0,0.0,,,unlabelled,tier_0,stable
5,vb_V190,numeric,0.00032231515728825186,2,0.0,0.0,,,unlabelled,tier_0,stable
6,vb_V190,numeric,0.0012813211942354315,2,0.0,0.0,,,unlabelled,tier_0,stable
0,vb_V202,numeric,0.0009730637526339704,2,0.0,0.0,,,unlabelled,tier_0,stable
1,vb_V202,numeric,0.002406376043617764,2,0.0,0.0,,,unlabelled,tier_0,stable
2,vb_V202,numeric,0.0011556053217380475,2,0.0,0.0,,,unlabelled,tier_0,stable
3,vb_V202,numeric,0.00010394827521824014,2,0.0,0.0,,,unlabelled,tier_0,stable
4,vb_V202,numeric,0.0014270860841319633,2,0.0,0.0,,,unlabelled,tier_0,stable
5,vb_V202,numeric,0.002695773043867597,2,0.0,0.0,,,unlabelled,tier_0,stable
6,vb_V202,numeric,0.01582563523352235,2,0.0,0.0,,,unlabelled,tier_0,stable
0,vb_V205,numeric,0.0037034694962599208,2,0.0,0.0,,,unlabelled,tier_0,stable
1,vb_V205,numeric,0.003702099281958915,2,0.0,0.0,,,unlabelled,tier_0,stable
2,vb_V205,numeric,0.004804308433978727,2,0.0,0.0,,,unlabelled,tier_0,stable
3,vb_V205,numeric,0.0009749967456161928,2,0.0,0.0,,,unlabelled,tier_0,stable
4,vb_V205,numeric,0.0014156480636026802,2,0.0,0.0,,,unlabelled,tier_0,stable
5,vb_V205,numeric,0.0008364236024544921,2,0.0,0.0,,,unlabelled,tier_0,stable
6,vb_V205,numeric,0.006464911810657619,2,0.0,0.0,,,unlabelled,tier_0,stable
0,vb_V206,numeric,0.0034805267614038387,2,0.0,0.0,,,unlabelled,tier_0,stable
1,vb_V206,numeric,0.006192142425139161,2,0.0,0.0,,,unlabelled,tier_0,stable
2,vb_V206,numeric,0.0042058125106554465,2,0.0,0.0,,,unlabelled,tier_0,stable
3,vb_V206,numeric,0.00043323443439880464,2,0.0,0.0,,,unlabelled,tier_0,stable
4,vb_V206,numeric,0.0005504139530247548,2,0.0,0.0,,,unlabelled,tier_0,stable
5,vb_V206,numeric,0.0004492592195088119,2,0.0,0.0,,,unlabelled,tier_0,stable
6,vb_V206,numeric,0.004339620279383336,2,0.0,0.0,,,unlabelled,tier_0,stable
0,vb_V211,numeric,8.400231368780415e-06,2,0.0,0.0,,,unlabelled,tier_0,stable
1,vb_V211,numeric,0.0004288367921836692,2,0.0,0.0,,,unlabelled,tier_0,stable
2,vb_V211,numeric,1.1192491088389056e-05,2,0.0,0.0,,,unlabelled,tier_0,stable
3,vb_V211,numeric,0.0004791771400392716,2,0.0,0.0,,,unlabelled,tier_0,stable
4,vb_V211,numeric,0.0020257768671620795,2,0.0,0.0,,,unlabelled,tier_0,stable
5,vb_V211,numeric,0.0002353052047265054,2,0.0,0.0,,,unlabelled,tier_0,stable
6,vb_V211,numeric,2.790376256891236e-05,2,0.0,0.0,,,unlabelled,tier_0,stable
0,vb_V212,numeric,5.17259163044329e-05,2,0.0,0.0,,,unlabelled,tier_0,stable
1,vb_V212,numeric,0.0001522855719852096,2,0.0,0.0,,,unlabelled,tier_0,stable
2,vb_V212,numeric,3.5046502995673572e-09,2,0.0,0.0,,,unlabelled,tier_0,stable
3,vb_V212,numeric,0.0011099466588722726,2,0.0,0.0,,,unlabelled,tier_0,stable
4,vb_V212,numeric,0.0029606531375468846,2,0.0,0.0,,,unlabelled,tier_0,stable
5,vb_V212,numeric,0.000547996973408885,2,0.0,0.0,,,unlabelled,tier_0,stable
6,vb_V212,numeric,3.36382047926072e-05,2,0.0,0.0,,,unlabelled,tier_0,stable
0,vb_V213,numeric,1.3739247082920679e-05,2,0.0,0.0,,,unlabelled,tier_0,stable
1,vb_V213,numeric,0.00030541909567884145,2,0.0,0.0,,,unlabelled,tier_0,stable
2,vb_V213,numeric,2.1117329846913973e-06,2,0.0,0.0,,,unlabelled,tier_0,stable
3,vb_V213,numeric,0.000754767605223518,2,0.0,0.0,,,unlabelled,tier_0,stable
4,vb_V213,numeric,0.0024536493894231843,2,0.0,0.0,,,unlabelled,tier_0,stable
5,vb_V213,numeric,0.00035125175148417194,2,0.0,0.0,,,unlabelled,tier_0,stable
6,vb_V213,numeric,3.105474264053439e-05,2,0.0,0.0,,,unlabelled,tier_0,stable
0,vb_V214,numeric,0.0017678441910465741,2,0.0,0.0,,,unlabelled,tier_0,stable
1,vb_V214,numeric,0.0019368686556753272,2,0.0,0.0,,,unlabelled,tier_0,stable
2,vb_V214,numeric,0.0013975371092856024,2,0.0,0.0,,,unlabelled,tier_0,stable
3,vb_V214,numeric,0.0009069842475938216,2,0.0,0.0,,,unlabelled,tier_0,stable
4,vb_V214,numeric,0.00018782489036181052,2,0.0,0.0,,,unlabelled,tier_0,stable
5,vb_V214,numeric,0.002119545459530719,2,0.0,0.0,,,unlabelled,tier_0,stable
6,vb_V214,numeric,0.01685555042847735,2,0.0,0.0,,,unlabelled,tier_0,stable
0,vb_V215,numeric,0.001684274633209815,2,0.0,0.0,,,unlabelled,tier_0,stable
1,vb_V215,numeric,0.001501557829195929,2,0.0,0.0,,,unlabelled,tier_0,stable
2,vb_V215,numeric,0.001158755957509776,2,0.0,0.0,,,unlabelled,tier_0,stable
3,vb_V215,numeric,0.00017270034251246907,2,0.0,0.0,,,unlabelled,tier_0,stable
4,vb_V215,numeric,6.256666384743735e-07,2,0.0,0.0,,,unlabelled,tier_0,stable
5,vb_V215,numeric,0.0027520617094645237,2,0.0,0.0,,,unlabelled,tier_0,stable
6,vb_V215,numeric,0.016545881436090915,2,0.0,0.0,,,unlabelled,tier_0,stable
0,vb_V169,numeric,0.0026413842736818637,2,0.0,0.0,,,unlabelled,tier_0,stable
1,vb_V169,numeric,0.0032203746146535293,2,0.0,0.0,,,unlabelled,tier_0,stable
2,vb_V169,numeric,0.002700119960754688,2,0.0,0.0,,,unlabelled,tier_0,stable
3,vb_V169,numeric,0.001984367410700897,2,0.0,0.0,,,unlabelled,tier_0,stable
4,vb_V169,numeric,0.003069362870960552,2,0.0,0.0,,,unlabelled,tier_0,stable
5,vb_V169,numeric,0.0015386175445040954,2,0.0,0.0,,,unlabelled,tier_0,stable
6,vb_V169,numeric,0.00798566425274372,2,0.0,0.0,,,unlabelled,tier_0,stable
0,vb_V170,numeric,0.0017414519977451471,2,0.0,0.0,,,unlabelled,tier_0,stable
1,vb_V170,numeric,0.0026473569828742464,2,0.0,0.0,,,unlabelled,tier_0,stable
2,vb_V170,numeric,0.0008700627048909967,2,0.0,0.0,,,unlabelled,tier_0,stable
3,vb_V170,numeric,3.519357486504841e-05,2,0.0,0.0,,,unlabelled,tier_0,stable
4,vb_V170,numeric,7.044512629399123e-06,2,0.0,0.0,,,unlabelled,tier_0,stable
5,vb_V170,numeric,0.0026008141638622865,2,0.0,0.0,,,unlabelled,tier_0,stable
6,vb_V170,numeric,0.013174977123365314,2,0.0,0.0,,,unlabelled,tier_0,stable
0,vb_V174,numeric,0.002503074978639995,2,0.0,0.0,,,unlabelled,tier_0,stable
1,vb_V174,numeric,0.0014659022755103169,2,0.0,0.0,,,unlabelled,tier_0,stable
2,vb_V174,numeric,0.0022961592086182853,2,0.0,0.0,,,unlabelled,tier_0,stable
3,vb_V174,numeric,0.00636139967625912,2,0.0,0.0,,,unlabelled,tier_0,stable
4,vb_V174,numeric,0.009205754003397397,2,0.0,0.0,,,unlabelled,tier_0,stable
5,vb_V174,numeric,0.003763451583530129,2,0.0,0.0,,,unlabelled,tier_0,stable
6,vb_V174,numeric,0.011241570496068061,2,0.0,0.0,,,unlabelled,tier_0,stable
0,vb_V175,numeric,0.0025248768144554303,2,0.0,0.0,,,unlabelled,tier_0,stable
1,vb_V175,numeric,0.0015485309556736656,2,0.0,0.0,,,unlabelled,tier_0,stable
2,vb_V175,numeric,0.0023351852315840233,2,0.0,0.0,,,unlabelled,tier_0,stable
3,vb_V175,numeric,0.006232198969399336,2,0.0,0.0,,,unlabelled,tier_0,stable
4,vb_V175,numeric,0.00948885463470373,2,0.0,0.0,,,unlabelled,tier_0,stable
5,vb_V175,numeric,0.004695225389170535,2,0.0,0.0,,,unlabelled,tier_0,stable
6,vb_V175,numeric,0.013152360100144917,2,0.0,0.0,,,unlabelled,tier_0,stable
0,vb_V180,numeric,0.0017532390174011705,2,0.0,0.0,,,unlabelled,tier_0,stable
1,vb_V180,numeric,0.0016558233322131776,2,0.0,0.0,,,unlabelled,tier_0,stable
2,vb_V180,numeric,0.0013082109812751705,2,0.0,0.0,,,unlabelled,tier_0,stable
3,vb_V180,numeric,0.00012894682417298472,2,0.0,0.0,,,unlabelled,tier_0,stable
4,vb_V180,numeric,9.348921160511253e-06,2,0.0,0.0,,,unlabelled,tier_0,stable
5,vb_V180,numeric,0.002674509030855377,2,0.0,0.0,,,unlabelled,tier_0,stable
6,vb_V180,numeric,0.01607975993339282,2,0.0,0.0,,,unlabelled,tier_0,stable
0,vb_V184,numeric,0.0025809998949917704,2,0.0,0.0,,,unlabelled,tier_0,stable
1,vb_V184,numeric,0.0036271500103685207,2,0.0,0.0,,,unlabelled,tier_0,stable
2,vb_V184,numeric,0.0009234580172415755,2,0.0,0.0,,,unlabelled,tier_0,stable
3,vb_V184,numeric,0.00041991275941432487,2,0.0,0.0,,,unlabelled,tier_0,stable
4,vb_V184,numeric,0.0003853240298332812,2,0.0,0.0,,,unlabelled,tier_0,stable
5,vb_V184,numeric,0.002557153777392118,2,0.0,0.0,,,unlabelled,tier_0,stable
6,vb_V184,numeric,0.01302780150445083,2,0.0,0.0,,,unlabelled,tier_0,stable
0,vb_V188,numeric,0.0005492056849056985,2,0.0,0.0,,,unlabelled,tier_0,stable
1,vb_V188,numeric,0.00012214007140295372,2,0.0,0.0,,,unlabelled,tier_0,stable
2,vb_V188,numeric,3.1367182788858054e-06,2,0.0,0.0,,,unlabelled,tier_0,stable
3,vb_V188,numeric,7.215790525798219e-06,2,0.0,0.0,,,unlabelled,tier_0,stable
4,vb_V188,numeric,4.404464005851793e-07,2,0.0,0.0,,,unlabelled,tier_0,stable
5,vb_V188,numeric,8.120027293648829e-05,2,0.0,0.0,,,unlabelled,tier_0,stable
6,vb_V188,numeric,6.340079610038822e-05,2,0.0,0.0,,,unlabelled,tier_0,stable
0,vb_V189,numeric,0.0006669297057957548,2,0.0,0.0,,,unlabelled,tier_0,stable
1,vb_V189,numeric,0.0002093099868437292,2,0.0,0.0,,,unlabelled,tier_0,stable
2,vb_V189,numeric,0.000640740780467989,2,0.0,0.0,,,unlabelled,tier_0,stable
3,vb_V189,numeric,0.00024307630873200952,2,0.0,0.0,,,unlabelled,tier_0,stable
4,vb_V189,numeric,0.00017997052712379522,2,0.0,0.0,,,unlabelled,tier_0,stable
5,vb_V189,numeric,0.0009299715857285358,2,0.0,0.0,,,unlabelled,tier_0,stable
6,vb_V189,numeric,0.0007779544717443851,2,0.0,0.0,,,unlabelled,tier_0,stable
0,vb_V194,numeric,0.00020172025442553624,2,0.0,0.0,,,unlabelled,tier_0,stable
1,vb_V194,numeric,5.101256736331675e-05,2,0.0,0.0,,,unlabelled,tier_0,stable
2,vb_V194,numeric,6.077950266322979e-06,2,0.0,0.0,,,unlabelled,tier_0,stable
3,vb_V194,numeric,0.0001104217389132393,2,0.0,0.0,,,unlabelled,tier_0,stable
4,vb_V194,numeric,0.00010821927750858302,2,0.0,0.0,,,unlabelled,tier_0,stable
5,vb_V194,numeric,7.810654690834973e-06,2,0.0,0.0,,,unlabelled,tier_0,stable
6,vb_V194,numeric,0.00035547836813571755,2,0.0,0.0,,,unlabelled,tier_0,stable
0,vb_V198,numeric,0.0006645831180078972,2,0.0,0.0,,,unlabelled,tier_0,stable
1,vb_V198,numeric,0.0022365947517434567,2,0.0,0.0,,,unlabelled,tier_0,stable
2,vb_V198,numeric,0.0010014124614493851,2,0.0,0.0,,,unlabelled,tier_0,stable
3,vb_V198,numeric,0.0005212513567647603,2,0.0,0.0,,,unlabelled,tier_0,stable
4,vb_V198,numeric,0.0002529481819497493,2,0.0,0.0,,,unlabelled,tier_0,stable
5,vb_V198,numeric,0.0005032322543553381,2,0.0,0.0,,,unlabelled,tier_0,stable
6,vb_V198,numeric,0.001700710224304721,2,0.0,0.0,,,unlabelled,tier_0,stable
0,vb_V200,numeric,2.456941949703591e-07,2,0.0,0.0,,,unlabelled,tier_0,stable
1,vb_V200,numeric,0.00019240461409973636,2,0.0,0.0,,,unlabelled,tier_0,stable
2,vb_V200,numeric,9.931877698042011e-07,2,0.0,0.0,,,unlabelled,tier_0,stable
3,vb_V200,numeric,0.00043935800110700033,2,0.0,0.0,,,unlabelled,tier_0,stable
4,vb_V200,numeric,0.0003868739078002351,2,0.0,0.0,,,unlabelled,tier_0,stable
5,vb_V200,numeric,0.00039951922346537856,2,0.0,0.0,,,unlabelled,tier_0,stable
6,vb_V200,numeric,0.001192640051740022,2,0.0,0.0,,,unlabelled,tier_0,stable
0,vb_V208,numeric,0.002503074978639995,2,0.0,0.0,,,unlabelled,tier_0,stable
1,vb_V208,numeric,0.0014659022755103169,2,0.0,0.0,,,unlabelled,tier_0,stable
2,vb_V208,numeric,0.0022961592086182853,2,0.0,0.0,,,unlabelled,tier_0,stable
3,vb_V208,numeric,0.00636139967625912,2,0.0,0.0,,,unlabelled,tier_0,stable
4,vb_V208,numeric,0.009205754003397397,2,0.0,0.0,,,unlabelled,tier_0,stable
5,vb_V208,numeric,0.003763451583530129,2,0.0,0.0,,,unlabelled,tier_0,stable
6,vb_V208,numeric,0.011241570496068061,2,0.0,0.0,,,unlabelled,tier_0,stable
0,vb_V209,numeric,0.002827864349394933,2,0.0,0.0,,,unlabelled,tier_0,stable
1,vb_V209,numeric,0.0018608536793074866,2,0.0,0.0,,,unlabelled,tier_0,stable
2,vb_V209,numeric,0.002331769163167968,2,0.0,0.0,,,unlabelled,tier_0,stable
3,vb_V209,numeric,0.006025275899821298,2,0.0,0.0,,,unlabelled,tier_0,stable
4,vb_V209,numeric,0.009503367005093561,2,0.0,0.0,,,unlabelled,tier_0,stable
5,vb_V209,numeric,0.00448188020160534,2,0.0,0.0,,,unlabelled,tier_0,stable
6,vb_V209,numeric,0.012156430477348826,2,0.0,0.0,,,unlabelled,tier_0,stable
0,vb_V217,numeric,0.0008860334803197934,2,0.0,0.0,,,unlabelled,tier_0,stable
1,vb_V217,numeric,0.0021262336811499398,2,0.0,0.0,,,unlabelled,tier_0,stable
2,vb_V217,numeric,0.001030180245071335,2,0.0,0.0,,,unlabelled,tier_0,stable
3,vb_V217,numeric,5.253572755253022e-05,2,0.0,0.0,,,unlabelled,tier_0,stable
4,vb_V217,numeric,0.0009662959171683117,2,0.0,0.0,,,unlabelled,tier_0,stable
5,vb_V217,numeric,0.0027715988167591717,2,0.0,0.0,,,unlabelled,tier_0,stable
6,vb_V217,numeric,0.012672236561215598,2,0.0,0.0,,,unlabelled,tier_0,stable
0,vb_V218,numeric,0.001657851749252462,2,0.0,0.0,,,unlabelled,tier_0,stable
1,vb_V218,numeric,0.0026813933423078477,2,0.0,0.0,,,unlabelled,tier_0,stable
2,vb_V218,numeric,0.0015925122214012295,2,0.0,0.0,,,unlabelled,tier_0,stable
3,vb_V218,numeric,4.4057015514895726e-05,2,0.0,0.0,,,unlabelled,tier_0,stable
4,vb_V218,numeric,0.0015033642961556847,2,0.0,0.0,,,unlabelled,tier_0,stable
5,vb_V218,numeric,0.003453458243717648,2,0.0,0.0,,,unlabelled,tier_0,stable
6,vb_V218,numeric,0.018397463287354962,2,0.0,0.0,,,unlabelled,tier_0,stable
0,vb_V219,numeric,0.0011444364835520146,2,0.0,0.0,,,unlabelled,tier_0,stable
1,vb_V219,numeric,0.0023277807093178894,2,0.0,0.0,,,unlabelled,tier_0,stable
2,vb_V219,numeric,0.001229731176992585,2,0.0,0.0,,,unlabelled,tier_0,stable
3,vb_V219,numeric,7.903619590541387e-05,2,0.0,0.0,,,unlabelled,tier_0,stable
4,vb_V219,numeric,0.001176163355066308,2,0.0,0.0,,,unlabelled,tier_0,stable
5,vb_V219,numeric,0.003167321459916167,2,0.0,0.0,,,unlabelled,tier_0,stable
6,vb_V219,numeric,0.01607603539816857,2,0.0,0.0,,,unlabelled,tier_0,stable
0,vb_V223,numeric,0.0036252216563800043,2,0.0,0.0,,,unlabelled,tier_0,stable
1,vb_V223,numeric,0.00421989145674747,2,0.0,0.0,,,unlabelled,tier_0,stable
2,vb_V223,numeric,0.0038425256139956797,2,0.0,0.0,,,unlabelled,tier_0,stable
3,vb_V223,numeric,0.0008450078410404817,2,0.0,0.0,,,unlabelled,tier_0,stable
4,vb_V223,numeric,0.0007806005651552329,2,0.0,0.0,,,unlabelled,tier_0,stable
5,vb_V223,numeric,0.0008332828684753639,2,0.0,0.0,,,unlabelled,tier_0,stable
6,vb_V223,numeric,0.0037685027908573813,2,0.0,0.0,,,unlabelled,tier_0,stable
0,vb_V226,numeric,0.0008897489257161991,2,0.0,0.0,,,unlabelled,tier_0,stable
1,vb_V226,numeric,0.0016518201403956168,2,0.0,0.0,,,unlabelled,tier_0,stable
2,vb_V226,numeric,0.0006853597216477233,2,0.0,0.0,,,unlabelled,tier_0,stable
3,vb_V226,numeric,0.0035763277822608904,2,0.0,0.0,,,unlabelled,tier_0,stable
4,vb_V226,numeric,0.00078642747376756,2,0.0,0.0,,,unlabelled,tier_0,stable
5,vb_V226,numeric,4.210323965948733e-05,2,0.0,0.0,,,unlabelled,tier_0,stable
6,vb_V226,numeric,0.006753908505832176,2,0.0,0.0,,,unlabelled,tier_0,stable
0,vb_V228,numeric,1.1979386225680698e-05,2,0.0,0.0,,,unlabelled,tier_0,stable
1,vb_V228,numeric,0.0004930653033945777,2,0.0,0.0,,,unlabelled,tier_0,stable
2,vb_V228,numeric,0.00011381004818651956,2,0.0,0.0,,,unlabelled,tier_0,stable
3,vb_V228,numeric,0.0018524742479433542,2,0.0,0.0,,,unlabelled,tier_0,stable
4,vb_V228,numeric,0.0044106420096296835,2,0.0,0.0,,,unlabelled,tier_0,stable
5,vb_V228,numeric,0.002372027973022297,2,0.0,0.0,,,unlabelled,tier_0,stable
6,vb_V228,numeric,0.005873852167877452,2,0.0,0.0,,,unlabelled,tier_0,stable
0,vb_V232,numeric,4.4988063598982445e-06,2,0.0,0.0,,,unlabelled,tier_0,stable
1,vb_V232,numeric,0.0001234484071094093,2,0.0,0.0,,,unlabelled,tier_0,stable
2,vb_V232,numeric,1.7963877348259758e-05,2,0.0,0.0,,,unlabelled,tier_0,stable
3,vb_V232,numeric,0.0005145937652046382,2,0.0,0.0,,,unlabelled,tier_0,stable
4,vb_V232,numeric,0.0017002821090212016,2,0.0,0.0,,,unlabelled,tier_0,stable
5,vb_V232,numeric,0.00025882910956160726,2,0.0,0.0,,,unlabelled,tier_0,stable
6,vb_V232,numeric,6.008862474626803e-05,2,0.0,0.0,,,unlabelled,tier_0,stable
0,vb_V233,numeric,2.24688460007554e-05,2,0.0,0.0,,,unlabelled,tier_0,stable
1,vb_V233,numeric,0.00011703641093337146,2,0.0,0.0,,,unlabelled,tier_0,stable
2,vb_V233,numeric,1.4229957039739055e-06,2,0.0,0.0,,,unlabelled,tier_0,stable
3,vb_V233,numeric,0.0005364598193837623,2,0.0,0.0,,,unlabelled,tier_0,stable
4,vb_V233,numeric,0.0016395930263896144,2,0.0,0.0,,,unlabelled,tier_0,stable
5,vb_V233,numeric,0.00029563196346633436,2,0.0,0.0,,,unlabelled,tier_0,stable
6,vb_V233,numeric,0.00011966169609854235,2,0.0,0.0,,,unlabelled,tier_0,stable
0,vb_V235,numeric,0.001639828310396613,2,0.0,0.0,,,unlabelled,tier_0,stable
1,vb_V235,numeric,0.0018265171988117357,2,0.0,0.0,,,unlabelled,tier_0,stable
2,vb_V235,numeric,0.000846220530077456,2,0.0,0.0,,,unlabelled,tier_0,stable
3,vb_V235,numeric,0.0006018927981053715,2,0.0,0.0,,,unlabelled,tier_0,stable
4,vb_V235,numeric,0.00013430661702011705,2,0.0,0.0,,,unlabelled,tier_0,stable
5,vb_V235,numeric,0.0025390397344134752,2,0.0,0.0,,,unlabelled,tier_0,stable
6,vb_V235,numeric,0.014620238801273971,2,0.0,0.0,,,unlabelled,tier_0,stable
0,vb_V236,numeric,0.0019780287906078086,2,0.0,0.0,,,unlabelled,tier_0,stable
1,vb_V236,numeric,0.0014961968078997662,2,0.0,0.0,,,unlabelled,tier_0,stable
2,vb_V236,numeric,0.0006895074141268076,2,0.0,0.0,,,unlabelled,tier_0,stable
3,vb_V236,numeric,0.0002922908584473676,2,0.0,0.0,,,unlabelled,tier_0,stable
4,vb_V236,numeric,6.201716935958504e-05,2,0.0,0.0,,,unlabelled,tier_0,stable
5,vb_V236,numeric,0.0028003156237029108,2,0.0,0.0,,,unlabelled,tier_0,stable
6,vb_V236,numeric,0.0145282602466659,2,0.0,0.0,,,unlabelled,tier_0,stable
0,vb_V237,numeric,0.0019497004104566246,2,0.0,0.0,,,unlabelled,tier_0,stable
1,vb_V237,numeric,0.0013927024906649566,2,0.0,0.0,,,unlabelled,tier_0,stable
2,vb_V237,numeric,0.0008058111489640229,2,0.0,0.0,,,unlabelled,tier_0,stable
3,vb_V237,numeric,0.00046863454446329807,2,0.0,0.0,,,unlabelled,tier_0,stable
4,vb_V237,numeric,0.00011416169936638968,2,0.0,0.0,,,unlabelled,tier_0,stable
5,vb_V237,numeric,0.0026681548109211244,2,0.0,0.0,,,unlabelled,tier_0,stable
6,vb_V237,numeric,0.014732386592683794,2,0.0,0.0,,,unlabelled,tier_0,stable
0,vb_V240,numeric,5.064647583285149e-06,2,0.0,0.0,,,unlabelled,tier_0,stable
1,vb_V240,numeric,0.00017373493784609903,2,0.0,0.0,,,unlabelled,tier_0,stable
2,vb_V240,numeric,0.0002126660517855528,2,0.0,0.0,,,unlabelled,tier_0,stable
3,vb_V240,numeric,6.669849826265981e-08,2,0.0,0.0,,,unlabelled,tier_0,stable
4,vb_V240,numeric,8.133639567853259e-06,2,0.0,0.0,,,unlabelled,tier_0,stable
5,vb_V240,numeric,4.723916100517795e-05,2,0.0,0.0,,,unlabelled,tier_0,stable
6,vb_V240,numeric,8.832870199567201e-05,2,0.0,0.0,,,unlabelled,tier_0,stable
0,vb_V241,numeric,0.00026358700409593195,2,0.0,0.0,,,unlabelled,tier_0,stable
1,vb_V241,numeric,7.425424042125433e-06,2,0.0,0.0,,,unlabelled,tier_0,stable
2,vb_V241,numeric,2.5272797567186338e-05,2,0.0,0.0,,,unlabelled,tier_0,stable
3,vb_V241,numeric,5.723667209569733e-06,2,0.0,0.0,,,unlabelled,tier_0,stable
4,vb_V241,numeric,2.308856987475125e-05,2,0.0,0.0,,,unlabelled,tier_0,stable
5,vb_V241,numeric,0.00010638852838273656,2,0.0,0.0,,,unlabelled,tier_0,stable
6,vb_V241,numeric,0.00012867441295184428,2,0.0,0.0,,,unlabelled,tier_0,stable
0,vb_V242,numeric,0.00027275211797090726,2,0.0,0.0,,,unlabelled,tier_0,stable
1,vb_V242,numeric,3.4589508070684927e-05,2,0.0,0.0,,,unlabelled,tier_0,stable
2,vb_V242,numeric,0.0003353281252640874,2,0.0,0.0,,,unlabelled,tier_0,stable
3,vb_V242,numeric,5.549285362806032e-05,2,0.0,0.0,,,unlabelled,tier_0,stable
4,vb_V242,numeric,0.00034868756238229533,2,0.0,0.0,,,unlabelled,tier_0,stable
5,vb_V242,numeric,0.00014245179995155176,2,0.0,0.0,,,unlabelled,tier_0,stable
6,vb_V242,numeric,5.534609909188905e-05,2,0.0,0.0,,,unlabelled,tier_0,stable
0,vb_V246,numeric,0.0008403506558323744,2,0.0,0.0,,,unlabelled,tier_0,stable
1,vb_V246,numeric,5.3402425193884646e-05,2,0.0,0.0,,,unlabelled,tier_0,stable
2,vb_V246,numeric,0.00017873539518149713,2,0.0,0.0,,,unlabelled,tier_0,stable
3,vb_V246,numeric,7.243407759097786e-05,2,0.0,0.0,,,unlabelled,tier_0,stable
4,vb_V246,numeric,0.0010936959138719187,2,0.0,0.0,,,unlabelled,tier_0,stable
5,vb_V246,numeric,0.00032738743032723527,2,0.0,0.0,,,unlabelled,tier_0,stable
6,vb_V246,numeric,0.0008289523041553037,2,0.0,0.0,,,unlabelled,tier_0,stable
0,vb_V247,numeric,1.3948495457423318e-05,2,0.0,0.0,,,unlabelled,tier_0,stable
1,vb_V247,numeric,0.0014836385976642608,2,0.0,0.0,,,unlabelled,tier_0,stable
2,vb_V247,numeric,6.005853191891804e-05,2,0.0,0.0,,,unlabelled,tier_0,stable
3,vb_V247,numeric,0.0005422648034152967,2,0.0,0.0,,,unlabelled,tier_0,stable
4,vb_V247,numeric,0.00013744970249893732,2,0.0,0.0,,,unlabelled,tier_0,stable
5,vb_V247,numeric,9.783265487198878e-05,2,0.0,0.0,,,unlabelled,tier_0,stable
6,vb_V247,numeric,3.7492851624498317e-06,2,0.0,0.0,,,unlabelled,tier_0,stable
0,vb_V249,numeric,0.00014344119238312103,2,0.0,0.0,,,unlabelled,tier_0,stable
1,vb_V249,numeric,0.0008057450204734614,2,0.0,0.0,,,unlabelled,tier_0,stable
2,vb_V249,numeric,0.00013222689538130094,2,0.0,0.0,,,unlabelled,tier_0,stable
3,vb_V249,numeric,0.0007342812325131674,2,0.0,0.0,,,unlabelled,tier_0,stable
4,vb_V249,numeric,0.0005940317448783742,2,0.0,0.0,,,unlabelled,tier_0,stable
5,vb_V249,numeric,1.6103879545470223e-05,2,0.0,0.0,,,unlabelled,tier_0,stable
6,vb_V249,numeric,0.0004056830623646511,2,0.0,0.0,,,unlabelled,tier_0,stable
0,vb_V252,numeric,0.0023615260521924223,2,0.0,0.0,,,unlabelled,tier_0,stable
1,vb_V252,numeric,0.0032399451814408855,2,0.0,0.0,,,unlabelled,tier_0,stable
2,vb_V252,numeric,0.0017681091340480601,2,0.0,0.0,,,unlabelled,tier_0,stable
3,vb_V252,numeric,0.001995996595949702,2,0.0,0.0,,,unlabelled,tier_0,stable
4,vb_V252,numeric,2.342804964415629e-06,2,0.0,0.0,,,unlabelled,tier_0,stable
5,vb_V252,numeric,3.9079241741084094e-07,2,0.0,0.0,,,unlabelled,tier_0,stable
6,vb_V252,numeric,6.95303150618781e-05,2,0.0,0.0,,,unlabelled,tier_0,stable
0,vb_V257,numeric,0.00010118070186668522,2,0.0,0.0,,,unlabelled,tier_0,stable
1,vb_V257,numeric,6.347382085864044e-05,2,0.0,0.0,,,unlabelled,tier_0,stable
2,vb_V257,numeric,1.1839153187846552e-05,2,0.0,0.0,,,unlabelled,tier_0,stable
3,vb_V257,numeric,7.576712486671737e-05,2,0.0,0.0,,,unlabelled,tier_0,stable
4,vb_V257,numeric,0.00028374141765168717,2,0.0,0.0,,,unlabelled,tier_0,stable
5,vb_V257,numeric,0.00044001198005315964,2,0.0,0.0,,,unlabelled,tier_0,stable
6,vb_V257,numeric,0.001367190683622909,2,0.0,0.0,,,unlabelled,tier_0,stable
0,vb_V258,numeric,2.0765527380270536e-07,2,0.0,0.0,,,unlabelled,tier_0,stable
1,vb_V258,numeric,0.00013183364376428725,2,0.0,0.0,,,unlabelled,tier_0,stable
2,vb_V258,numeric,5.830856373456847e-05,2,0.0,0.0,,,unlabelled,tier_0,stable
3,vb_V258,numeric,0.00012335290952557372,2,0.0,0.0,,,unlabelled,tier_0,stable
4,vb_V258,numeric,0.00014466564454868882,2,0.0,0.0,,,unlabelled,tier_0,stable
5,vb_V258,numeric,0.00044125708968081477,2,0.0,0.0,,,unlabelled,tier_0,stable
6,vb_V258,numeric,0.0033025736984385657,2,0.0,0.0,,,unlabelled,tier_0,stable
0,vb_V260,numeric,0.0002232226124500939,2,0.0,0.0,,,unlabelled,tier_0,stable
1,vb_V260,numeric,0.00014213407031894615,2,0.0,0.0,,,unlabelled,tier_0,stable
2,vb_V260,numeric,5.013624855450736e-06,2,0.0,0.0,,,unlabelled,tier_0,stable
3,vb_V260,numeric,1.4006424883630376e-06,2,0.0,0.0,,,unlabelled,tier_0,stable
4,vb_V260,numeric,6.354767035274051e-05,2,0.0,0.0,,,unlabelled,tier_0,stable
5,vb_V260,numeric,9.085898838262202e-05,2,0.0,0.0,,,unlabelled,tier_0,stable
6,vb_V260,numeric,0.0005160055673708305,2,0.0,0.0,,,unlabelled,tier_0,stable
0,vb_V261,numeric,0.001407062322439619,2,0.0,0.0,,,unlabelled,tier_0,stable
1,vb_V261,numeric,0.0003110458196460362,2,0.0,0.0,,,unlabelled,tier_0,stable
2,vb_V261,numeric,0.00011355982371327783,2,0.0,0.0,,,unlabelled,tier_0,stable
3,vb_V261,numeric,0.00021282633580644547,2,0.0,0.0,,,unlabelled,tier_0,stable
4,vb_V261,numeric,0.00010438906199500565,2,0.0,0.0,,,unlabelled,tier_0,stable
5,vb_V261,numeric,0.00018968396043731115,2,0.0,0.0,,,unlabelled,tier_0,stable
6,vb_V261,numeric,0.004472890765446139,2,0.0,0.0,,,unlabelled,tier_0,stable
0,vb_V262,numeric,0.0007304175553943174,2,0.0,0.0,,,unlabelled,tier_0,stable
1,vb_V262,numeric,0.000285560832051265,2,0.0,0.0,,,unlabelled,tier_0,stable
2,vb_V262,numeric,1.7582022548302766e-06,2,0.0,0.0,,,unlabelled,tier_0,stable
3,vb_V262,numeric,8.728664111114027e-05,2,0.0,0.0,,,unlabelled,tier_0,stable
4,vb_V262,numeric,0.00011428322051382645,2,0.0,0.0,,,unlabelled,tier_0,stable
5,vb_V262,numeric,0.00011132737644172577,2,0.0,0.0,,,unlabelled,tier_0,stable
6,vb_V262,numeric,0.0022187797814543055,2,0.0,0.0,,,unlabelled,tier_0,stable
0,vb_V263,numeric,0.0008860334803197934,2,0.0,0.0,,,unlabelled,tier_0,stable
1,vb_V263,numeric,0.0021262336811499398,2,0.0,0.0,,,unlabelled,tier_0,stable
2,vb_V263,numeric,0.001030180245071335,2,0.0,0.0,,,unlabelled,tier_0,stable
3,vb_V263,numeric,5.253572755253022e-05,2,0.0,0.0,,,unlabelled,tier_0,stable
4,vb_V263,numeric,0.0009662959171683117,2,0.0,0.0,,,unlabelled,tier_0,stable
5,vb_V263,numeric,0.0027715988167591717,2,0.0,0.0,,,unlabelled,tier_0,stable
6,vb_V263,numeric,0.012672236561215598,2,0.0,0.0,,,unlabelled,tier_0,stable
0,vb_V264,numeric,0.001657851749252462,2,0.0,0.0,,,unlabelled,tier_0,stable
1,vb_V264,numeric,0.0026813933423078477,2,0.0,0.0,,,unlabelled,tier_0,stable
2,vb_V264,numeric,0.0015925122214012295,2,0.0,0.0,,,unlabelled,tier_0,stable
3,vb_V264,numeric,4.4057015514895726e-05,2,0.0,0.0,,,unlabelled,tier_0,stable
4,vb_V264,numeric,0.0015033642961556847,2,0.0,0.0,,,unlabelled,tier_0,stable
5,vb_V264,numeric,0.003453458243717648,2,0.0,0.0,,,unlabelled,tier_0,stable
6,vb_V264,numeric,0.018397463287354962,2,0.0,0.0,,,unlabelled,tier_0,stable
0,vb_V265,numeric,0.0011444364835520146,2,0.0,0.0,,,unlabelled,tier_0,stable
1,vb_V265,numeric,0.0023277807093178894,2,0.0,0.0,,,unlabelled,tier_0,stable
2,vb_V265,numeric,0.001229731176992585,2,0.0,0.0,,,unlabelled,tier_0,stable
3,vb_V265,numeric,7.903619590541387e-05,2,0.0,0.0,,,unlabelled,tier_0,stable
4,vb_V265,numeric,0.001176163355066308,2,0.0,0.0,,,unlabelled,tier_0,stable
5,vb_V265,numeric,0.003167321459916167,2,0.0,0.0,,,unlabelled,tier_0,stable
6,vb_V265,numeric,0.01607603539816857,2,0.0,0.0,,,unlabelled,tier_0,stable
0,vb_V266,numeric,0.0036252216563800043,2,0.0,0.0,,,unlabelled,tier_0,stable
1,vb_V266,numeric,0.00421989145674747,2,0.0,0.0,,,unlabelled,tier_0,stable
2,vb_V266,numeric,0.0038425256139956797,2,0.0,0.0,,,unlabelled,tier_0,stable
3,vb_V266,numeric,0.0008450078410404817,2,0.0,0.0,,,unlabelled,tier_0,stable
4,vb_V266,numeric,0.0007806005651552329,2,0.0,0.0,,,unlabelled,tier_0,stable
5,vb_V266,numeric,0.0008332828684753639,2,0.0,0.0,,,unlabelled,tier_0,stable
6,vb_V266,numeric,0.0037685027908573813,2,0.0,0.0,,,unlabelled,tier_0,stable
0,vb_V268,numeric,0.003885461428773746,2,0.0,0.0,,,unlabelled,tier_0,stable
1,vb_V268,numeric,0.004453286734327952,2,0.0,0.0,,,unlabelled,tier_0,stable
2,vb_V268,numeric,0.004050061126931091,2,0.0,0.0,,,unlabelled,tier_0,stable
3,vb_V268,numeric,0.0010672148178008164,2,0.0,0.0,,,unlabelled,tier_0,stable
4,vb_V268,numeric,0.0015850576634082122,2,0.0,0.0,,,unlabelled,tier_0,stable
5,vb_V268,numeric,0.0011339869463785515,2,0.0,0.0,,,unlabelled,tier_0,stable
6,vb_V268,numeric,0.0073234380822899256,2,0.0,0.0,,,unlabelled,tier_0,stable
0,vb_V273,numeric,5.682752998002171e-05,2,0.0,0.0,,,unlabelled,tier_0,stable
1,vb_V273,numeric,0.00010347762801150005,2,0.0,0.0,,,unlabelled,tier_0,stable
2,vb_V273,numeric,2.5802082151571375e-06,2,0.0,0.0,,,unlabelled,tier_0,stable
3,vb_V273,numeric,0.0006406166815841747,2,0.0,0.0,,,unlabelled,tier_0,stable
4,vb_V273,numeric,0.0016252737102760751,2,0.0,0.0,,,unlabelled,tier_0,stable
5,vb_V273,numeric,0.0002625616851819113,2,0.0,0.0,,,unlabelled,tier_0,stable
6,vb_V273,numeric,0.00013832452739371908,2,0.0,0.0,,,unlabelled,tier_0,stable
0,vb_V275,numeric,2.24688460007554e-05,2,0.0,0.0,,,unlabelled,tier_0,stable
1,vb_V275,numeric,0.00011703641093337146,2,0.0,0.0,,,unlabelled,tier_0,stable
2,vb_V275,numeric,1.4229957039739055e-06,2,0.0,0.0,,,unlabelled,tier_0,stable
3,vb_V275,numeric,0.0005364598193837623,2,0.0,0.0,,,unlabelled,tier_0,stable
4,vb_V275,numeric,0.0016395930263896144,2,0.0,0.0,,,unlabelled,tier_0,stable
5,vb_V275,numeric,0.00029563196346633436,2,0.0,0.0,,,unlabelled,tier_0,stable
6,vb_V275,numeric,0.00011966169609854235,2,0.0,0.0,,,unlabelled,tier_0,stable
0,vb_V276,numeric,0.001639828310396613,2,0.0,0.0,,,unlabelled,tier_0,stable
1,vb_V276,numeric,0.0018265171988117357,2,0.0,0.0,,,unlabelled,tier_0,stable
2,vb_V276,numeric,0.000846220530077456,2,0.0,0.0,,,unlabelled,tier_0,stable
3,vb_V276,numeric,0.0006018927981053715,2,0.0,0.0,,,unlabelled,tier_0,stable
4,vb_V276,numeric,0.00013430661702011705,2,0.0,0.0,,,unlabelled,tier_0,stable
5,vb_V276,numeric,0.0025390397344134752,2,0.0,0.0,,,unlabelled,tier_0,stable
6,vb_V276,numeric,0.014620238801273971,2,0.0,0.0,,,unlabelled,tier_0,stable
0,vb_V277,numeric,0.0019780287906078086,2,0.0,0.0,,,unlabelled,tier_0,stable
1,vb_V277,numeric,0.0014961968078997662,2,0.0,0.0,,,unlabelled,tier_0,stable
2,vb_V277,numeric,0.0006895074141268076,2,0.0,0.0,,,unlabelled,tier_0,stable
3,vb_V277,numeric,0.0002922908584473676,2,0.0,0.0,,,unlabelled,tier_0,stable
4,vb_V277,numeric,6.201716935958504e-05,2,0.0,0.0,,,unlabelled,tier_0,stable
5,vb_V277,numeric,0.0028003156237029108,2,0.0,0.0,,,unlabelled,tier_0,stable
6,vb_V277,numeric,0.0145282602466659,2,0.0,0.0,,,unlabelled,tier_0,stable
0,vb_V220,numeric,0.0034422893295784664,2,0.0,0.0,,,unlabelled,tier_0,stable
1,vb_V220,numeric,0.0036140341669116567,2,0.0,0.0,,,unlabelled,tier_0,stable
2,vb_V220,numeric,0.0026359553579939224,2,0.0,0.0,,,unlabelled,tier_0,stable
3,vb_V220,numeric,0.0004413554474852777,2,0.0,0.0,,,unlabelled,tier_0,stable
4,vb_V220,numeric,0.0008455213031746808,2,0.0,0.0,,,unlabelled,tier_0,stable
5,vb_V220,numeric,0.000861331638389247,2,0.0,0.0,,,unlabelled,tier_0,stable
6,vb_V220,numeric,0.0025842570880072455,2,0.0,0.0,,,unlabelled,tier_0,stable
0,vb_V221,numeric,0.0028483673215864767,2,0.0,0.0,,,unlabelled,tier_0,stable
1,vb_V221,numeric,0.0032799572580001096,2,0.0,0.0,,,unlabelled,tier_0,stable
2,vb_V221,numeric,0.0019886488320687706,2,0.0,0.0,,,unlabelled,tier_0,stable
3,vb_V221,numeric,0.00010990777171275306,2,0.0,0.0,,,unlabelled,tier_0,stable
4,vb_V221,numeric,2.673659538895105e-06,2,0.0,0.0,,,unlabelled,tier_0,stable
5,vb_V221,numeric,0.0018455354606405655,2,0.0,0.0,,,unlabelled,tier_0,stable
6,vb_V221,numeric,0.00903616731217919,2,0.0,0.0,,,unlabelled,tier_0,stable
0,vb_V227,numeric,0.005222530952696919,2,0.0,0.0,,,unlabelled,tier_0,stable
1,vb_V227,numeric,0.005214773295335073,2,0.0,0.0,,,unlabelled,tier_0,stable
2,vb_V227,numeric,0.004548353534688166,2,0.0,0.0,,,unlabelled,tier_0,stable
3,vb_V227,numeric,0.0002873215617178649,2,0.0,0.0,,,unlabelled,tier_0,stable
4,vb_V227,numeric,0.0011780215908141097,2,0.0,0.0,,,unlabelled,tier_0,stable
5,vb_V227,numeric,0.0007866430285011531,2,0.0,0.0,,,unlabelled,tier_0,stable
6,vb_V227,numeric,0.0049298361963057615,2,0.0,0.0,,,unlabelled,tier_0,stable
0,vb_V234,numeric,0.0019736718531679787,2,0.0,0.0,,,unlabelled,tier_0,stable
1,vb_V234,numeric,0.001594178667185161,2,0.0,0.0,,,unlabelled,tier_0,stable
2,vb_V234,numeric,0.001809878108203309,2,0.0,0.0,,,unlabelled,tier_0,stable
3,vb_V234,numeric,0.005015634099566803,2,0.0,0.0,,,unlabelled,tier_0,stable
4,vb_V234,numeric,2.9621332128416186e-05,2,0.0,0.0,,,unlabelled,tier_0,stable
5,vb_V234,numeric,0.0023619602996018075,2,0.0,0.0,,,unlabelled,tier_0,stable
6,vb_V234,numeric,0.02796633789399037,2,0.0,0.0,,,unlabelled,tier_0,stable
0,vb_V238,numeric,0.003584466355348651,2,0.0,0.0,,,unlabelled,tier_0,stable
1,vb_V238,numeric,0.0025555419985285404,2,0.0,0.0,,,unlabelled,tier_0,stable
2,vb_V238,numeric,0.000763109929085924,2,0.0,0.0,,,unlabelled,tier_0,stable
3,vb_V238,numeric,0.0007415179500830013,2,0.0,0.0,,,unlabelled,tier_0,stable
4,vb_V238,numeric,0.00015356821808424056,2,0.0,0.0,,,unlabelled,tier_0,stable
5,vb_V238,numeric,0.0013669183556046217,2,0.0,0.0,,,unlabelled,tier_0,stable
6,vb_V238,numeric,0.010145061783324827,2,0.0,0.0,,,unlabelled,tier_0,stable
0,vb_V250,numeric,6.983888090775006e-05,2,0.0,0.0,,,unlabelled,tier_0,stable
1,vb_V250,numeric,3.154027339200148e-05,2,0.0,0.0,,,unlabelled,tier_0,stable
2,vb_V250,numeric,2.9429840148232894e-05,2,0.0,0.0,,,unlabelled,tier_0,stable
3,vb_V250,numeric,0.000459872029220397,2,0.0,0.0,,,unlabelled,tier_0,stable
4,vb_V250,numeric,0.0008446471340312462,2,0.0,0.0,,,unlabelled,tier_0,stable
5,vb_V250,numeric,0.00021124664376134475,2,0.0,0.0,,,unlabelled,tier_0,stable
6,vb_V250,numeric,2.7251735483853264e-05,2,0.0,0.0,,,unlabelled,tier_0,stable
0,vb_V255,numeric,0.0014892968930148459,2,0.0,0.0,,,unlabelled,tier_0,stable
1,vb_V255,numeric,0.002633066309076685,2,0.0,0.0,,,unlabelled,tier_0,stable
2,vb_V255,numeric,0.0020923482598820408,2,0.0,0.0,,,unlabelled,tier_0,stable
3,vb_V255,numeric,0.001263526923698876,2,0.0,0.0,,,unlabelled,tier_0,stable
4,vb_V255,numeric,0.0017612797287881797,2,0.0,0.0,,,unlabelled,tier_0,stable
5,vb_V255,numeric,8.830141841034523e-06,2,0.0,0.0,,,unlabelled,tier_0,stable
6,vb_V255,numeric,5.683134192727897e-05,2,0.0,0.0,,,unlabelled,tier_0,stable
0,vb_V270,numeric,0.005000572376199399,2,0.0,0.0,,,unlabelled,tier_0,stable
1,vb_V270,numeric,0.005445713911849215,2,0.0,0.0,,,unlabelled,tier_0,stable
2,vb_V270,numeric,0.004267065154186472,2,0.0,0.0,,,unlabelled,tier_0,stable
3,vb_V270,numeric,0.0002961125867075651,2,0.0,0.0,,,unlabelled,tier_0,stable
4,vb_V270,numeric,0.001181844975028011,2,0.0,0.0,,,unlabelled,tier_0,stable
5,vb_V270,numeric,0.000781655901808921,2,0.0,0.0,,,unlabelled,tier_0,stable
6,vb_V270,numeric,0.004888282784183821,2,0.0,0.0,,,unlabelled,tier_0,stable
0,vb_V279,numeric,0.002561746066824685,3,0.0,0.0,,,unlabelled,tier_0,stable
1,vb_V279,numeric,0.0007810532775659746,3,0.0,0.0,,,unlabelled,tier_0,stable
2,vb_V279,numeric,0.0009807042482009153,3,0.0,0.0,,,unlabelled,tier_0,stable
3,vb_V279,numeric,0.002721202648645669,3,0.0,0.0,,,unlabelled,tier_0,stable
4,vb_V279,numeric,0.0016467219118611047,3,0.0,0.0,,,unlabelled,tier_0,stable
5,vb_V279,numeric,0.0004668802135927748,3,0.0,0.0,,,unlabelled,tier_0,stable
6,vb_V279,numeric,0.00020535300013335218,3,0.0,0.0,,,unlabelled,tier_0,stable
0,vb_V280,numeric,0.009957631967515645,4,0.0,0.0,,,unlabelled,tier_0,stable
1,vb_V280,numeric,0.006057970999432861,4,0.0,0.0,,,unlabelled,tier_0,stable
2,vb_V280,numeric,0.007121752381412932,4,0.0,0.0,,,unlabelled,tier_0,stable
3,vb_V280,numeric,0.008402209735628139,4,0.0,0.0,,,unlabelled,tier_0,stable
4,vb_V280,numeric,0.005943459229595052,4,0.0,0.0,,,unlabelled,tier_0,stable
5,vb_V280,numeric,0.0010200289817229543,4,0.0,0.0,,,unlabelled,tier_0,stable
6,vb_V280,numeric,0.0049081717943620295,4,0.0,0.0,,,unlabelled,tier_0,stable
0,vb_V284,numeric,9.82382970103704e-06,2,0.0,0.0,,,unlabelled,tier_0,stable
1,vb_V284,numeric,1.3012344455765913e-05,2,0.0,0.0,,,unlabelled,tier_0,stable
2,vb_V284,numeric,1.7047559963186488e-05,2,0.0,0.0,,,unlabelled,tier_0,stable
3,vb_V284,numeric,0.00044736101510838987,2,0.0,0.0,,,unlabelled,tier_0,stable
4,vb_V284,numeric,0.001309641448470106,2,0.0,0.0,,,unlabelled,tier_0,stable
5,vb_V284,numeric,0.00013202634623522488,2,0.0,0.0,,,unlabelled,tier_0,stable
6,vb_V284,numeric,0.0004971257558411551,2,0.0,0.0,,,unlabelled,tier_0,stable
0,vb_V285,numeric,0.01397988546587433,5,0.0,0.0,,,unlabelled,tier_0,stable
1,vb_V285,numeric,0.012893698699358521,5,0.0,0.0,,,unlabelled,tier_0,stable
2,vb_V285,numeric,0.015680562101941083,5,0.0,0.0,,,unlabelled,tier_0,stable
3,vb_V285,numeric,0.014000875447063913,5,0.0,0.0,,,unlabelled,tier_0,stable
4,vb_V285,numeric,0.011818972380518992,5,0.0,0.0,,,unlabelled,tier_0,stable
5,vb_V285,numeric,0.00022618480202680075,5,0.0,0.0,,,unlabelled,tier_0,stable
6,vb_V285,numeric,0.033218368993046234,5,0.0,0.0,,,unlabelled,tier_0,stable
0,vb_V286,numeric,0.0008818310687281324,2,0.0,0.0,,,unlabelled,tier_0,stable
1,vb_V286,numeric,0.0018719873524197224,2,0.0,0.0,,,unlabelled,tier_0,stable
2,vb_V286,numeric,0.0018424715568999567,2,0.0,0.0,,,unlabelled,tier_0,stable
3,vb_V286,numeric,5.205079781041486e-05,2,0.0,0.0,,,unlabelled,tier_0,stable
4,vb_V286,numeric,0.0006546108159840859,2,0.0,0.0,,,unlabelled,tier_0,stable
5,vb_V286,numeric,1.9271824097317702e-05,2,0.0,0.0,,,unlabelled,tier_0,stable
6,vb_V286,numeric,0.00022711848506962585,2,0.0,0.0,,,unlabelled,tier_0,stable
0,vb_V287,numeric,0.004107670485066666,3,0.0,0.0,,,unlabelled,tier_0,stable
1,vb_V287,numeric,0.004873723128804157,3,0.0,0.0,,,unlabelled,tier_0,stable
2,vb_V287,numeric,0.005025786935267446,3,0.0,0.0,,,unlabelled,tier_0,stable
3,vb_V287,numeric,0.006346645413643739,3,0.0,0.0,,,unlabelled,tier_0,stable
4,vb_V287,numeric,0.006093775430281513,3,0.0,0.0,,,unlabelled,tier_0,stable
5,vb_V287,numeric,0.0008068426926324662,3,0.0,0.0,,,unlabelled,tier_0,stable
6,vb_V287,numeric,0.007441086212031144,3,0.0,0.0,,,unlabelled,tier_0,stable
0,vb_V290,numeric,0.00258648426643704,2,0.0,0.0,,,unlabelled,tier_0,stable
1,vb_V290,numeric,0.001000694754831832,2,0.0,0.0,,,unlabelled,tier_0,stable
2,vb_V290,numeric,0.0007100185594912469,2,0.0,0.0,,,unlabelled,tier_0,stable
3,vb_V290,numeric,0.006449337334801259,2,0.0,0.0,,,unlabelled,tier_0,stable
4,vb_V290,numeric,0.004897760253306955,2,0.0,0.0,,,unlabelled,tier_0,stable
5,vb_V290,numeric,0.0028055451764013154,2,0.0,0.0,,,unlabelled,tier_0,stable
6,vb_V290,numeric,0.0025783767964535627,2,0.0,0.0,,,unlabelled,tier_0,stable
0,vb_V291,numeric,0.0017262244025162687,3,0.0,0.0,,,unlabelled,tier_0,stable
1,vb_V291,numeric,0.0004921902032470552,3,0.0,0.0,,,unlabelled,tier_0,stable
2,vb_V291,numeric,0.00018653883886657956,3,0.0,0.0,,,unlabelled,tier_0,stable
3,vb_V291,numeric,0.005297240945978969,3,0.0,0.0,,,unlabelled,tier_0,stable
4,vb_V291,numeric,0.006611524733370203,3,0.0,0.0,,,unlabelled,tier_0,stable
5,vb_V291,numeric,0.00513705532287846,3,0.0,0.0,,,unlabelled,tier_0,stable
6,vb_V291,numeric,0.011404680474366586,3,0.0,0.0,,,unlabelled,tier_0,stable
0,vb_V293,numeric,0.00012911357875065716,2,0.0,0.0,,,unlabelled,tier_0,stable
1,vb_V293,numeric,0.001122994371078846,2,0.0,0.0,,,unlabelled,tier_0,stable
2,vb_V293,numeric,0.0008153985219749617,2,0.0,0.0,,,unlabelled,tier_0,stable
3,vb_V293,numeric,8.983325033147802e-05,2,0.0,0.0,,,unlabelled,tier_0,stable
4,vb_V293,numeric,0.00015199237839085429,2,0.0,0.0,,,unlabelled,tier_0,stable
5,vb_V293,numeric,0.0013960045125363438,2,0.0,0.0,,,unlabelled,tier_0,stable
6,vb_V293,numeric,0.009395920010103599,2,0.0,0.0,,,unlabelled,tier_0,stable
0,vb_V297,numeric,0.003968976264389043,2,0.0,0.0,,,unlabelled,tier_0,stable
1,vb_V297,numeric,0.003622375265113079,2,0.0,0.0,,,unlabelled,tier_0,stable
2,vb_V297,numeric,0.0030092585389117216,2,0.0,0.0,,,unlabelled,tier_0,stable
3,vb_V297,numeric,0.003178790713698087,2,0.0,0.0,,,unlabelled,tier_0,stable
4,vb_V297,numeric,0.00267404002181263,2,0.0,0.0,,,unlabelled,tier_0,stable
5,vb_V297,numeric,0.004265545511506034,2,0.0,0.0,,,unlabelled,tier_0,stable
6,vb_V297,numeric,0.005621996542463574,2,0.0,0.0,,,unlabelled,tier_0,stable
0,vb_V298,numeric,0.01043768302983979,2,0.0,0.0,,,unlabelled,tier_0,stable
1,vb_V298,numeric,0.006937408380901138,2,0.0,0.0,,,unlabelled,tier_0,stable
2,vb_V298,numeric,0.007897903706215556,2,0.0,0.0,,,unlabelled,tier_0,stable
3,vb_V298,numeric,0.006647631022008306,2,0.0,0.0,,,unlabelled,tier_0,stable
4,vb_V298,numeric,0.006087881875335625,2,0.0,0.0,,,unlabelled,tier_0,stable
5,vb_V298,numeric,0.006881653895437842,2,0.0,0.0,,,unlabelled,tier_0,stable
6,vb_V298,numeric,0.0024480874322246743,2,0.0,0.0,,,unlabelled,tier_0,stable
0,vb_V299,numeric,0.004920156225266432,2,0.0,0.0,,,unlabelled,tier_0,stable
1,vb_V299,numeric,0.004439569872810299,2,0.0,0.0,,,unlabelled,tier_0,stable
2,vb_V299,numeric,0.0036824710926480937,2,0.0,0.0,,,unlabelled,tier_0,stable
3,vb_V299,numeric,0.003766032223322836,2,0.0,0.0,,,unlabelled,tier_0,stable
4,vb_V299,numeric,0.0033966274772369923,2,0.0,0.0,,,unlabelled,tier_0,stable
5,vb_V299,numeric,0.004811361869051936,2,0.0,0.0,,,unlabelled,tier_0,stable
6,vb_V299,numeric,0.0038008556861527432,2,0.0,0.0,,,unlabelled,tier_0,stable
0,vb_V302,numeric,0.06515394591751619,3,0.0,0.0,,,unlabelled,tier_0,stable
1,vb_V302,numeric,0.0605291539226605,3,0.0,0.0,,,unlabelled,tier_0,stable
2,vb_V302,numeric,0.06950492427069827,3,0.0,0.0,,,unlabelled,tier_0,stable
3,vb_V302,numeric,0.01817997594051221,3,0.0,0.0,,,unlabelled,tier_0,stable
4,vb_V302,numeric,0.005233638567213908,3,0.0,0.0,,,unlabelled,tier_0,stable
5,vb_V302,numeric,0.019269750815560035,3,0.0,0.0,,,unlabelled,tier_0,stable
6,vb_V302,numeric,0.26682400799235534,3,0.0,0.0,,,unlabelled,tier_0,significant
0,vb_V305,numeric,2.2324690417690634e-05,2,0.0,0.0,,,unlabelled,tier_0,stable
1,vb_V305,numeric,2.2324690417690634e-05,2,0.0,0.0,,,unlabelled,tier_0,stable
2,vb_V305,numeric,2.2324690417690634e-05,2,0.0,0.0,,,unlabelled,tier_0,stable
3,vb_V305,numeric,2.2324690417690634e-05,2,0.0,0.0,,,unlabelled,tier_0,stable
4,vb_V305,numeric,1.2542983318362021e-06,2,0.0,0.0,,,unlabelled,tier_0,stable
5,vb_V305,numeric,2.2324690417690634e-05,2,0.0,0.0,,,unlabelled,tier_0,stable
6,vb_V305,numeric,2.2324690417690634e-05,2,0.0,0.0,,,unlabelled,tier_0,stable
0,vb_V306,numeric,0.0025663011283716943,3,0.0,0.0,,,unlabelled,tier_0,stable
1,vb_V306,numeric,0.0006079742405129139,3,0.0,0.0,,,unlabelled,tier_0,stable
2,vb_V306,numeric,0.0006934243960058876,3,0.0,0.0,,,unlabelled,tier_0,stable
3,vb_V306,numeric,0.00431006059667316,3,0.0,0.0,,,unlabelled,tier_0,stable
4,vb_V306,numeric,0.0032135209664985636,3,0.0,0.0,,,unlabelled,tier_0,stable
5,vb_V306,numeric,0.00046860012935655347,3,0.0,0.0,,,unlabelled,tier_0,stable
6,vb_V306,numeric,0.00048420841784837897,3,0.0,0.0,,,unlabelled,tier_0,stable
0,vb_V307,numeric,0.023551348064777117,6,0.0,0.0,,,unlabelled,tier_0,stable
1,vb_V307,numeric,0.016419418425524038,6,0.0,0.0,,,unlabelled,tier_0,stable
2,vb_V307,numeric,0.019822558545507966,6,0.0,0.0,,,unlabelled,tier_0,stable
3,vb_V307,numeric,0.01909987325265567,6,0.0,0.0,,,unlabelled,tier_0,stable
4,vb_V307,numeric,0.015173257780249716,6,0.0,0.0,,,unlabelled,tier_0,stable
5,vb_V307,numeric,0.0037909005945371797,6,0.0,0.0,,,unlabelled,tier_0,stable
6,vb_V307,numeric,0.029439395370559857,6,0.0,0.0,,,unlabelled,tier_0,stable
0,vb_V308,numeric,0.009934042272672677,4,0.0,0.0,,,unlabelled,tier_0,stable
1,vb_V308,numeric,0.005961160354644942,4,0.0,0.0,,,unlabelled,tier_0,stable
2,vb_V308,numeric,0.006819927412117478,4,0.0,0.0,,,unlabelled,tier_0,stable
3,vb_V308,numeric,0.009041047539804399,4,0.0,0.0,,,unlabelled,tier_0,stable
4,vb_V308,numeric,0.006973733785067223,4,0.0,0.0,,,unlabelled,tier_0,stable
5,vb_V308,numeric,0.0017732210339222528,4,0.0,0.0,,,unlabelled,tier_0,stable
6,vb_V308,numeric,0.004929942282595247,4,0.0,0.0,,,unlabelled,tier_0,stable
0,vb_V309,numeric,9.82382970103704e-06,2,0.0,0.0,,,unlabelled,tier_0,stable
1,vb_V309,numeric,1.3012344455765913e-05,2,0.0,0.0,,,unlabelled,tier_0,stable
2,vb_V309,numeric,1.7047559963186488e-05,2,0.0,0.0,,,unlabelled,tier_0,stable
3,vb_V309,numeric,0.00044736101510838987,2,0.0,0.0,,,unlabelled,tier_0,stable
4,vb_V309,numeric,0.001309641448470106,2,0.0,0.0,,,unlabelled,tier_0,stable
5,vb_V309,numeric,0.00013202634623522488,2,0.0,0.0,,,unlabelled,tier_0,stable
6,vb_V309,numeric,0.0004971257558411551,2,0.0,0.0,,,unlabelled,tier_0,stable
0,vb_V310,numeric,0.014675857181021542,5,0.0,0.0,,,unlabelled,tier_0,stable
1,vb_V310,numeric,0.013598105729786158,5,0.0,0.0,,,unlabelled,tier_0,stable
2,vb_V310,numeric,0.016835450274008474,5,0.0,0.0,,,unlabelled,tier_0,stable
3,vb_V310,numeric,0.016598701422242495,5,0.0,0.0,,,unlabelled,tier_0,stable
4,vb_V310,numeric,0.01491331144093195,5,0.0,0.0,,,unlabelled,tier_0,stable
5,vb_V310,numeric,0.0019173354941920684,5,0.0,0.0,,,unlabelled,tier_0,stable
6,vb_V310,numeric,0.03472614707421952,5,0.0,0.0,,,unlabelled,tier_0,stable
0,vb_V312,numeric,0.004210828405204488,3,0.0,0.0,,,unlabelled,tier_0,stable
1,vb_V312,numeric,0.005130801336671169,3,0.0,0.0,,,unlabelled,tier_0,stable
2,vb_V312,numeric,0.005203111527870262,3,0.0,0.0,,,unlabelled,tier_0,stable
3,vb_V312,numeric,0.006423237962220931,3,0.0,0.0,,,unlabelled,tier_0,stable
4,vb_V312,numeric,0.006000817406689096,3,0.0,0.0,,,unlabelled,tier_0,stable
5,vb_V312,numeric,0.0004583875415840106,3,0.0,0.0,,,unlabelled,tier_0,stable
6,vb_V312,numeric,0.007507266340349074,3,0.0,0.0,,,unlabelled,tier_0,stable
0,vb_V316,numeric,0.00012911357875065716,2,0.0,0.0,,,unlabelled,tier_0,stable
1,vb_V316,numeric,0.001122994371078846,2,0.0,0.0,,,unlabelled,tier_0,stable
2,vb_V316,numeric,0.0008153985219749617,2,0.0,0.0,,,unlabelled,tier_0,stable
3,vb_V316,numeric,8.983325033147802e-05,2,0.0,0.0,,,unlabelled,tier_0,stable
4,vb_V316,numeric,0.00015199237839085429,2,0.0,0.0,,,unlabelled,tier_0,stable
5,vb_V316,numeric,0.0013960045125363438,2,0.0,0.0,,,unlabelled,tier_0,stable
6,vb_V316,numeric,0.009395920010103599,2,0.0,0.0,,,unlabelled,tier_0,stable
0,vb_V318,numeric,0.00010946588104853949,2,0.0,0.0,,,unlabelled,tier_0,stable
1,vb_V318,numeric,0.0014825536216212963,2,0.0,0.0,,,unlabelled,tier_0,stable
2,vb_V318,numeric,0.0017403442225979125,2,0.0,0.0,,,unlabelled,tier_0,stable
3,vb_V318,numeric,4.045503468567581e-05,2,0.0,0.0,,,unlabelled,tier_0,stable
4,vb_V318,numeric,0.0007760517530346405,2,0.0,0.0,,,unlabelled,tier_0,stable
5,vb_V318,numeric,0.0023281089741914148,2,0.0,0.0,,,unlabelled,tier_0,stable
6,vb_V318,numeric,0.01554859060093203,2,0.0,0.0,,,unlabelled,tier_0,stable
0,vb_V319,numeric,0.003968976264389043,2,0.0,0.0,,,unlabelled,tier_0,stable
1,vb_V319,numeric,0.003622375265113079,2,0.0,0.0,,,unlabelled,tier_0,stable
2,vb_V319,numeric,0.0030092585389117216,2,0.0,0.0,,,unlabelled,tier_0,stable
3,vb_V319,numeric,0.003178790713698087,2,0.0,0.0,,,unlabelled,tier_0,stable
4,vb_V319,numeric,0.00267404002181263,2,0.0,0.0,,,unlabelled,tier_0,stable
5,vb_V319,numeric,0.004265545511506034,2,0.0,0.0,,,unlabelled,tier_0,stable
6,vb_V319,numeric,0.005621996542463574,2,0.0,0.0,,,unlabelled,tier_0,stable
0,vb_V281,numeric,0.00015505627859358702,2,0.0,0.0,,,unlabelled,tier_0,stable
1,vb_V281,numeric,0.0005956383738482729,2,0.0,0.0,,,unlabelled,tier_0,stable
2,vb_V281,numeric,0.0011848905706515003,2,0.0,0.0,,,unlabelled,tier_0,stable
3,vb_V281,numeric,7.044670595151523e-05,2,0.0,0.0,,,unlabelled,tier_0,stable
4,vb_V281,numeric,0.0006357279625009327,2,0.0,0.0,,,unlabelled,tier_0,stable
5,vb_V281,numeric,0.0001809010566679038,2,0.0,0.0,,,unlabelled,tier_0,stable
6,vb_V281,numeric,1.577340702298468e-05,2,0.0,0.0,,,unlabelled,tier_0,stable
0,vb_V282,numeric,0.0272209692097319,4,0.0,0.0,,,unlabelled,tier_0,stable
1,vb_V282,numeric,0.02499622271492495,4,0.0,0.0,,,unlabelled,tier_0,stable
2,vb_V282,numeric,0.023209937240360284,4,0.0,0.0,,,unlabelled,tier_0,stable
3,vb_V282,numeric,0.017095535585109033,4,0.0,0.0,,,unlabelled,tier_0,stable
4,vb_V282,numeric,0.010403760451684235,4,0.0,0.0,,,unlabelled,tier_0,stable
5,vb_V282,numeric,0.0004608894170052835,4,0.0,0.0,,,unlabelled,tier_0,stable
6,vb_V282,numeric,0.0296678452062261,4,0.0,0.0,,,unlabelled,tier_0,stable
0,vb_V283,numeric,0.03163184332474245,4,0.0,0.0,,,unlabelled,tier_0,stable
1,vb_V283,numeric,0.028818857533670233,4,0.0,0.0,,,unlabelled,tier_0,stable
2,vb_V283,numeric,0.028565429502286726,4,0.0,0.0,,,unlabelled,tier_0,stable
3,vb_V283,numeric,0.02405440598867612,4,0.0,0.0,,,unlabelled,tier_0,stable
4,vb_V283,numeric,0.014448195703026011,4,0.0,0.0,,,unlabelled,tier_0,stable
5,vb_V283,numeric,0.0012605036254945778,4,0.0,0.0,,,unlabelled,tier_0,stable
6,vb_V283,numeric,0.03297218053975587,4,0.0,0.0,,,unlabelled,tier_0,stable
0,vb_V288,numeric,0.0017347749760530775,3,0.0,0.0,,,unlabelled,tier_0,stable
1,vb_V288,numeric,0.0010355522576294901,3,0.0,0.0,,,unlabelled,tier_0,stable
2,vb_V288,numeric,0.0019818171482883047,3,0.0,0.0,,,unlabelled,tier_0,stable
3,vb_V288,numeric,0.0035753562933069907,3,0.0,0.0,,,unlabelled,tier_0,stable
4,vb_V288,numeric,0.005773722387326612,3,0.0,0.0,,,unlabelled,tier_0,stable
5,vb_V288,numeric,0.0022328196924576026,3,0.0,0.0,,,unlabelled,tier_0,stable
6,vb_V288,numeric,0.005027530961479317,3,0.0,0.0,,,unlabelled,tier_0,stable
0,vb_V289,numeric,0.001266773485554622,3,0.0,0.0,,,unlabelled,tier_0,stable
1,vb_V289,numeric,0.000864683003288537,3,0.0,0.0,,,unlabelled,tier_0,stable
2,vb_V289,numeric,0.0018394382047375965,3,0.0,0.0,,,unlabelled,tier_0,stable
3,vb_V289,numeric,0.003782410173492349,3,0.0,0.0,,,unlabelled,tier_0,stable
4,vb_V289,numeric,0.004609996153275472,3,0.0,0.0,,,unlabelled,tier_0,stable
5,vb_V289,numeric,0.0007019568930136284,3,0.0,0.0,,,unlabelled,tier_0,stable
6,vb_V289,numeric,0.004648947824553981,3,0.0,0.0,,,unlabelled,tier_0,stable
0,vb_V296,numeric,0.013225125119334321,2,0.0,0.0,,,unlabelled,tier_0,stable
1,vb_V296,numeric,0.009099842074553716,2,0.0,0.0,,,unlabelled,tier_0,stable
2,vb_V296,numeric,0.008859488567877398,2,0.0,0.0,,,unlabelled,tier_0,stable
3,vb_V296,numeric,0.008753253512153829,2,0.0,0.0,,,unlabelled,tier_0,stable
4,vb_V296,numeric,0.007271961200456807,2,0.0,0.0,,,unlabelled,tier_0,stable
5,vb_V296,numeric,0.007452431854877257,2,0.0,0.0,,,unlabelled,tier_0,stable
6,vb_V296,numeric,0.001592230765907413,2,0.0,0.0,,,unlabelled,tier_0,stable
0,vb_V300,numeric,0.0003024282072296339,2,0.0,0.0,,,unlabelled,tier_0,stable
1,vb_V300,numeric,6.106402084053687e-05,2,0.0,0.0,,,unlabelled,tier_0,stable
2,vb_V300,numeric,0.00046593458319210305,2,0.0,0.0,,,unlabelled,tier_0,stable
3,vb_V300,numeric,0.000917699033647994,2,0.0,0.0,,,unlabelled,tier_0,stable
4,vb_V300,numeric,0.0008327494267651628,2,0.0,0.0,,,unlabelled,tier_0,stable
5,vb_V300,numeric,0.0022629290778083035,2,0.0,0.0,,,unlabelled,tier_0,stable
6,vb_V300,numeric,0.00373863510833736,2,0.0,0.0,,,unlabelled,tier_0,stable
0,vb_V313,numeric,0.0020592985135611244,3,0.0,0.0,,,unlabelled,tier_0,stable
1,vb_V313,numeric,0.0016418280018720434,3,0.0,0.0,,,unlabelled,tier_0,stable
2,vb_V313,numeric,0.002842087708442179,3,0.0,0.0,,,unlabelled,tier_0,stable
3,vb_V313,numeric,0.0048761541159902,3,0.0,0.0,,,unlabelled,tier_0,stable
4,vb_V313,numeric,0.0070545146646637455,3,0.0,0.0,,,unlabelled,tier_0,stable
5,vb_V313,numeric,0.00034554219397747363,3,0.0,0.0,,,unlabelled,tier_0,stable
6,vb_V313,numeric,0.004511814124990415,3,0.0,0.0,,,unlabelled,tier_0,stable
0,vb_V314,numeric,0.001885972872312054,3,0.0,0.0,,,unlabelled,tier_0,stable
1,vb_V314,numeric,0.0021917277430992445,3,0.0,0.0,,,unlabelled,tier_0,stable
2,vb_V314,numeric,0.0027104628613132497,3,0.0,0.0,,,unlabelled,tier_0,stable
3,vb_V314,numeric,0.004454646943962396,3,0.0,0.0,,,unlabelled,tier_0,stable
4,vb_V314,numeric,0.0057608035028115494,3,0.0,0.0,,,unlabelled,tier_0,stable
5,vb_V314,numeric,7.217116480803362e-05,3,0.0,0.0,,,unlabelled,tier_0,stable
6,vb_V314,numeric,0.008284479397560026,3,0.0,0.0,,,unlabelled,tier_0,stable
0,vb_V322,numeric,0.004670536352341944,2,0.0,0.0,,,unlabelled,tier_0,stable
1,vb_V322,numeric,0.004010150276319985,2,0.0,0.0,,,unlabelled,tier_0,stable
2,vb_V322,numeric,0.0034263323939513757,2,0.0,0.0,,,unlabelled,tier_0,stable
3,vb_V322,numeric,0.003584003950136807,2,0.0,0.0,,,unlabelled,tier_0,stable
4,vb_V322,numeric,0.003501184238013556,2,0.0,0.0,,,unlabelled,tier_0,stable
5,vb_V322,numeric,0.00029959564314983097,2,0.0,0.0,,,unlabelled,tier_0,stable
6,vb_V322,numeric,0.007091231940951996,2,0.0,0.0,,,unlabelled,tier_0,stable
0,vb_V323,numeric,0.0037589738014806116,2,0.0,0.0,,,unlabelled,tier_0,stable
1,vb_V323,numeric,0.0029457953098550953,2,0.0,0.0,,,unlabelled,tier_0,stable
2,vb_V323,numeric,0.003032107436025305,2,0.0,0.0,,,unlabelled,tier_0,stable
3,vb_V323,numeric,0.0024861711845865276,2,0.0,0.0,,,unlabelled,tier_0,stable
4,vb_V323,numeric,0.0031228175508078763,2,0.0,0.0,,,unlabelled,tier_0,stable
5,vb_V323,numeric,0.0003130648832683172,2,0.0,0.0,,,unlabelled,tier_0,stable
6,vb_V323,numeric,0.007938975623885767,2,0.0,0.0,,,unlabelled,tier_0,stable
0,vb_V324,numeric,0.003822751270401396,2,0.0,0.0,,,unlabelled,tier_0,stable
1,vb_V324,numeric,0.003266549186274424,2,0.0,0.0,,,unlabelled,tier_0,stable
2,vb_V324,numeric,0.003101348074848554,2,0.0,0.0,,,unlabelled,tier_0,stable
3,vb_V324,numeric,0.002720769563508506,2,0.0,0.0,,,unlabelled,tier_0,stable
4,vb_V324,numeric,0.0030233317476255892,2,0.0,0.0,,,unlabelled,tier_0,stable
5,vb_V324,numeric,0.0002770740107302281,2,0.0,0.0,,,unlabelled,tier_0,stable
6,vb_V324,numeric,0.007645524120047406,2,0.0,0.0,,,unlabelled,tier_0,stable
0,vb_V325,numeric,0.002642477710049561,2,0.0,0.0,,,unlabelled,tier_0,stable
1,vb_V325,numeric,0.0005490147577074015,2,0.0,0.0,,,unlabelled,tier_0,stable
2,vb_V325,numeric,0.002016175701138548,2,0.0,0.0,,,unlabelled,tier_0,stable
3,vb_V325,numeric,0.00030143802669530765,2,0.0,0.0,,,unlabelled,tier_0,stable
4,vb_V325,numeric,0.0005894302569917801,2,0.0,0.0,,,unlabelled,tier_0,stable
5,vb_V325,numeric,6.194096799248483e-05,2,0.0,0.0,,,unlabelled,tier_0,stable
6,vb_V325,numeric,0.0022764425776156823,2,0.0,0.0,,,unlabelled,tier_0,stable
0,vb_V326,numeric,0.000495003990537801,2,0.0,0.0,,,unlabelled,tier_0,stable
1,vb_V326,numeric,9.081103677550033e-06,2,0.0,0.0,,,unlabelled,tier_0,stable
2,vb_V326,numeric,0.0009340323058073601,2,0.0,0.0,,,unlabelled,tier_0,stable
3,vb_V326,numeric,5.474733777214836e-06,2,0.0,0.0,,,unlabelled,tier_0,stable
4,vb_V326,numeric,0.00023995539311744837,2,0.0,0.0,,,unlabelled,tier_0,stable
5,vb_V326,numeric,7.297190779351094e-08,2,0.0,0.0,,,unlabelled,tier_0,stable
6,vb_V326,numeric,0.0027159602564412575,2,0.0,0.0,,,unlabelled,tier_0,stable
0,vb_V327,numeric,0.0007002727686849907,2,0.0,0.0,,,unlabelled,tier_0,stable
1,vb_V327,numeric,1.7337424767919657e-05,2,0.0,0.0,,,unlabelled,tier_0,stable
2,vb_V327,numeric,0.0009240903382313268,2,0.0,0.0,,,unlabelled,tier_0,stable
3,vb_V327,numeric,3.820803275294974e-05,2,0.0,0.0,,,unlabelled,tier_0,stable
4,vb_V327,numeric,0.00015021294485283976,2,0.0,0.0,,,unlabelled,tier_0,stable
5,vb_V327,numeric,2.455529571207286e-05,2,0.0,0.0,,,unlabelled,tier_0,stable
6,vb_V327,numeric,0.0025542302839977192,2,0.0,0.0,,,unlabelled,tier_0,stable
0,vb_V328,numeric,0.001533840103369025,2,0.0,0.0,,,unlabelled,tier_0,stable
1,vb_V328,numeric,0.000801190849706776,2,0.0,0.0,,,unlabelled,tier_0,stable
2,vb_V328,numeric,0.0008655816412978064,2,0.0,0.0,,,unlabelled,tier_0,stable
3,vb_V328,numeric,0.0005363420787911618,2,0.0,0.0,,,unlabelled,tier_0,stable
4,vb_V328,numeric,0.0011822887399032052,2,0.0,0.0,,,unlabelled,tier_0,stable
5,vb_V328,numeric,0.0018322579576445681,2,0.0,0.0,,,unlabelled,tier_0,stable
6,vb_V328,numeric,0.009941833204885427,2,0.0,0.0,,,unlabelled,tier_0,stable
0,vb_V329,numeric,0.0013850181082625999,2,0.0,0.0,,,unlabelled,tier_0,stable
1,vb_V329,numeric,0.0005516914485858588,2,0.0,0.0,,,unlabelled,tier_0,stable
2,vb_V329,numeric,0.0006097242489655252,2,0.0,0.0,,,unlabelled,tier_0,stable
3,vb_V329,numeric,0.0003070715946787106,2,0.0,0.0,,,unlabelled,tier_0,stable
4,vb_V329,numeric,0.0007535627369568963,2,0.0,0.0,,,unlabelled,tier_0,stable
5,vb_V329,numeric,0.002158453864360679,2,0.0,0.0,,,unlabelled,tier_0,stable
6,vb_V329,numeric,0.009983541008149369,2,0.0,0.0,,,unlabelled,tier_0,stable
0,vb_V331,numeric,0.004670536352341944,2,0.0,0.0,,,unlabelled,tier_0,stable
1,vb_V331,numeric,0.004010150276319985,2,0.0,0.0,,,unlabelled,tier_0,stable
2,vb_V331,numeric,0.0034263323939513757,2,0.0,0.0,,,unlabelled,tier_0,stable
3,vb_V331,numeric,0.003584003950136807,2,0.0,0.0,,,unlabelled,tier_0,stable
4,vb_V331,numeric,0.003501184238013556,2,0.0,0.0,,,unlabelled,tier_0,stable
5,vb_V331,numeric,0.00029959564314983097,2,0.0,0.0,,,unlabelled,tier_0,stable
6,vb_V331,numeric,0.007091231940951996,2,0.0,0.0,,,unlabelled,tier_0,stable
0,vb_V332,numeric,0.0037589738014806116,2,0.0,0.0,,,unlabelled,tier_0,stable
1,vb_V332,numeric,0.0029457953098550953,2,0.0,0.0,,,unlabelled,tier_0,stable
2,vb_V332,numeric,0.003032107436025305,2,0.0,0.0,,,unlabelled,tier_0,stable
3,vb_V332,numeric,0.0024861711845865276,2,0.0,0.0,,,unlabelled,tier_0,stable
4,vb_V332,numeric,0.0031228175508078763,2,0.0,0.0,,,unlabelled,tier_0,stable
5,vb_V332,numeric,0.0003130648832683172,2,0.0,0.0,,,unlabelled,tier_0,stable
6,vb_V332,numeric,0.007938975623885767,2,0.0,0.0,,,unlabelled,tier_0,stable
0,vb_V334,numeric,0.002642477710049561,2,0.0,0.0,,,unlabelled,tier_0,stable
1,vb_V334,numeric,0.0005490147577074015,2,0.0,0.0,,,unlabelled,tier_0,stable
2,vb_V334,numeric,0.002016175701138548,2,0.0,0.0,,,unlabelled,tier_0,stable
3,vb_V334,numeric,0.00030143802669530765,2,0.0,0.0,,,unlabelled,tier_0,stable
4,vb_V334,numeric,0.0005894302569917801,2,0.0,0.0,,,unlabelled,tier_0,stable
5,vb_V334,numeric,6.194096799248483e-05,2,0.0,0.0,,,unlabelled,tier_0,stable
6,vb_V334,numeric,0.0022764425776156823,2,0.0,0.0,,,unlabelled,tier_0,stable
0,vb_V337,numeric,0.001533840103369025,2,0.0,0.0,,,unlabelled,tier_0,stable
1,vb_V337,numeric,0.000801190849706776,2,0.0,0.0,,,unlabelled,tier_0,stable
2,vb_V337,numeric,0.0008655816412978064,2,0.0,0.0,,,unlabelled,tier_0,stable
3,vb_V337,numeric,0.0005363420787911618,2,0.0,0.0,,,unlabelled,tier_0,stable
4,vb_V337,numeric,0.0011822887399032052,2,0.0,0.0,,,unlabelled,tier_0,stable
5,vb_V337,numeric,0.0018322579576445681,2,0.0,0.0,,,unlabelled,tier_0,stable
6,vb_V337,numeric,0.009941833204885427,2,0.0,0.0,,,unlabelled,tier_0,stable
0,vb_V338,numeric,0.0013850181082625999,2,0.0,0.0,,,unlabelled,tier_0,stable
1,vb_V338,numeric,0.0005516914485858588,2,0.0,0.0,,,unlabelled,tier_0,stable
2,vb_V338,numeric,0.0006097242489655252,2,0.0,0.0,,,unlabelled,tier_0,stable
3,vb_V338,numeric,0.0003070715946787106,2,0.0,0.0,,,unlabelled,tier_0,stable
4,vb_V338,numeric,0.0007535627369568963,2,0.0,0.0,,,unlabelled,tier_0,stable
5,vb_V338,numeric,0.002158453864360679,2,0.0,0.0,,,unlabelled,tier_0,stable
6,vb_V338,numeric,0.009983541008149369,2,0.0,0.0,,,unlabelled,tier_0,stable
0,vb_present_V1,numeric,0.5294445102489787,2,0.0,0.0,,,unlabelled,tier_0,significant
1,vb_present_V1,numeric,0.5116191896359799,2,0.0,0.0,,,unlabelled,tier_0,significant
2,vb_present_V1,numeric,0.5506678466103151,2,0.0,0.0,,,unlabelled,tier_0,significant
3,vb_present_V1,numeric,0.3620626495280056,2,0.0,0.0,,,unlabelled,tier_0,significant
4,vb_present_V1,numeric,0.3830855435442851,2,0.0,0.0,,,unlabelled,tier_0,significant
5,vb_present_V1,numeric,0.1885586895025571,2,0.0,0.0,,,unlabelled,tier_0,moderate
6,vb_present_V1,numeric,0.0028203953841405074,2,0.0,0.0,,,unlabelled,tier_0,stable
0,vb_present_V12,numeric,0.09984868447647878,2,0.0,0.0,,,unlabelled,tier_0,stable
1,vb_present_V12,numeric,0.08942885462590948,2,0.0,0.0,,,unlabelled,tier_0,stable
2,vb_present_V12,numeric,0.3857519279000356,2,0.0,0.0,,,unlabelled,tier_0,significant
3,vb_present_V12,numeric,0.7400459409854983,2,0.0,0.0,,,unlabelled,tier_0,significant
4,vb_present_V12,numeric,0.8945854448814922,2,0.0,0.0,,,unlabelled,tier_0,significant
5,vb_present_V12,numeric,0.7874980654353518,2,0.0,0.0,,,unlabelled,tier_0,significant
6,vb_present_V12,numeric,0.720486405834562,2,0.0,0.0,,,unlabelled,tier_0,significant
0,vb_present_V35,numeric,0.07358675686025214,2,0.0,0.0,,,unlabelled,tier_0,stable
1,vb_present_V35,numeric,0.06904547452678772,2,0.0,0.0,,,unlabelled,tier_0,stable
2,vb_present_V35,numeric,0.17286116393164908,2,0.0,0.0,,,unlabelled,tier_0,moderate
3,vb_present_V35,numeric,0.19035029436177553,2,0.0,0.0,,,unlabelled,tier_0,moderate
4,vb_present_V35,numeric,0.2158203808237042,2,0.0,0.0,,,unlabelled,tier_0,moderate
5,vb_present_V35,numeric,0.2244247859349676,2,0.0,0.0,,,unlabelled,tier_0,moderate
6,vb_present_V35,numeric,0.3977136933707713,2,0.0,0.0,,,unlabelled,tier_0,significant
0,vb_present_V53,numeric,0.09396611200675879,2,0.0,0.0,,,unlabelled,tier_0,stable
1,vb_present_V53,numeric,0.08494057957820464,2,0.0,0.0,,,unlabelled,tier_0,stable
2,vb_present_V53,numeric,0.3879901909664785,2,0.0,0.0,,,unlabelled,tier_0,significant
3,vb_present_V53,numeric,0.7420857777270127,2,0.0,0.0,,,unlabelled,tier_0,significant
4,vb_present_V53,numeric,0.960461726778134,2,0.0,0.0,,,unlabelled,tier_0,significant
5,vb_present_V53,numeric,0.9952375797263909,2,0.0,0.0,,,unlabelled,tier_0,significant
6,vb_present_V53,numeric,1.0227100916334155,2,0.0,0.0,,,unlabelled,tier_0,significant
0,vb_present_V75,numeric,0.12845755365513806,2,0.0,0.0,,,unlabelled,tier_0,moderate
1,vb_present_V75,numeric,0.11860185169983009,2,0.0,0.0,,,unlabelled,tier_0,moderate
2,vb_present_V75,numeric,0.45652666507703027,2,0.0,0.0,,,unlabelled,tier_0,significant
3,vb_present_V75,numeric,0.7256679521437835,2,0.0,0.0,,,unlabelled,tier_0,significant
4,vb_present_V75,numeric,1.0149041092039446,2,0.0,0.0,,,unlabelled,tier_0,significant
5,vb_present_V75,numeric,1.0214641298138378,2,0.0,0.0,,,unlabelled,tier_0,significant
6,vb_present_V75,numeric,1.127560476330655,2,0.0,0.0,,,unlabelled,tier_0,significant
0,vb_present_V167,numeric,0.06059048926487638,2,0.0,0.0,,,unlabelled,tier_0,stable
1,vb_present_V167,numeric,0.05756142719717078,2,0.0,0.0,,,unlabelled,tier_0,stable
2,vb_present_V167,numeric,0.0680256581377881,2,0.0,0.0,,,unlabelled,tier_0,stable
3,vb_present_V167,numeric,0.015671626987502796,2,0.0,0.0,,,unlabelled,tier_0,stable
4,vb_present_V167,numeric,0.0037204821372455463,2,0.0,0.0,,,unlabelled,tier_0,stable
5,vb_present_V167,numeric,0.019475383243656302,2,0.0,0.0,,,unlabelled,tier_0,stable
6,vb_present_V167,numeric,0.2657362646195124,2,0.0,0.0,,,unlabelled,tier_0,significant
